[
  {
    "seed": 2544
  },
  {
    "seed": 4015
  },
  {
    "seed": 5639
  },
  {
    "seed": 5705
  },
  {
    "seed": 6196
  },
  {
    "seed": 6850
  },
  {
    "seed": 9786
  },
  {
    "seed": 9936
  },
  {
    "seed": 9968
  },
  {
    "seed": 12262
  },
  {
    "seed": 14727
  },
  {
    "seed": 18398
  },
  {
    "seed": 21926
  },
  {
    "seed": 28557
  },
  {
    "seed": 28936
  },
  {
    "seed": 29491
  },
  {
    "seed": 32189
  },
  {
    "seed": 32733
  },
  {
    "seed": 36045
  },
  {
    "seed": 37021
  },
  {
    "seed": 41921
  },
  {
    "seed": 45951
  },
  {
    "seed": 47140
  },
  {
    "seed": 48388
  },
  {
    "seed": 49014
  },
  {
    "seed": 49092
  },
  {
    "seed": 51233
  },
  {
    "seed": 52830
  },
  {
    "seed": 53717
  },
  {
    "seed": 54756
  },
  {
    "seed": 55620
  },
  {
    "seed": 56192
  },
  {
    "seed": 58272
  },
  {
    "seed": 60110
  },
  {
    "seed": 62714
  },
  {
    "seed": 63714
  },
  {
    "seed": 66610
  },
  {
    "seed": 72059
  },
  {
    "seed": 73705
  },
  {
    "seed": 73790
  },
  {
    "seed": 75569
  },
  {
    "seed": 75804
  },
  {
    "seed": 76023
  },
  {
    "seed": 76232
  },
  {
    "seed": 79943
  },
  {
    "seed": 80300
  },
  {
    "seed": 81838
  },
  {
    "seed": 82724
  },
  {
    "seed": 88735
  },
  {
    "seed": 90959
  },
  {
    "seed": 91019
  },
  {
    "seed": 91950
  },
  {
    "seed": 92981
  },
  {
    "seed": 94999
  },
  {
    "seed": 99733
  }
]