[ { "seed": 1091 },{ "seed": 2615 },{ "seed": 5061 },{ "seed": 18689 },{ "seed": 20539 },{ "seed": 23484 },{ "seed": 40436 },{ "seed": 44469 },{ "seed": 45465 },{ "seed": 47546 },{ "seed": 47910 },{ "seed": 50865 },{ "seed": 55841 },{ "seed": 57177 },{ "seed": 59883 },{ "seed": 61845 },{ "seed": 63060 },{ "seed": 72259 },{ "seed": 72305 },{ "seed": 79352 },{ "seed": 83708 },{ "seed": 86757 },{ "seed": 89644 },{ "seed": 90063 },{ "seed": 90491 },{ "seed": 92800 },{ "seed": 93791 },{ "seed": 96992 } ]