[ { "seed": 4 },{ "seed": 24 },{ "seed": 25 },{ "seed": 71 },{ "seed": 167 },{ "seed": 168 },{ "seed": 209 },{ "seed": 215 },{ "seed": 261 },{ "seed": 282 },{ "seed": 290 },{ "seed": 308 },{ "seed": 323 },{ "seed": 324 },{ "seed": 342 },{ "seed": 364 },{ "seed": 372 },{ "seed": 419 },{ "seed": 451 },{ "seed": 475 },{ "seed": 555 },{ "seed": 604 },{ "seed": 624 },{ "seed": 644 },{ "seed": 661 },{ "seed": 670 },{ "seed": 698 },{ "seed": 707 },{ "seed": 720 },{ "seed": 722 },{ "seed": 734 },{ "seed": 741 },{ "seed": 774 },{ "seed": 783 },{ "seed": 795 },{ "seed": 867 },{ "seed": 883 },{ "seed": 899 },{ "seed": 944 },{ "seed": 978 },{ "seed": 984 },{ "seed": 988 },{ "seed": 991 },{ "seed": 998 },{ "seed": 1016 },{ "seed": 1113 },{ "seed": 1136 },{ "seed": 1168 },{ "seed": 1172 },{ "seed": 1173 },{ "seed": 1174 },{ "seed": 1182 },{ "seed": 1195 },{ "seed": 1198 },{ "seed": 1238 },{ "seed": 1246 },{ "seed": 1281 },{ "seed": 1296 },{ "seed": 1308 },{ "seed": 1312 },{ "seed": 1321 },{ "seed": 1331 },{ "seed": 1342 },{ "seed": 1386 },{ "seed": 1402 },{ "seed": 1430 },{ "seed": 1431 },{ "seed": 1512 },{ "seed": 1518 },{ "seed": 1520 },{ "seed": 1555 },{ "seed": 1561 },{ "seed": 1562 },{ "seed": 1564 },{ "seed": 1613 },{ "seed": 1629 },{ "seed": 1733 },{ "seed": 1767 },{ "seed": 1773 },{ "seed": 1805 },{ "seed": 1815 },{ "seed": 1822 },{ "seed": 1826 },{ "seed": 1828 },{ "seed": 1888 },{ "seed": 1917 },{ "seed": 1919 },{ "seed": 2036 },{ "seed": 2064 },{ "seed": 2126 },{ "seed": 2150 },{ "seed": 2158 },{ "seed": 2159 },{ "seed": 2165 },{ "seed": 2194 },{ "seed": 2204 },{ "seed": 2227 },{ "seed": 2269 },{ "seed": 2283 },{ "seed": 2314 },{ "seed": 2317 },{ "seed": 2366 },{ "seed": 2371 },{ "seed": 2374 },{ "seed": 2416 },{ "seed": 2438 },{ "seed": 2441 },{ "seed": 2443 },{ "seed": 2444 },{ "seed": 2464 },{ "seed": 2469 },{ "seed": 2478 },{ "seed": 2553 },{ "seed": 2558 },{ "seed": 2560 },{ "seed": 2586 },{ "seed": 2587 },{ "seed": 2602 },{ "seed": 2621 },{ "seed": 2643 },{ "seed": 2678 },{ "seed": 2694 },{ "seed": 2745 },{ "seed": 2749 },{ "seed": 2789 },{ "seed": 2834 },{ "seed": 2865 },{ "seed": 2870 },{ "seed": 2890 },{ "seed": 2897 },{ "seed": 2922 },{ "seed": 2926 },{ "seed": 2972 },{ "seed": 3020 },{ "seed": 3024 },{ "seed": 3027 },{ "seed": 3032 },{ "seed": 3043 },{ "seed": 3054 },{ "seed": 3100 },{ "seed": 3101 },{ "seed": 3119 },{ "seed": 3134 },{ "seed": 3136 },{ "seed": 3222 },{ "seed": 3231 },{ "seed": 3237 },{ "seed": 3269 },{ "seed": 3272 },{ "seed": 3283 },{ "seed": 3314 },{ "seed": 3367 },{ "seed": 3371 },{ "seed": 3394 },{ "seed": 3404 },{ "seed": 3427 },{ "seed": 3459 },{ "seed": 3484 },{ "seed": 3505 },{ "seed": 3516 },{ "seed": 3520 },{ "seed": 3523 },{ "seed": 3524 },{ "seed": 3547 },{ "seed": 3570 },{ "seed": 3577 },{ "seed": 3580 },{ "seed": 3583 },{ "seed": 3589 },{ "seed": 3591 },{ "seed": 3610 },{ "seed": 3643 },{ "seed": 3658 },{ "seed": 3664 },{ "seed": 3734 },{ "seed": 3754 },{ "seed": 3778 },{ "seed": 3783 },{ "seed": 3801 },{ "seed": 3804 },{ "seed": 3889 },{ "seed": 3892 },{ "seed": 3924 },{ "seed": 3940 },{ "seed": 3968 },{ "seed": 3997 },{ "seed": 4004 },{ "seed": 4032 },{ "seed": 4059 },{ "seed": 4158 },{ "seed": 4197 },{ "seed": 4204 },{ "seed": 4217 },{ "seed": 4218 },{ "seed": 4242 },{ "seed": 4300 },{ "seed": 4334 },{ "seed": 4369 },{ "seed": 4408 },{ "seed": 4409 },{ "seed": 4422 },{ "seed": 4423 },{ "seed": 4436 },{ "seed": 4446 },{ "seed": 4476 },{ "seed": 4477 },{ "seed": 4500 },{ "seed": 4514 },{ "seed": 4548 },{ "seed": 4552 },{ "seed": 4575 },{ "seed": 4585 },{ "seed": 4665 },{ "seed": 4670 },{ "seed": 4680 },{ "seed": 4698 },{ "seed": 4705 },{ "seed": 4720 },{ "seed": 4734 },{ "seed": 4770 },{ "seed": 4773 },{ "seed": 4779 },{ "seed": 4790 },{ "seed": 4840 },{ "seed": 4861 },{ "seed": 4875 },{ "seed": 4905 },{ "seed": 4914 },{ "seed": 4930 },{ "seed": 4954 },{ "seed": 4978 },{ "seed": 4999 },{ "seed": 5007 },{ "seed": 5029 },{ "seed": 5057 },{ "seed": 5171 },{ "seed": 5247 },{ "seed": 5252 },{ "seed": 5268 },{ "seed": 5344 },{ "seed": 5354 },{ "seed": 5476 },{ "seed": 5519 },{ "seed": 5539 },{ "seed": 5579 },{ "seed": 5603 },{ "seed": 5625 },{ "seed": 5636 },{ "seed": 5654 },{ "seed": 5657 },{ "seed": 5670 },{ "seed": 5683 },{ "seed": 5726 },{ "seed": 5750 },{ "seed": 5759 },{ "seed": 5762 },{ "seed": 5776 },{ "seed": 5839 },{ "seed": 5852 },{ "seed": 5871 },{ "seed": 5877 },{ "seed": 5913 },{ "seed": 5923 },{ "seed": 5924 },{ "seed": 5934 },{ "seed": 5946 },{ "seed": 5966 },{ "seed": 6011 },{ "seed": 6057 },{ "seed": 6087 },{ "seed": 6089 },{ "seed": 6135 },{ "seed": 6137 },{ "seed": 6151 },{ "seed": 6170 },{ "seed": 6192 },{ "seed": 6194 },{ "seed": 6222 },{ "seed": 6225 },{ "seed": 6227 },{ "seed": 6270 },{ "seed": 6289 },{ "seed": 6300 },{ "seed": 6372 },{ "seed": 6383 },{ "seed": 6397 },{ "seed": 6398 },{ "seed": 6407 },{ "seed": 6429 },{ "seed": 6433 },{ "seed": 6435 },{ "seed": 6447 },{ "seed": 6470 },{ "seed": 6537 },{ "seed": 6566 },{ "seed": 6605 },{ "seed": 6639 },{ "seed": 6643 },{ "seed": 6647 },{ "seed": 6661 },{ "seed": 6678 },{ "seed": 6702 },{ "seed": 6754 },{ "seed": 6835 },{ "seed": 6845 },{ "seed": 6847 },{ "seed": 6852 },{ "seed": 6888 },{ "seed": 6895 },{ "seed": 6903 },{ "seed": 6931 },{ "seed": 6969 },{ "seed": 7009 },{ "seed": 7027 },{ "seed": 7038 },{ "seed": 7064 },{ "seed": 7085 },{ "seed": 7108 },{ "seed": 7114 },{ "seed": 7141 },{ "seed": 7159 },{ "seed": 7170 },{ "seed": 7227 },{ "seed": 7294 },{ "seed": 7329 },{ "seed": 7342 },{ "seed": 7347 },{ "seed": 7353 },{ "seed": 7375 },{ "seed": 7396 },{ "seed": 7425 },{ "seed": 7427 },{ "seed": 7435 },{ "seed": 7446 },{ "seed": 7451 },{ "seed": 7468 },{ "seed": 7482 },{ "seed": 7486 },{ "seed": 7490 },{ "seed": 7537 },{ "seed": 7553 },{ "seed": 7567 },{ "seed": 7582 },{ "seed": 7585 },{ "seed": 7595 },{ "seed": 7624 },{ "seed": 7668 },{ "seed": 7700 },{ "seed": 7712 },{ "seed": 7798 },{ "seed": 7834 },{ "seed": 7939 },{ "seed": 7946 },{ "seed": 7956 },{ "seed": 7961 },{ "seed": 7970 },{ "seed": 7971 },{ "seed": 7977 },{ "seed": 7989 },{ "seed": 8036 },{ "seed": 8048 },{ "seed": 8060 },{ "seed": 8077 },{ "seed": 8143 },{ "seed": 8206 },{ "seed": 8224 },{ "seed": 8254 },{ "seed": 8263 },{ "seed": 8277 },{ "seed": 8312 },{ "seed": 8323 },{ "seed": 8333 },{ "seed": 8360 },{ "seed": 8379 },{ "seed": 8390 },{ "seed": 8408 },{ "seed": 8440 },{ "seed": 8455 },{ "seed": 8456 },{ "seed": 8464 },{ "seed": 8537 },{ "seed": 8582 },{ "seed": 8588 },{ "seed": 8601 },{ "seed": 8624 },{ "seed": 8730 },{ "seed": 8757 },{ "seed": 8799 },{ "seed": 8881 },{ "seed": 8888 },{ "seed": 8891 },{ "seed": 8892 },{ "seed": 8896 },{ "seed": 8897 },{ "seed": 8920 },{ "seed": 8941 },{ "seed": 8950 },{ "seed": 8971 },{ "seed": 8993 },{ "seed": 8996 },{ "seed": 9008 },{ "seed": 9031 },{ "seed": 9048 },{ "seed": 9134 },{ "seed": 9150 },{ "seed": 9152 },{ "seed": 9182 },{ "seed": 9234 },{ "seed": 9244 },{ "seed": 9262 },{ "seed": 9281 },{ "seed": 9317 },{ "seed": 9376 },{ "seed": 9452 },{ "seed": 9460 },{ "seed": 9469 },{ "seed": 9472 },{ "seed": 9521 },{ "seed": 9542 },{ "seed": 9547 },{ "seed": 9555 },{ "seed": 9564 },{ "seed": 9577 },{ "seed": 9593 },{ "seed": 9653 },{ "seed": 9695 },{ "seed": 9711 },{ "seed": 9723 },{ "seed": 9743 },{ "seed": 9769 },{ "seed": 9777 },{ "seed": 9794 },{ "seed": 9795 },{ "seed": 9830 },{ "seed": 9867 },{ "seed": 9878 },{ "seed": 9892 },{ "seed": 9910 },{ "seed": 9939 },{ "seed": 9945 },{ "seed": 9952 },{ "seed": 9976 },{ "seed": 10009 },{ "seed": 10019 },{ "seed": 10053 },{ "seed": 10088 },{ "seed": 10163 },{ "seed": 10175 },{ "seed": 10196 },{ "seed": 10208 },{ "seed": 10219 },{ "seed": 10230 },{ "seed": 10265 },{ "seed": 10301 },{ "seed": 10313 },{ "seed": 10315 },{ "seed": 10357 },{ "seed": 10370 },{ "seed": 10388 },{ "seed": 10409 },{ "seed": 10435 },{ "seed": 10474 },{ "seed": 10515 },{ "seed": 10562 },{ "seed": 10570 },{ "seed": 10577 },{ "seed": 10617 },{ "seed": 10624 },{ "seed": 10656 },{ "seed": 10668 },{ "seed": 10675 },{ "seed": 10683 },{ "seed": 10693 },{ "seed": 10701 },{ "seed": 10790 },{ "seed": 10807 },{ "seed": 10832 },{ "seed": 10840 },{ "seed": 10887 },{ "seed": 10896 },{ "seed": 10935 },{ "seed": 10946 },{ "seed": 10964 },{ "seed": 10975 },{ "seed": 11077 },{ "seed": 11090 },{ "seed": 11108 },{ "seed": 11119 },{ "seed": 11138 },{ "seed": 11175 },{ "seed": 11188 },{ "seed": 11191 },{ "seed": 11210 },{ "seed": 11221 },{ "seed": 11224 },{ "seed": 11230 },{ "seed": 11233 },{ "seed": 11244 },{ "seed": 11252 },{ "seed": 11257 },{ "seed": 11262 },{ "seed": 11292 },{ "seed": 11315 },{ "seed": 11328 },{ "seed": 11345 },{ "seed": 11348 },{ "seed": 11370 },{ "seed": 11395 },{ "seed": 11415 },{ "seed": 11435 },{ "seed": 11436 },{ "seed": 11443 },{ "seed": 11459 },{ "seed": 11524 },{ "seed": 11526 },{ "seed": 11592 },{ "seed": 11596 },{ "seed": 11601 },{ "seed": 11675 },{ "seed": 11683 },{ "seed": 11688 },{ "seed": 11724 },{ "seed": 11752 },{ "seed": 11758 },{ "seed": 11780 },{ "seed": 11829 },{ "seed": 11850 },{ "seed": 11865 },{ "seed": 11894 },{ "seed": 11897 },{ "seed": 11908 },{ "seed": 11967 },{ "seed": 12000 },{ "seed": 12024 },{ "seed": 12036 },{ "seed": 12066 },{ "seed": 12078 },{ "seed": 12081 },{ "seed": 12084 },{ "seed": 12086 },{ "seed": 12166 },{ "seed": 12195 },{ "seed": 12232 },{ "seed": 12251 },{ "seed": 12254 },{ "seed": 12266 },{ "seed": 12300 },{ "seed": 12325 },{ "seed": 12510 },{ "seed": 12586 },{ "seed": 12588 },{ "seed": 12643 },{ "seed": 12648 },{ "seed": 12668 },{ "seed": 12698 },{ "seed": 12750 },{ "seed": 12755 },{ "seed": 12756 },{ "seed": 12800 },{ "seed": 12820 },{ "seed": 12863 },{ "seed": 12883 },{ "seed": 12911 },{ "seed": 12921 },{ "seed": 12934 },{ "seed": 12975 },{ "seed": 13006 },{ "seed": 13051 },{ "seed": 13068 },{ "seed": 13081 },{ "seed": 13134 },{ "seed": 13138 },{ "seed": 13142 },{ "seed": 13160 },{ "seed": 13163 },{ "seed": 13169 },{ "seed": 13220 },{ "seed": 13231 },{ "seed": 13232 },{ "seed": 13250 },{ "seed": 13273 },{ "seed": 13280 },{ "seed": 13286 },{ "seed": 13288 },{ "seed": 13291 },{ "seed": 13315 },{ "seed": 13347 },{ "seed": 13429 },{ "seed": 13442 },{ "seed": 13485 },{ "seed": 13523 },{ "seed": 13530 },{ "seed": 13573 },{ "seed": 13606 },{ "seed": 13615 },{ "seed": 13635 },{ "seed": 13693 },{ "seed": 13695 },{ "seed": 13707 },{ "seed": 13760 },{ "seed": 13778 },{ "seed": 13782 },{ "seed": 13790 },{ "seed": 13814 },{ "seed": 13815 },{ "seed": 13856 },{ "seed": 13864 },{ "seed": 13867 },{ "seed": 13879 },{ "seed": 13882 },{ "seed": 13893 },{ "seed": 13896 },{ "seed": 13944 },{ "seed": 13951 },{ "seed": 13962 },{ "seed": 13971 },{ "seed": 13976 },{ "seed": 13993 },{ "seed": 13995 },{ "seed": 14004 },{ "seed": 14007 },{ "seed": 14022 },{ "seed": 14032 },{ "seed": 14053 },{ "seed": 14055 },{ "seed": 14059 },{ "seed": 14061 },{ "seed": 14088 },{ "seed": 14131 },{ "seed": 14173 },{ "seed": 14233 },{ "seed": 14251 },{ "seed": 14264 },{ "seed": 14274 },{ "seed": 14281 },{ "seed": 14335 },{ "seed": 14358 },{ "seed": 14390 },{ "seed": 14432 },{ "seed": 14436 },{ "seed": 14468 },{ "seed": 14471 },{ "seed": 14517 },{ "seed": 14525 },{ "seed": 14581 },{ "seed": 14671 },{ "seed": 14729 },{ "seed": 14752 },{ "seed": 14753 },{ "seed": 14818 },{ "seed": 14819 },{ "seed": 14849 },{ "seed": 14853 },{ "seed": 14876 },{ "seed": 14879 },{ "seed": 14886 },{ "seed": 14908 },{ "seed": 14917 },{ "seed": 14970 },{ "seed": 15008 },{ "seed": 15039 },{ "seed": 15104 },{ "seed": 15108 },{ "seed": 15120 },{ "seed": 15146 },{ "seed": 15155 },{ "seed": 15156 },{ "seed": 15157 },{ "seed": 15184 },{ "seed": 15205 },{ "seed": 15265 },{ "seed": 15307 },{ "seed": 15389 },{ "seed": 15491 },{ "seed": 15526 },{ "seed": 15556 },{ "seed": 15615 },{ "seed": 15673 },{ "seed": 15693 },{ "seed": 15749 },{ "seed": 15752 },{ "seed": 15833 },{ "seed": 15896 },{ "seed": 15929 },{ "seed": 15999 },{ "seed": 16003 },{ "seed": 16004 },{ "seed": 16098 },{ "seed": 16109 },{ "seed": 16134 },{ "seed": 16142 },{ "seed": 16158 },{ "seed": 16167 },{ "seed": 16211 },{ "seed": 16224 },{ "seed": 16225 },{ "seed": 16233 },{ "seed": 16283 },{ "seed": 16309 },{ "seed": 16376 },{ "seed": 16440 },{ "seed": 16488 },{ "seed": 16548 },{ "seed": 16568 },{ "seed": 16588 },{ "seed": 16592 },{ "seed": 16605 },{ "seed": 16609 },{ "seed": 16643 },{ "seed": 16661 },{ "seed": 16676 },{ "seed": 16687 },{ "seed": 16693 },{ "seed": 16694 },{ "seed": 16697 },{ "seed": 16703 },{ "seed": 16724 },{ "seed": 16727 },{ "seed": 16730 },{ "seed": 16737 },{ "seed": 16755 },{ "seed": 16784 },{ "seed": 16788 },{ "seed": 16792 },{ "seed": 16836 },{ "seed": 16840 },{ "seed": 16866 },{ "seed": 16871 },{ "seed": 16882 },{ "seed": 16889 },{ "seed": 16918 },{ "seed": 16927 },{ "seed": 16954 },{ "seed": 16959 },{ "seed": 16973 },{ "seed": 16982 },{ "seed": 17006 },{ "seed": 17012 },{ "seed": 17026 },{ "seed": 17061 },{ "seed": 17099 },{ "seed": 17144 },{ "seed": 17166 },{ "seed": 17180 },{ "seed": 17184 },{ "seed": 17192 },{ "seed": 17212 },{ "seed": 17214 },{ "seed": 17221 },{ "seed": 17249 },{ "seed": 17270 },{ "seed": 17307 },{ "seed": 17332 },{ "seed": 17346 },{ "seed": 17373 },{ "seed": 17376 },{ "seed": 17393 },{ "seed": 17523 },{ "seed": 17559 },{ "seed": 17564 },{ "seed": 17622 },{ "seed": 17672 },{ "seed": 17682 },{ "seed": 17708 },{ "seed": 17734 },{ "seed": 17735 },{ "seed": 17753 },{ "seed": 17758 },{ "seed": 17806 },{ "seed": 17816 },{ "seed": 17838 },{ "seed": 17854 },{ "seed": 17893 },{ "seed": 17895 },{ "seed": 17901 },{ "seed": 17902 },{ "seed": 17909 },{ "seed": 17922 },{ "seed": 17970 },{ "seed": 17973 },{ "seed": 18016 },{ "seed": 18106 },{ "seed": 18211 },{ "seed": 18213 },{ "seed": 18217 },{ "seed": 18223 },{ "seed": 18248 },{ "seed": 18266 },{ "seed": 18272 },{ "seed": 18282 },{ "seed": 18300 },{ "seed": 18333 },{ "seed": 18355 },{ "seed": 18370 },{ "seed": 18436 },{ "seed": 18452 },{ "seed": 18469 },{ "seed": 18480 },{ "seed": 18533 },{ "seed": 18560 },{ "seed": 18564 },{ "seed": 18593 },{ "seed": 18604 },{ "seed": 18617 },{ "seed": 18659 },{ "seed": 18736 },{ "seed": 18748 },{ "seed": 18773 },{ "seed": 18778 },{ "seed": 18782 },{ "seed": 18828 },{ "seed": 18854 },{ "seed": 18875 },{ "seed": 18887 },{ "seed": 18894 },{ "seed": 18919 },{ "seed": 18928 },{ "seed": 19009 },{ "seed": 19012 },{ "seed": 19031 },{ "seed": 19044 },{ "seed": 19057 },{ "seed": 19090 },{ "seed": 19140 },{ "seed": 19157 },{ "seed": 19232 },{ "seed": 19304 },{ "seed": 19321 },{ "seed": 19328 },{ "seed": 19360 },{ "seed": 19372 },{ "seed": 19393 },{ "seed": 19453 },{ "seed": 19462 },{ "seed": 19495 },{ "seed": 19497 },{ "seed": 19521 },{ "seed": 19523 },{ "seed": 19558 },{ "seed": 19559 },{ "seed": 19599 },{ "seed": 19612 },{ "seed": 19620 },{ "seed": 19673 },{ "seed": 19677 },{ "seed": 19684 },{ "seed": 19705 },{ "seed": 19717 },{ "seed": 19754 },{ "seed": 19782 },{ "seed": 19786 },{ "seed": 19794 },{ "seed": 19822 },{ "seed": 19854 },{ "seed": 19864 },{ "seed": 19882 },{ "seed": 19930 },{ "seed": 19966 },{ "seed": 20047 },{ "seed": 20049 },{ "seed": 20059 },{ "seed": 20062 },{ "seed": 20100 },{ "seed": 20101 },{ "seed": 20127 },{ "seed": 20137 },{ "seed": 20141 },{ "seed": 20185 },{ "seed": 20193 },{ "seed": 20271 },{ "seed": 20276 },{ "seed": 20305 },{ "seed": 20309 },{ "seed": 20379 },{ "seed": 20395 },{ "seed": 20396 },{ "seed": 20399 },{ "seed": 20400 },{ "seed": 20491 },{ "seed": 20494 },{ "seed": 20509 },{ "seed": 20524 },{ "seed": 20533 },{ "seed": 20551 },{ "seed": 20552 },{ "seed": 20553 },{ "seed": 20559 },{ "seed": 20561 },{ "seed": 20572 },{ "seed": 20578 },{ "seed": 20581 },{ "seed": 20584 },{ "seed": 20601 },{ "seed": 20623 },{ "seed": 20626 },{ "seed": 20733 },{ "seed": 20752 },{ "seed": 20760 },{ "seed": 20779 },{ "seed": 20787 },{ "seed": 20816 },{ "seed": 20824 },{ "seed": 20850 },{ "seed": 20857 },{ "seed": 20859 },{ "seed": 20864 },{ "seed": 20890 },{ "seed": 20910 },{ "seed": 20975 },{ "seed": 21000 },{ "seed": 21003 },{ "seed": 21012 },{ "seed": 21025 },{ "seed": 21039 },{ "seed": 21058 },{ "seed": 21068 },{ "seed": 21078 },{ "seed": 21096 },{ "seed": 21122 },{ "seed": 21133 },{ "seed": 21134 },{ "seed": 21156 },{ "seed": 21232 },{ "seed": 21237 },{ "seed": 21288 },{ "seed": 21296 },{ "seed": 21301 },{ "seed": 21360 },{ "seed": 21364 },{ "seed": 21378 },{ "seed": 21381 },{ "seed": 21390 },{ "seed": 21447 },{ "seed": 21479 },{ "seed": 21486 },{ "seed": 21501 },{ "seed": 21522 },{ "seed": 21526 },{ "seed": 21551 },{ "seed": 21577 },{ "seed": 21597 },{ "seed": 21602 },{ "seed": 21675 },{ "seed": 21685 },{ "seed": 21696 },{ "seed": 21707 },{ "seed": 21725 },{ "seed": 21747 },{ "seed": 21751 },{ "seed": 21762 },{ "seed": 21777 },{ "seed": 21781 },{ "seed": 21800 },{ "seed": 21831 },{ "seed": 21876 },{ "seed": 21886 },{ "seed": 21896 },{ "seed": 21898 },{ "seed": 21906 },{ "seed": 21922 },{ "seed": 21985 },{ "seed": 21995 },{ "seed": 22031 },{ "seed": 22033 },{ "seed": 22061 },{ "seed": 22095 },{ "seed": 22123 },{ "seed": 22137 },{ "seed": 22138 },{ "seed": 22172 },{ "seed": 22212 },{ "seed": 22235 },{ "seed": 22271 },{ "seed": 22318 },{ "seed": 22347 },{ "seed": 22366 },{ "seed": 22381 },{ "seed": 22389 },{ "seed": 22390 },{ "seed": 22396 },{ "seed": 22425 },{ "seed": 22427 },{ "seed": 22432 },{ "seed": 22457 },{ "seed": 22489 },{ "seed": 22492 },{ "seed": 22501 },{ "seed": 22503 },{ "seed": 22557 },{ "seed": 22584 },{ "seed": 22611 },{ "seed": 22628 },{ "seed": 22652 },{ "seed": 22687 },{ "seed": 22691 },{ "seed": 22751 },{ "seed": 22769 },{ "seed": 22786 },{ "seed": 22798 },{ "seed": 22809 },{ "seed": 22811 },{ "seed": 22812 },{ "seed": 22823 },{ "seed": 22853 },{ "seed": 22870 },{ "seed": 22889 },{ "seed": 22893 },{ "seed": 22935 },{ "seed": 22956 },{ "seed": 22983 },{ "seed": 22986 },{ "seed": 23009 },{ "seed": 23098 },{ "seed": 23104 },{ "seed": 23139 },{ "seed": 23220 },{ "seed": 23235 },{ "seed": 23276 },{ "seed": 23297 },{ "seed": 23316 },{ "seed": 23318 },{ "seed": 23325 },{ "seed": 23340 },{ "seed": 23348 },{ "seed": 23382 },{ "seed": 23395 },{ "seed": 23429 },{ "seed": 23435 },{ "seed": 23436 },{ "seed": 23447 },{ "seed": 23512 },{ "seed": 23528 },{ "seed": 23564 },{ "seed": 23591 },{ "seed": 23593 },{ "seed": 23627 },{ "seed": 23648 },{ "seed": 23706 },{ "seed": 23720 },{ "seed": 23731 },{ "seed": 23734 },{ "seed": 23735 },{ "seed": 23746 },{ "seed": 23764 },{ "seed": 23787 },{ "seed": 23834 },{ "seed": 23835 },{ "seed": 23848 },{ "seed": 23852 },{ "seed": 23855 },{ "seed": 23867 },{ "seed": 23912 },{ "seed": 23925 },{ "seed": 23942 },{ "seed": 23981 },{ "seed": 23985 },{ "seed": 23999 },{ "seed": 24001 },{ "seed": 24031 },{ "seed": 24047 },{ "seed": 24069 },{ "seed": 24129 },{ "seed": 24144 },{ "seed": 24147 },{ "seed": 24172 },{ "seed": 24176 },{ "seed": 24218 },{ "seed": 24230 },{ "seed": 24231 },{ "seed": 24233 },{ "seed": 24251 },{ "seed": 24256 },{ "seed": 24295 },{ "seed": 24312 },{ "seed": 24353 },{ "seed": 24387 },{ "seed": 24403 },{ "seed": 24412 },{ "seed": 24441 },{ "seed": 24442 },{ "seed": 24473 },{ "seed": 24514 },{ "seed": 24527 },{ "seed": 24530 },{ "seed": 24600 },{ "seed": 24636 },{ "seed": 24641 },{ "seed": 24644 },{ "seed": 24672 },{ "seed": 24694 },{ "seed": 24713 },{ "seed": 24715 },{ "seed": 24740 },{ "seed": 24744 },{ "seed": 24750 },{ "seed": 24761 },{ "seed": 24790 },{ "seed": 24796 },{ "seed": 24799 },{ "seed": 24809 },{ "seed": 24833 },{ "seed": 24861 },{ "seed": 24868 },{ "seed": 24869 },{ "seed": 24875 },{ "seed": 24879 },{ "seed": 24982 },{ "seed": 25043 },{ "seed": 25059 },{ "seed": 25068 },{ "seed": 25125 },{ "seed": 25132 },{ "seed": 25135 },{ "seed": 25153 },{ "seed": 25156 },{ "seed": 25158 },{ "seed": 25177 },{ "seed": 25193 },{ "seed": 25195 },{ "seed": 25258 },{ "seed": 25266 },{ "seed": 25267 },{ "seed": 25316 },{ "seed": 25333 },{ "seed": 25335 },{ "seed": 25387 },{ "seed": 25397 },{ "seed": 25407 },{ "seed": 25411 },{ "seed": 25498 },{ "seed": 25515 },{ "seed": 25519 },{ "seed": 25547 },{ "seed": 25555 },{ "seed": 25561 },{ "seed": 25582 },{ "seed": 25589 },{ "seed": 25599 },{ "seed": 25610 },{ "seed": 25725 },{ "seed": 25780 },{ "seed": 25781 },{ "seed": 25800 },{ "seed": 25808 },{ "seed": 25811 },{ "seed": 25823 },{ "seed": 25872 },{ "seed": 25881 },{ "seed": 25903 },{ "seed": 25906 },{ "seed": 25917 },{ "seed": 25918 },{ "seed": 25937 },{ "seed": 25963 },{ "seed": 25996 },{ "seed": 26005 },{ "seed": 26022 },{ "seed": 26042 },{ "seed": 26051 },{ "seed": 26054 },{ "seed": 26089 },{ "seed": 26095 },{ "seed": 26097 },{ "seed": 26103 },{ "seed": 26104 },{ "seed": 26105 },{ "seed": 26121 },{ "seed": 26219 },{ "seed": 26225 },{ "seed": 26296 },{ "seed": 26305 },{ "seed": 26315 },{ "seed": 26335 },{ "seed": 26337 },{ "seed": 26365 },{ "seed": 26395 },{ "seed": 26400 },{ "seed": 26442 },{ "seed": 26447 },{ "seed": 26555 },{ "seed": 26563 },{ "seed": 26564 },{ "seed": 26581 },{ "seed": 26655 },{ "seed": 26661 },{ "seed": 26669 },{ "seed": 26680 },{ "seed": 26688 },{ "seed": 26709 },{ "seed": 26723 },{ "seed": 26736 },{ "seed": 26742 },{ "seed": 26881 },{ "seed": 26913 },{ "seed": 26964 },{ "seed": 26998 },{ "seed": 27000 },{ "seed": 27005 },{ "seed": 27025 },{ "seed": 27037 },{ "seed": 27042 },{ "seed": 27123 },{ "seed": 27160 },{ "seed": 27165 },{ "seed": 27234 },{ "seed": 27250 },{ "seed": 27262 },{ "seed": 27277 },{ "seed": 27315 },{ "seed": 27318 },{ "seed": 27322 },{ "seed": 27347 },{ "seed": 27394 },{ "seed": 27417 },{ "seed": 27479 },{ "seed": 27522 },{ "seed": 27533 },{ "seed": 27544 },{ "seed": 27567 },{ "seed": 27579 },{ "seed": 27613 },{ "seed": 27639 },{ "seed": 27643 },{ "seed": 27668 },{ "seed": 27671 },{ "seed": 27683 },{ "seed": 27710 },{ "seed": 27713 },{ "seed": 27744 },{ "seed": 27745 },{ "seed": 27771 },{ "seed": 27822 },{ "seed": 27856 },{ "seed": 27859 },{ "seed": 27895 },{ "seed": 27905 },{ "seed": 27908 },{ "seed": 27930 },{ "seed": 27972 },{ "seed": 28004 },{ "seed": 28039 },{ "seed": 28051 },{ "seed": 28060 },{ "seed": 28093 },{ "seed": 28103 },{ "seed": 28138 },{ "seed": 28153 },{ "seed": 28165 },{ "seed": 28175 },{ "seed": 28204 },{ "seed": 28206 },{ "seed": 28214 },{ "seed": 28227 },{ "seed": 28242 },{ "seed": 28267 },{ "seed": 28269 },{ "seed": 28288 },{ "seed": 28301 },{ "seed": 28324 },{ "seed": 28366 },{ "seed": 28408 },{ "seed": 28422 },{ "seed": 28446 },{ "seed": 28488 },{ "seed": 28496 },{ "seed": 28500 },{ "seed": 28512 },{ "seed": 28514 },{ "seed": 28546 },{ "seed": 28554 },{ "seed": 28556 },{ "seed": 28558 },{ "seed": 28575 },{ "seed": 28579 },{ "seed": 28601 },{ "seed": 28613 },{ "seed": 28623 },{ "seed": 28648 },{ "seed": 28673 },{ "seed": 28685 },{ "seed": 28718 },{ "seed": 28722 },{ "seed": 28727 },{ "seed": 28755 },{ "seed": 28757 },{ "seed": 28761 },{ "seed": 28762 },{ "seed": 28822 },{ "seed": 28828 },{ "seed": 28891 },{ "seed": 28912 },{ "seed": 28948 },{ "seed": 28971 },{ "seed": 28972 },{ "seed": 28993 },{ "seed": 29017 },{ "seed": 29033 },{ "seed": 29048 },{ "seed": 29060 },{ "seed": 29150 },{ "seed": 29157 },{ "seed": 29178 },{ "seed": 29220 },{ "seed": 29227 },{ "seed": 29259 },{ "seed": 29269 },{ "seed": 29316 },{ "seed": 29330 },{ "seed": 29379 },{ "seed": 29387 },{ "seed": 29409 },{ "seed": 29431 },{ "seed": 29451 },{ "seed": 29474 },{ "seed": 29498 },{ "seed": 29534 },{ "seed": 29551 },{ "seed": 29552 },{ "seed": 29555 },{ "seed": 29570 },{ "seed": 29578 },{ "seed": 29579 },{ "seed": 29587 },{ "seed": 29612 },{ "seed": 29630 },{ "seed": 29691 },{ "seed": 29734 },{ "seed": 29738 },{ "seed": 29752 },{ "seed": 29769 },{ "seed": 29782 },{ "seed": 29833 },{ "seed": 29838 },{ "seed": 29852 },{ "seed": 29870 },{ "seed": 29907 },{ "seed": 29915 },{ "seed": 29977 },{ "seed": 29978 },{ "seed": 29983 },{ "seed": 29987 },{ "seed": 29996 },{ "seed": 30000 },{ "seed": 30002 },{ "seed": 30003 },{ "seed": 30017 },{ "seed": 30055 },{ "seed": 30081 },{ "seed": 30094 },{ "seed": 30140 },{ "seed": 30142 },{ "seed": 30189 },{ "seed": 30195 },{ "seed": 30208 },{ "seed": 30218 },{ "seed": 30256 },{ "seed": 30260 },{ "seed": 30275 },{ "seed": 30308 },{ "seed": 30335 },{ "seed": 30342 },{ "seed": 30352 },{ "seed": 30369 },{ "seed": 30399 },{ "seed": 30419 },{ "seed": 30441 },{ "seed": 30461 },{ "seed": 30468 },{ "seed": 30501 },{ "seed": 30544 },{ "seed": 30585 },{ "seed": 30648 },{ "seed": 30699 },{ "seed": 30724 },{ "seed": 30784 },{ "seed": 30787 },{ "seed": 30818 },{ "seed": 30856 },{ "seed": 30858 },{ "seed": 30915 },{ "seed": 30928 },{ "seed": 30986 },{ "seed": 31012 },{ "seed": 31047 },{ "seed": 31066 },{ "seed": 31115 },{ "seed": 31116 },{ "seed": 31152 },{ "seed": 31155 },{ "seed": 31178 },{ "seed": 31191 },{ "seed": 31196 },{ "seed": 31199 },{ "seed": 31205 },{ "seed": 31209 },{ "seed": 31219 },{ "seed": 31279 },{ "seed": 31318 },{ "seed": 31347 },{ "seed": 31395 },{ "seed": 31418 },{ "seed": 31441 },{ "seed": 31453 },{ "seed": 31509 },{ "seed": 31522 },{ "seed": 31540 },{ "seed": 31570 },{ "seed": 31602 },{ "seed": 31609 },{ "seed": 31629 },{ "seed": 31634 },{ "seed": 31641 },{ "seed": 31644 },{ "seed": 31654 },{ "seed": 31664 },{ "seed": 31670 },{ "seed": 31684 },{ "seed": 31712 },{ "seed": 31728 },{ "seed": 31737 },{ "seed": 31791 },{ "seed": 31867 },{ "seed": 31931 },{ "seed": 31943 },{ "seed": 31949 },{ "seed": 31982 },{ "seed": 32035 },{ "seed": 32041 },{ "seed": 32044 },{ "seed": 32051 },{ "seed": 32061 },{ "seed": 32116 },{ "seed": 32157 },{ "seed": 32174 },{ "seed": 32188 },{ "seed": 32227 },{ "seed": 32256 },{ "seed": 32284 },{ "seed": 32293 },{ "seed": 32341 },{ "seed": 32355 },{ "seed": 32379 },{ "seed": 32384 },{ "seed": 32425 },{ "seed": 32439 },{ "seed": 32448 },{ "seed": 32467 },{ "seed": 32470 },{ "seed": 32508 },{ "seed": 32531 },{ "seed": 32534 },{ "seed": 32591 },{ "seed": 32602 },{ "seed": 32639 },{ "seed": 32643 },{ "seed": 32675 },{ "seed": 32681 },{ "seed": 32683 },{ "seed": 32702 },{ "seed": 32721 },{ "seed": 32758 },{ "seed": 32788 },{ "seed": 32817 },{ "seed": 32823 },{ "seed": 32832 },{ "seed": 32834 },{ "seed": 32844 },{ "seed": 32863 },{ "seed": 32871 },{ "seed": 32881 },{ "seed": 32930 },{ "seed": 32940 },{ "seed": 32966 },{ "seed": 32967 },{ "seed": 32970 },{ "seed": 32987 },{ "seed": 32993 },{ "seed": 32999 },{ "seed": 33027 },{ "seed": 33060 },{ "seed": 33065 },{ "seed": 33117 },{ "seed": 33125 },{ "seed": 33136 },{ "seed": 33148 },{ "seed": 33156 },{ "seed": 33181 },{ "seed": 33245 },{ "seed": 33256 },{ "seed": 33259 },{ "seed": 33287 },{ "seed": 33332 },{ "seed": 33336 },{ "seed": 33364 },{ "seed": 33459 },{ "seed": 33473 },{ "seed": 33495 },{ "seed": 33531 },{ "seed": 33549 },{ "seed": 33571 },{ "seed": 33606 },{ "seed": 33618 },{ "seed": 33644 },{ "seed": 33674 },{ "seed": 33676 },{ "seed": 33677 },{ "seed": 33700 },{ "seed": 33706 },{ "seed": 33711 },{ "seed": 33715 },{ "seed": 33725 },{ "seed": 33732 },{ "seed": 33734 },{ "seed": 33745 },{ "seed": 33759 },{ "seed": 33833 },{ "seed": 33853 },{ "seed": 33894 },{ "seed": 33904 },{ "seed": 33948 },{ "seed": 34038 },{ "seed": 34041 },{ "seed": 34064 },{ "seed": 34091 },{ "seed": 34096 },{ "seed": 34107 },{ "seed": 34144 },{ "seed": 34183 },{ "seed": 34192 },{ "seed": 34213 },{ "seed": 34235 },{ "seed": 34242 },{ "seed": 34277 },{ "seed": 34292 },{ "seed": 34294 },{ "seed": 34300 },{ "seed": 34342 },{ "seed": 34347 },{ "seed": 34360 },{ "seed": 34374 },{ "seed": 34412 },{ "seed": 34439 },{ "seed": 34451 },{ "seed": 34461 },{ "seed": 34500 },{ "seed": 34504 },{ "seed": 34505 },{ "seed": 34516 },{ "seed": 34521 },{ "seed": 34584 },{ "seed": 34585 },{ "seed": 34639 },{ "seed": 34650 },{ "seed": 34655 },{ "seed": 34662 },{ "seed": 34666 },{ "seed": 34671 },{ "seed": 34681 },{ "seed": 34693 },{ "seed": 34703 },{ "seed": 34728 },{ "seed": 34740 },{ "seed": 34753 },{ "seed": 34813 },{ "seed": 34839 },{ "seed": 34842 },{ "seed": 34854 },{ "seed": 34892 },{ "seed": 34904 },{ "seed": 34918 },{ "seed": 34929 },{ "seed": 34982 },{ "seed": 34999 },{ "seed": 35000 },{ "seed": 35023 },{ "seed": 35078 },{ "seed": 35109 },{ "seed": 35141 },{ "seed": 35156 },{ "seed": 35184 },{ "seed": 35200 },{ "seed": 35219 },{ "seed": 35236 },{ "seed": 35237 },{ "seed": 35251 },{ "seed": 35277 },{ "seed": 35302 },{ "seed": 35325 },{ "seed": 35383 },{ "seed": 35457 },{ "seed": 35503 },{ "seed": 35526 },{ "seed": 35538 },{ "seed": 35546 },{ "seed": 35556 },{ "seed": 35559 },{ "seed": 35563 },{ "seed": 35581 },{ "seed": 35605 },{ "seed": 35685 },{ "seed": 35745 },{ "seed": 35761 },{ "seed": 35799 },{ "seed": 35824 },{ "seed": 35825 },{ "seed": 35837 },{ "seed": 35839 },{ "seed": 35853 },{ "seed": 35855 },{ "seed": 35863 },{ "seed": 35869 },{ "seed": 35881 },{ "seed": 35894 },{ "seed": 35902 },{ "seed": 35933 },{ "seed": 35934 },{ "seed": 35940 },{ "seed": 36002 },{ "seed": 36007 },{ "seed": 36008 },{ "seed": 36012 },{ "seed": 36019 },{ "seed": 36026 },{ "seed": 36056 },{ "seed": 36058 },{ "seed": 36086 },{ "seed": 36092 },{ "seed": 36124 },{ "seed": 36207 },{ "seed": 36272 },{ "seed": 36309 },{ "seed": 36316 },{ "seed": 36326 },{ "seed": 36327 },{ "seed": 36337 },{ "seed": 36343 },{ "seed": 36355 },{ "seed": 36362 },{ "seed": 36397 },{ "seed": 36420 },{ "seed": 36424 },{ "seed": 36429 },{ "seed": 36436 },{ "seed": 36449 },{ "seed": 36528 },{ "seed": 36570 },{ "seed": 36662 },{ "seed": 36674 },{ "seed": 36709 },{ "seed": 36731 },{ "seed": 36740 },{ "seed": 36768 },{ "seed": 36783 },{ "seed": 36855 },{ "seed": 36866 },{ "seed": 36869 },{ "seed": 36883 },{ "seed": 36887 },{ "seed": 36927 },{ "seed": 36936 },{ "seed": 36941 },{ "seed": 36966 },{ "seed": 36997 },{ "seed": 37038 },{ "seed": 37046 },{ "seed": 37048 },{ "seed": 37095 },{ "seed": 37101 },{ "seed": 37107 },{ "seed": 37156 },{ "seed": 37198 },{ "seed": 37203 },{ "seed": 37204 },{ "seed": 37227 },{ "seed": 37233 },{ "seed": 37252 },{ "seed": 37302 },{ "seed": 37306 },{ "seed": 37316 },{ "seed": 37319 },{ "seed": 37332 },{ "seed": 37336 },{ "seed": 37361 },{ "seed": 37372 },{ "seed": 37411 },{ "seed": 37415 },{ "seed": 37430 },{ "seed": 37440 },{ "seed": 37486 },{ "seed": 37503 },{ "seed": 37505 },{ "seed": 37521 },{ "seed": 37548 },{ "seed": 37557 },{ "seed": 37560 },{ "seed": 37602 },{ "seed": 37642 },{ "seed": 37668 },{ "seed": 37677 },{ "seed": 37678 },{ "seed": 37693 },{ "seed": 37699 },{ "seed": 37707 },{ "seed": 37713 },{ "seed": 37724 },{ "seed": 37728 },{ "seed": 37729 },{ "seed": 37774 },{ "seed": 37778 },{ "seed": 37804 },{ "seed": 37822 },{ "seed": 37835 },{ "seed": 37842 },{ "seed": 37877 },{ "seed": 37927 },{ "seed": 37981 },{ "seed": 37982 },{ "seed": 37998 },{ "seed": 38005 },{ "seed": 38030 },{ "seed": 38049 },{ "seed": 38059 },{ "seed": 38068 },{ "seed": 38111 },{ "seed": 38118 },{ "seed": 38183 },{ "seed": 38187 },{ "seed": 38188 },{ "seed": 38214 },{ "seed": 38222 },{ "seed": 38267 },{ "seed": 38301 },{ "seed": 38303 },{ "seed": 38318 },{ "seed": 38322 },{ "seed": 38324 },{ "seed": 38326 },{ "seed": 38343 },{ "seed": 38375 },{ "seed": 38384 },{ "seed": 38401 },{ "seed": 38421 },{ "seed": 38422 },{ "seed": 38433 },{ "seed": 38462 },{ "seed": 38520 },{ "seed": 38543 },{ "seed": 38544 },{ "seed": 38591 },{ "seed": 38603 },{ "seed": 38628 },{ "seed": 38636 },{ "seed": 38664 },{ "seed": 38694 },{ "seed": 38697 },{ "seed": 38706 },{ "seed": 38723 },{ "seed": 38765 },{ "seed": 38822 },{ "seed": 38828 },{ "seed": 38845 },{ "seed": 38904 },{ "seed": 38923 },{ "seed": 38977 },{ "seed": 38993 },{ "seed": 39003 },{ "seed": 39009 },{ "seed": 39013 },{ "seed": 39021 },{ "seed": 39026 },{ "seed": 39027 },{ "seed": 39029 },{ "seed": 39040 },{ "seed": 39044 },{ "seed": 39066 },{ "seed": 39164 },{ "seed": 39179 },{ "seed": 39196 },{ "seed": 39212 },{ "seed": 39215 },{ "seed": 39223 },{ "seed": 39257 },{ "seed": 39275 },{ "seed": 39299 },{ "seed": 39309 },{ "seed": 39322 },{ "seed": 39325 },{ "seed": 39358 },{ "seed": 39384 },{ "seed": 39409 },{ "seed": 39411 },{ "seed": 39429 },{ "seed": 39436 },{ "seed": 39445 },{ "seed": 39454 },{ "seed": 39464 },{ "seed": 39492 },{ "seed": 39518 },{ "seed": 39522 },{ "seed": 39543 },{ "seed": 39546 },{ "seed": 39561 },{ "seed": 39578 },{ "seed": 39592 },{ "seed": 39593 },{ "seed": 39597 },{ "seed": 39604 },{ "seed": 39625 },{ "seed": 39627 },{ "seed": 39668 },{ "seed": 39710 },{ "seed": 39725 },{ "seed": 39757 },{ "seed": 39759 },{ "seed": 39786 },{ "seed": 39823 },{ "seed": 39852 },{ "seed": 39859 },{ "seed": 39886 },{ "seed": 39892 },{ "seed": 39919 },{ "seed": 39921 },{ "seed": 39949 },{ "seed": 39953 },{ "seed": 39958 },{ "seed": 39963 },{ "seed": 39970 },{ "seed": 39977 },{ "seed": 40015 },{ "seed": 40041 },{ "seed": 40092 },{ "seed": 40093 },{ "seed": 40119 },{ "seed": 40150 },{ "seed": 40165 },{ "seed": 40172 },{ "seed": 40179 },{ "seed": 40180 },{ "seed": 40194 },{ "seed": 40196 },{ "seed": 40213 },{ "seed": 40232 },{ "seed": 40284 },{ "seed": 40326 },{ "seed": 40357 },{ "seed": 40378 },{ "seed": 40444 },{ "seed": 40448 },{ "seed": 40481 },{ "seed": 40485 },{ "seed": 40486 },{ "seed": 40492 },{ "seed": 40503 },{ "seed": 40504 },{ "seed": 40520 },{ "seed": 40548 },{ "seed": 40575 },{ "seed": 40577 },{ "seed": 40591 },{ "seed": 40603 },{ "seed": 40609 },{ "seed": 40614 },{ "seed": 40616 },{ "seed": 40619 },{ "seed": 40622 },{ "seed": 40623 },{ "seed": 40636 },{ "seed": 40684 },{ "seed": 40730 },{ "seed": 40735 },{ "seed": 40762 },{ "seed": 40769 },{ "seed": 40778 },{ "seed": 40811 },{ "seed": 40826 },{ "seed": 40932 },{ "seed": 40943 },{ "seed": 40986 },{ "seed": 41040 },{ "seed": 41075 },{ "seed": 41093 },{ "seed": 41152 },{ "seed": 41229 },{ "seed": 41247 },{ "seed": 41261 },{ "seed": 41271 },{ "seed": 41288 },{ "seed": 41307 },{ "seed": 41320 },{ "seed": 41330 },{ "seed": 41333 },{ "seed": 41386 },{ "seed": 41445 },{ "seed": 41448 },{ "seed": 41464 },{ "seed": 41497 },{ "seed": 41504 },{ "seed": 41563 },{ "seed": 41594 },{ "seed": 41618 },{ "seed": 41667 },{ "seed": 41734 },{ "seed": 41740 },{ "seed": 41788 },{ "seed": 41790 },{ "seed": 41792 },{ "seed": 41811 },{ "seed": 41915 },{ "seed": 41931 },{ "seed": 41955 },{ "seed": 41998 },{ "seed": 42006 },{ "seed": 42052 },{ "seed": 42059 },{ "seed": 42073 },{ "seed": 42135 },{ "seed": 42142 },{ "seed": 42255 },{ "seed": 42274 },{ "seed": 42284 },{ "seed": 42302 },{ "seed": 42322 },{ "seed": 42375 },{ "seed": 42383 },{ "seed": 42387 },{ "seed": 42390 },{ "seed": 42434 },{ "seed": 42441 },{ "seed": 42467 },{ "seed": 42471 },{ "seed": 42522 },{ "seed": 42537 },{ "seed": 42559 },{ "seed": 42562 },{ "seed": 42574 },{ "seed": 42591 },{ "seed": 42602 },{ "seed": 42720 },{ "seed": 42780 },{ "seed": 42796 },{ "seed": 42814 },{ "seed": 42821 },{ "seed": 42906 },{ "seed": 42925 },{ "seed": 42947 },{ "seed": 42955 },{ "seed": 42959 },{ "seed": 42988 },{ "seed": 43034 },{ "seed": 43068 },{ "seed": 43097 },{ "seed": 43136 },{ "seed": 43148 },{ "seed": 43170 },{ "seed": 43252 },{ "seed": 43284 },{ "seed": 43298 },{ "seed": 43301 },{ "seed": 43316 },{ "seed": 43344 },{ "seed": 43380 },{ "seed": 43444 },{ "seed": 43446 },{ "seed": 43473 },{ "seed": 43480 },{ "seed": 43484 },{ "seed": 43531 },{ "seed": 43564 },{ "seed": 43588 },{ "seed": 43592 },{ "seed": 43596 },{ "seed": 43625 },{ "seed": 43669 },{ "seed": 43702 },{ "seed": 43710 },{ "seed": 43733 },{ "seed": 43742 },{ "seed": 43768 },{ "seed": 43774 },{ "seed": 43795 },{ "seed": 43819 },{ "seed": 43829 },{ "seed": 43830 },{ "seed": 43831 },{ "seed": 43833 },{ "seed": 43860 },{ "seed": 43870 },{ "seed": 43916 },{ "seed": 43959 },{ "seed": 43987 },{ "seed": 44006 },{ "seed": 44106 },{ "seed": 44109 },{ "seed": 44118 },{ "seed": 44122 },{ "seed": 44150 },{ "seed": 44158 },{ "seed": 44171 },{ "seed": 44178 },{ "seed": 44212 },{ "seed": 44214 },{ "seed": 44216 },{ "seed": 44231 },{ "seed": 44297 },{ "seed": 44335 },{ "seed": 44338 },{ "seed": 44355 },{ "seed": 44366 },{ "seed": 44376 },{ "seed": 44421 },{ "seed": 44434 },{ "seed": 44443 },{ "seed": 44460 },{ "seed": 44473 },{ "seed": 44496 },{ "seed": 44509 },{ "seed": 44517 },{ "seed": 44527 },{ "seed": 44542 },{ "seed": 44575 },{ "seed": 44577 },{ "seed": 44649 },{ "seed": 44652 },{ "seed": 44692 },{ "seed": 44699 },{ "seed": 44746 },{ "seed": 44811 },{ "seed": 44813 },{ "seed": 44861 },{ "seed": 44900 },{ "seed": 44944 },{ "seed": 44975 },{ "seed": 44984 },{ "seed": 45003 },{ "seed": 45035 },{ "seed": 45040 },{ "seed": 45047 },{ "seed": 45049 },{ "seed": 45062 },{ "seed": 45067 },{ "seed": 45077 },{ "seed": 45087 },{ "seed": 45096 },{ "seed": 45118 },{ "seed": 45140 },{ "seed": 45148 },{ "seed": 45157 },{ "seed": 45207 },{ "seed": 45329 },{ "seed": 45379 },{ "seed": 45384 },{ "seed": 45407 },{ "seed": 45412 },{ "seed": 45433 },{ "seed": 45467 },{ "seed": 45477 },{ "seed": 45480 },{ "seed": 45489 },{ "seed": 45492 },{ "seed": 45503 },{ "seed": 45546 },{ "seed": 45556 },{ "seed": 45603 },{ "seed": 45647 },{ "seed": 45656 },{ "seed": 45669 },{ "seed": 45673 },{ "seed": 45770 },{ "seed": 45781 },{ "seed": 45799 },{ "seed": 45818 },{ "seed": 45846 },{ "seed": 45871 },{ "seed": 45883 },{ "seed": 45911 },{ "seed": 45934 },{ "seed": 45945 },{ "seed": 45976 },{ "seed": 45999 },{ "seed": 46006 },{ "seed": 46008 },{ "seed": 46014 },{ "seed": 46034 },{ "seed": 46037 },{ "seed": 46067 },{ "seed": 46099 },{ "seed": 46111 },{ "seed": 46120 },{ "seed": 46128 },{ "seed": 46170 },{ "seed": 46179 },{ "seed": 46204 },{ "seed": 46242 },{ "seed": 46254 },{ "seed": 46258 },{ "seed": 46319 },{ "seed": 46333 },{ "seed": 46339 },{ "seed": 46422 },{ "seed": 46440 },{ "seed": 46442 },{ "seed": 46453 },{ "seed": 46454 },{ "seed": 46500 },{ "seed": 46531 },{ "seed": 46558 },{ "seed": 46572 },{ "seed": 46574 },{ "seed": 46599 },{ "seed": 46602 },{ "seed": 46644 },{ "seed": 46646 },{ "seed": 46665 },{ "seed": 46678 },{ "seed": 46695 },{ "seed": 46704 },{ "seed": 46730 },{ "seed": 46747 },{ "seed": 46765 },{ "seed": 46777 },{ "seed": 46785 },{ "seed": 46787 },{ "seed": 46827 },{ "seed": 46840 },{ "seed": 46879 },{ "seed": 46891 },{ "seed": 46920 },{ "seed": 46932 },{ "seed": 46938 },{ "seed": 46966 },{ "seed": 46968 },{ "seed": 46995 },{ "seed": 47009 },{ "seed": 47013 },{ "seed": 47095 },{ "seed": 47127 },{ "seed": 47133 },{ "seed": 47204 },{ "seed": 47266 },{ "seed": 47267 },{ "seed": 47295 },{ "seed": 47296 },{ "seed": 47354 },{ "seed": 47434 },{ "seed": 47439 },{ "seed": 47448 },{ "seed": 47472 },{ "seed": 47479 },{ "seed": 47508 },{ "seed": 47524 },{ "seed": 47585 },{ "seed": 47608 },{ "seed": 47620 },{ "seed": 47675 },{ "seed": 47689 },{ "seed": 47694 },{ "seed": 47740 },{ "seed": 47773 },{ "seed": 47834 },{ "seed": 47844 },{ "seed": 47846 },{ "seed": 47850 },{ "seed": 47871 },{ "seed": 47930 },{ "seed": 47955 },{ "seed": 47956 },{ "seed": 47973 },{ "seed": 47977 },{ "seed": 47984 },{ "seed": 48014 },{ "seed": 48024 },{ "seed": 48042 },{ "seed": 48059 },{ "seed": 48075 },{ "seed": 48126 },{ "seed": 48181 },{ "seed": 48196 },{ "seed": 48220 },{ "seed": 48230 },{ "seed": 48275 },{ "seed": 48288 },{ "seed": 48306 },{ "seed": 48373 },{ "seed": 48398 },{ "seed": 48409 },{ "seed": 48437 },{ "seed": 48453 },{ "seed": 48479 },{ "seed": 48487 },{ "seed": 48511 },{ "seed": 48549 },{ "seed": 48553 },{ "seed": 48558 },{ "seed": 48561 },{ "seed": 48617 },{ "seed": 48628 },{ "seed": 48635 },{ "seed": 48747 },{ "seed": 48773 },{ "seed": 48779 },{ "seed": 48783 },{ "seed": 48794 },{ "seed": 48810 },{ "seed": 48812 },{ "seed": 48826 },{ "seed": 48831 },{ "seed": 48846 },{ "seed": 48861 },{ "seed": 48862 },{ "seed": 48869 },{ "seed": 48881 },{ "seed": 48935 },{ "seed": 48944 },{ "seed": 48964 },{ "seed": 48969 },{ "seed": 48973 },{ "seed": 49000 },{ "seed": 49015 },{ "seed": 49024 },{ "seed": 49066 },{ "seed": 49078 },{ "seed": 49105 },{ "seed": 49118 },{ "seed": 49129 },{ "seed": 49145 },{ "seed": 49174 },{ "seed": 49175 },{ "seed": 49208 },{ "seed": 49234 },{ "seed": 49248 },{ "seed": 49273 },{ "seed": 49279 },{ "seed": 49285 },{ "seed": 49303 },{ "seed": 49347 },{ "seed": 49361 },{ "seed": 49424 },{ "seed": 49437 },{ "seed": 49454 },{ "seed": 49455 },{ "seed": 49479 },{ "seed": 49526 },{ "seed": 49543 },{ "seed": 49592 },{ "seed": 49595 },{ "seed": 49608 },{ "seed": 49632 },{ "seed": 49657 },{ "seed": 49658 },{ "seed": 49663 },{ "seed": 49681 },{ "seed": 49693 },{ "seed": 49702 },{ "seed": 49766 },{ "seed": 49788 },{ "seed": 49792 },{ "seed": 49826 },{ "seed": 49874 },{ "seed": 49924 },{ "seed": 49934 },{ "seed": 50017 },{ "seed": 50020 },{ "seed": 50030 },{ "seed": 50036 },{ "seed": 50057 },{ "seed": 50061 },{ "seed": 50082 },{ "seed": 50093 },{ "seed": 50130 },{ "seed": 50164 },{ "seed": 50171 },{ "seed": 50235 },{ "seed": 50272 },{ "seed": 50278 },{ "seed": 50366 },{ "seed": 50393 },{ "seed": 50419 },{ "seed": 50449 },{ "seed": 50462 },{ "seed": 50500 },{ "seed": 50506 },{ "seed": 50514 },{ "seed": 50522 },{ "seed": 50529 },{ "seed": 50558 },{ "seed": 50560 },{ "seed": 50591 },{ "seed": 50592 },{ "seed": 50600 },{ "seed": 50652 },{ "seed": 50670 },{ "seed": 50685 },{ "seed": 50705 },{ "seed": 50745 },{ "seed": 50763 },{ "seed": 50794 },{ "seed": 50801 },{ "seed": 50802 },{ "seed": 50804 },{ "seed": 50840 },{ "seed": 50866 },{ "seed": 50896 },{ "seed": 50911 },{ "seed": 50918 },{ "seed": 50931 },{ "seed": 50959 },{ "seed": 50969 },{ "seed": 50981 },{ "seed": 50997 },{ "seed": 51007 },{ "seed": 51016 },{ "seed": 51023 },{ "seed": 51028 },{ "seed": 51067 },{ "seed": 51077 },{ "seed": 51148 },{ "seed": 51182 },{ "seed": 51207 },{ "seed": 51213 },{ "seed": 51230 },{ "seed": 51311 },{ "seed": 51325 },{ "seed": 51350 },{ "seed": 51363 },{ "seed": 51365 },{ "seed": 51382 },{ "seed": 51416 },{ "seed": 51435 },{ "seed": 51453 },{ "seed": 51501 },{ "seed": 51514 },{ "seed": 51526 },{ "seed": 51544 },{ "seed": 51574 },{ "seed": 51584 },{ "seed": 51610 },{ "seed": 51631 },{ "seed": 51632 },{ "seed": 51649 },{ "seed": 51655 },{ "seed": 51657 },{ "seed": 51713 },{ "seed": 51730 },{ "seed": 51746 },{ "seed": 51749 },{ "seed": 51754 },{ "seed": 51756 },{ "seed": 51775 },{ "seed": 51785 },{ "seed": 51804 },{ "seed": 51821 },{ "seed": 51873 },{ "seed": 51891 },{ "seed": 51900 },{ "seed": 51917 },{ "seed": 51927 },{ "seed": 51932 },{ "seed": 51944 },{ "seed": 51959 },{ "seed": 52033 },{ "seed": 52083 },{ "seed": 52090 },{ "seed": 52125 },{ "seed": 52149 },{ "seed": 52170 },{ "seed": 52181 },{ "seed": 52206 },{ "seed": 52257 },{ "seed": 52259 },{ "seed": 52263 },{ "seed": 52279 },{ "seed": 52325 },{ "seed": 52342 },{ "seed": 52360 },{ "seed": 52378 },{ "seed": 52384 },{ "seed": 52385 },{ "seed": 52387 },{ "seed": 52395 },{ "seed": 52399 },{ "seed": 52476 },{ "seed": 52489 },{ "seed": 52507 },{ "seed": 52513 },{ "seed": 52524 },{ "seed": 52549 },{ "seed": 52552 },{ "seed": 52557 },{ "seed": 52560 },{ "seed": 52576 },{ "seed": 52578 },{ "seed": 52582 },{ "seed": 52590 },{ "seed": 52624 },{ "seed": 52637 },{ "seed": 52639 },{ "seed": 52675 },{ "seed": 52679 },{ "seed": 52692 },{ "seed": 52697 },{ "seed": 52701 },{ "seed": 52715 },{ "seed": 52865 },{ "seed": 52872 },{ "seed": 52883 },{ "seed": 52901 },{ "seed": 52903 },{ "seed": 53003 },{ "seed": 53010 },{ "seed": 53011 },{ "seed": 53035 },{ "seed": 53038 },{ "seed": 53046 },{ "seed": 53102 },{ "seed": 53256 },{ "seed": 53281 },{ "seed": 53296 },{ "seed": 53347 },{ "seed": 53352 },{ "seed": 53353 },{ "seed": 53375 },{ "seed": 53420 },{ "seed": 53428 },{ "seed": 53429 },{ "seed": 53444 },{ "seed": 53485 },{ "seed": 53520 },{ "seed": 53533 },{ "seed": 53571 },{ "seed": 53632 },{ "seed": 53643 },{ "seed": 53654 },{ "seed": 53671 },{ "seed": 53689 },{ "seed": 53721 },{ "seed": 53725 },{ "seed": 53726 },{ "seed": 53741 },{ "seed": 53754 },{ "seed": 53764 },{ "seed": 53773 },{ "seed": 53858 },{ "seed": 53868 },{ "seed": 53881 },{ "seed": 53912 },{ "seed": 53961 },{ "seed": 53993 },{ "seed": 54003 },{ "seed": 54015 },{ "seed": 54037 },{ "seed": 54040 },{ "seed": 54089 },{ "seed": 54128 },{ "seed": 54134 },{ "seed": 54153 },{ "seed": 54195 },{ "seed": 54221 },{ "seed": 54235 },{ "seed": 54255 },{ "seed": 54348 },{ "seed": 54358 },{ "seed": 54359 },{ "seed": 54361 },{ "seed": 54379 },{ "seed": 54389 },{ "seed": 54390 },{ "seed": 54411 },{ "seed": 54418 },{ "seed": 54432 },{ "seed": 54434 },{ "seed": 54492 },{ "seed": 54522 },{ "seed": 54548 },{ "seed": 54552 },{ "seed": 54554 },{ "seed": 54559 },{ "seed": 54572 },{ "seed": 54601 },{ "seed": 54604 },{ "seed": 54607 },{ "seed": 54648 },{ "seed": 54662 },{ "seed": 54678 },{ "seed": 54684 },{ "seed": 54702 },{ "seed": 54718 },{ "seed": 54733 },{ "seed": 54762 },{ "seed": 54777 },{ "seed": 54781 },{ "seed": 54791 },{ "seed": 54804 },{ "seed": 54827 },{ "seed": 54829 },{ "seed": 54839 },{ "seed": 54849 },{ "seed": 54881 },{ "seed": 54911 },{ "seed": 54930 },{ "seed": 54947 },{ "seed": 54957 },{ "seed": 54989 },{ "seed": 55019 },{ "seed": 55055 },{ "seed": 55062 },{ "seed": 55064 },{ "seed": 55089 },{ "seed": 55124 },{ "seed": 55127 },{ "seed": 55146 },{ "seed": 55197 },{ "seed": 55213 },{ "seed": 55237 },{ "seed": 55284 },{ "seed": 55298 },{ "seed": 55311 },{ "seed": 55312 },{ "seed": 55374 },{ "seed": 55400 },{ "seed": 55442 },{ "seed": 55469 },{ "seed": 55470 },{ "seed": 55482 },{ "seed": 55483 },{ "seed": 55496 },{ "seed": 55522 },{ "seed": 55525 },{ "seed": 55527 },{ "seed": 55590 },{ "seed": 55595 },{ "seed": 55629 },{ "seed": 55678 },{ "seed": 55684 },{ "seed": 55685 },{ "seed": 55731 },{ "seed": 55742 },{ "seed": 55750 },{ "seed": 55775 },{ "seed": 55840 },{ "seed": 55858 },{ "seed": 55863 },{ "seed": 55884 },{ "seed": 55905 },{ "seed": 55946 },{ "seed": 55955 },{ "seed": 55982 },{ "seed": 56007 },{ "seed": 56125 },{ "seed": 56126 },{ "seed": 56134 },{ "seed": 56161 },{ "seed": 56162 },{ "seed": 56165 },{ "seed": 56166 },{ "seed": 56183 },{ "seed": 56195 },{ "seed": 56197 },{ "seed": 56201 },{ "seed": 56232 },{ "seed": 56234 },{ "seed": 56254 },{ "seed": 56280 },{ "seed": 56281 },{ "seed": 56288 },{ "seed": 56327 },{ "seed": 56343 },{ "seed": 56344 },{ "seed": 56350 },{ "seed": 56376 },{ "seed": 56387 },{ "seed": 56448 },{ "seed": 56461 },{ "seed": 56465 },{ "seed": 56471 },{ "seed": 56536 },{ "seed": 56554 },{ "seed": 56590 },{ "seed": 56625 },{ "seed": 56654 },{ "seed": 56677 },{ "seed": 56735 },{ "seed": 56745 },{ "seed": 56767 },{ "seed": 56794 },{ "seed": 56804 },{ "seed": 56807 },{ "seed": 56822 },{ "seed": 56913 },{ "seed": 56920 },{ "seed": 56959 },{ "seed": 56966 },{ "seed": 56986 },{ "seed": 57021 },{ "seed": 57088 },{ "seed": 57108 },{ "seed": 57110 },{ "seed": 57129 },{ "seed": 57195 },{ "seed": 57232 },{ "seed": 57240 },{ "seed": 57259 },{ "seed": 57306 },{ "seed": 57315 },{ "seed": 57316 },{ "seed": 57331 },{ "seed": 57358 },{ "seed": 57360 },{ "seed": 57369 },{ "seed": 57384 },{ "seed": 57423 },{ "seed": 57447 },{ "seed": 57448 },{ "seed": 57488 },{ "seed": 57509 },{ "seed": 57511 },{ "seed": 57546 },{ "seed": 57562 },{ "seed": 57594 },{ "seed": 57598 },{ "seed": 57608 },{ "seed": 57634 },{ "seed": 57713 },{ "seed": 57742 },{ "seed": 57776 },{ "seed": 57779 },{ "seed": 57801 },{ "seed": 57834 },{ "seed": 57841 },{ "seed": 57856 },{ "seed": 57907 },{ "seed": 57920 },{ "seed": 57922 },{ "seed": 57930 },{ "seed": 57940 },{ "seed": 57960 },{ "seed": 57968 },{ "seed": 57974 },{ "seed": 58015 },{ "seed": 58059 },{ "seed": 58074 },{ "seed": 58084 },{ "seed": 58086 },{ "seed": 58102 },{ "seed": 58105 },{ "seed": 58118 },{ "seed": 58128 },{ "seed": 58143 },{ "seed": 58148 },{ "seed": 58149 },{ "seed": 58173 },{ "seed": 58196 },{ "seed": 58197 },{ "seed": 58221 },{ "seed": 58232 },{ "seed": 58301 },{ "seed": 58303 },{ "seed": 58336 },{ "seed": 58344 },{ "seed": 58359 },{ "seed": 58392 },{ "seed": 58401 },{ "seed": 58405 },{ "seed": 58414 },{ "seed": 58424 },{ "seed": 58426 },{ "seed": 58442 },{ "seed": 58464 },{ "seed": 58471 },{ "seed": 58491 },{ "seed": 58499 },{ "seed": 58529 },{ "seed": 58539 },{ "seed": 58548 },{ "seed": 58552 },{ "seed": 58555 },{ "seed": 58563 },{ "seed": 58607 },{ "seed": 58619 },{ "seed": 58640 },{ "seed": 58673 },{ "seed": 58708 },{ "seed": 58728 },{ "seed": 58733 },{ "seed": 58742 },{ "seed": 58749 },{ "seed": 58765 },{ "seed": 58778 },{ "seed": 58789 },{ "seed": 58797 },{ "seed": 58812 },{ "seed": 58813 },{ "seed": 58819 },{ "seed": 58827 },{ "seed": 58880 },{ "seed": 58919 },{ "seed": 58921 },{ "seed": 58946 },{ "seed": 58955 },{ "seed": 58960 },{ "seed": 58992 },{ "seed": 59047 },{ "seed": 59074 },{ "seed": 59097 },{ "seed": 59140 },{ "seed": 59151 },{ "seed": 59157 },{ "seed": 59189 },{ "seed": 59192 },{ "seed": 59323 },{ "seed": 59339 },{ "seed": 59364 },{ "seed": 59377 },{ "seed": 59380 },{ "seed": 59389 },{ "seed": 59411 },{ "seed": 59427 },{ "seed": 59434 },{ "seed": 59441 },{ "seed": 59458 },{ "seed": 59461 },{ "seed": 59465 },{ "seed": 59468 },{ "seed": 59488 },{ "seed": 59578 },{ "seed": 59579 },{ "seed": 59585 },{ "seed": 59610 },{ "seed": 59618 },{ "seed": 59643 },{ "seed": 59644 },{ "seed": 59661 },{ "seed": 59696 },{ "seed": 59747 },{ "seed": 59760 },{ "seed": 59762 },{ "seed": 59786 },{ "seed": 59821 },{ "seed": 59864 },{ "seed": 59875 },{ "seed": 59888 },{ "seed": 59891 },{ "seed": 59892 },{ "seed": 59897 },{ "seed": 59916 },{ "seed": 59924 },{ "seed": 59938 },{ "seed": 59980 },{ "seed": 60008 },{ "seed": 60051 },{ "seed": 60058 },{ "seed": 60074 },{ "seed": 60085 },{ "seed": 60091 },{ "seed": 60139 },{ "seed": 60149 },{ "seed": 60154 },{ "seed": 60184 },{ "seed": 60186 },{ "seed": 60237 },{ "seed": 60245 },{ "seed": 60269 },{ "seed": 60287 },{ "seed": 60297 },{ "seed": 60303 },{ "seed": 60320 },{ "seed": 60328 },{ "seed": 60335 },{ "seed": 60359 },{ "seed": 60372 },{ "seed": 60415 },{ "seed": 60427 },{ "seed": 60433 },{ "seed": 60438 },{ "seed": 60468 },{ "seed": 60470 },{ "seed": 60472 },{ "seed": 60480 },{ "seed": 60510 },{ "seed": 60531 },{ "seed": 60535 },{ "seed": 60565 },{ "seed": 60584 },{ "seed": 60598 },{ "seed": 60631 },{ "seed": 60637 },{ "seed": 60696 },{ "seed": 60705 },{ "seed": 60739 },{ "seed": 60770 },{ "seed": 60773 },{ "seed": 60793 },{ "seed": 60797 },{ "seed": 60800 },{ "seed": 60819 },{ "seed": 60837 },{ "seed": 60881 },{ "seed": 60901 },{ "seed": 60930 },{ "seed": 60946 },{ "seed": 60949 },{ "seed": 60973 },{ "seed": 61053 },{ "seed": 61058 },{ "seed": 61062 },{ "seed": 61105 },{ "seed": 61181 },{ "seed": 61182 },{ "seed": 61192 },{ "seed": 61215 },{ "seed": 61252 },{ "seed": 61260 },{ "seed": 61272 },{ "seed": 61281 },{ "seed": 61316 },{ "seed": 61337 },{ "seed": 61362 },{ "seed": 61365 },{ "seed": 61385 },{ "seed": 61451 },{ "seed": 61468 },{ "seed": 61471 },{ "seed": 61482 },{ "seed": 61523 },{ "seed": 61530 },{ "seed": 61563 },{ "seed": 61600 },{ "seed": 61645 },{ "seed": 61689 },{ "seed": 61690 },{ "seed": 61734 },{ "seed": 61765 },{ "seed": 61775 },{ "seed": 61812 },{ "seed": 61849 },{ "seed": 61854 },{ "seed": 61872 },{ "seed": 61944 },{ "seed": 61947 },{ "seed": 61959 },{ "seed": 61975 },{ "seed": 61993 },{ "seed": 62007 },{ "seed": 62026 },{ "seed": 62030 },{ "seed": 62057 },{ "seed": 62077 },{ "seed": 62142 },{ "seed": 62146 },{ "seed": 62201 },{ "seed": 62212 },{ "seed": 62218 },{ "seed": 62254 },{ "seed": 62265 },{ "seed": 62278 },{ "seed": 62282 },{ "seed": 62295 },{ "seed": 62319 },{ "seed": 62322 },{ "seed": 62337 },{ "seed": 62344 },{ "seed": 62349 },{ "seed": 62371 },{ "seed": 62379 },{ "seed": 62394 },{ "seed": 62396 },{ "seed": 62398 },{ "seed": 62436 },{ "seed": 62451 },{ "seed": 62474 },{ "seed": 62481 },{ "seed": 62497 },{ "seed": 62504 },{ "seed": 62508 },{ "seed": 62519 },{ "seed": 62524 },{ "seed": 62550 },{ "seed": 62574 },{ "seed": 62578 },{ "seed": 62608 },{ "seed": 62609 },{ "seed": 62610 },{ "seed": 62616 },{ "seed": 62635 },{ "seed": 62660 },{ "seed": 62690 },{ "seed": 62735 },{ "seed": 62742 },{ "seed": 62757 },{ "seed": 62770 },{ "seed": 62795 },{ "seed": 62799 },{ "seed": 62811 },{ "seed": 62812 },{ "seed": 62843 },{ "seed": 62861 },{ "seed": 62894 },{ "seed": 62920 },{ "seed": 62956 },{ "seed": 62999 },{ "seed": 63097 },{ "seed": 63104 },{ "seed": 63121 },{ "seed": 63128 },{ "seed": 63149 },{ "seed": 63188 },{ "seed": 63216 },{ "seed": 63224 },{ "seed": 63237 },{ "seed": 63277 },{ "seed": 63281 },{ "seed": 63292 },{ "seed": 63337 },{ "seed": 63388 },{ "seed": 63481 },{ "seed": 63535 },{ "seed": 63555 },{ "seed": 63558 },{ "seed": 63564 },{ "seed": 63593 },{ "seed": 63627 },{ "seed": 63648 },{ "seed": 63654 },{ "seed": 63663 },{ "seed": 63720 },{ "seed": 63727 },{ "seed": 63728 },{ "seed": 63747 },{ "seed": 63755 },{ "seed": 63757 },{ "seed": 63786 },{ "seed": 63810 },{ "seed": 63842 },{ "seed": 63857 },{ "seed": 63917 },{ "seed": 63958 },{ "seed": 63986 },{ "seed": 63998 },{ "seed": 64020 },{ "seed": 64046 },{ "seed": 64052 },{ "seed": 64090 },{ "seed": 64095 },{ "seed": 64101 },{ "seed": 64103 },{ "seed": 64122 },{ "seed": 64192 },{ "seed": 64217 },{ "seed": 64257 },{ "seed": 64271 },{ "seed": 64287 },{ "seed": 64298 },{ "seed": 64299 },{ "seed": 64305 },{ "seed": 64323 },{ "seed": 64341 },{ "seed": 64358 },{ "seed": 64371 },{ "seed": 64398 },{ "seed": 64418 },{ "seed": 64422 },{ "seed": 64461 },{ "seed": 64465 },{ "seed": 64469 },{ "seed": 64617 },{ "seed": 64627 },{ "seed": 64639 },{ "seed": 64732 },{ "seed": 64763 },{ "seed": 64877 },{ "seed": 64899 },{ "seed": 64902 },{ "seed": 64919 },{ "seed": 64926 },{ "seed": 64945 },{ "seed": 64979 },{ "seed": 64980 },{ "seed": 65011 },{ "seed": 65015 },{ "seed": 65043 },{ "seed": 65080 },{ "seed": 65118 },{ "seed": 65138 },{ "seed": 65157 },{ "seed": 65188 },{ "seed": 65244 },{ "seed": 65260 },{ "seed": 65289 },{ "seed": 65303 },{ "seed": 65413 },{ "seed": 65420 },{ "seed": 65468 },{ "seed": 65511 },{ "seed": 65523 },{ "seed": 65535 },{ "seed": 65537 },{ "seed": 65570 },{ "seed": 65574 },{ "seed": 65599 },{ "seed": 65637 },{ "seed": 65683 },{ "seed": 65685 },{ "seed": 65694 },{ "seed": 65706 },{ "seed": 65722 },{ "seed": 65732 },{ "seed": 65747 },{ "seed": 65775 },{ "seed": 65778 },{ "seed": 65819 },{ "seed": 65873 },{ "seed": 65890 },{ "seed": 65895 },{ "seed": 65901 },{ "seed": 66003 },{ "seed": 66015 },{ "seed": 66045 },{ "seed": 66073 },{ "seed": 66077 },{ "seed": 66148 },{ "seed": 66179 },{ "seed": 66182 },{ "seed": 66225 },{ "seed": 66261 },{ "seed": 66269 },{ "seed": 66281 },{ "seed": 66297 },{ "seed": 66301 },{ "seed": 66303 },{ "seed": 66304 },{ "seed": 66346 },{ "seed": 66348 },{ "seed": 66352 },{ "seed": 66386 },{ "seed": 66500 },{ "seed": 66524 },{ "seed": 66565 },{ "seed": 66567 },{ "seed": 66593 },{ "seed": 66615 },{ "seed": 66624 },{ "seed": 66651 },{ "seed": 66655 },{ "seed": 66670 },{ "seed": 66704 },{ "seed": 66724 },{ "seed": 66744 },{ "seed": 66754 },{ "seed": 66779 },{ "seed": 66782 },{ "seed": 66827 },{ "seed": 66840 },{ "seed": 66856 },{ "seed": 66883 },{ "seed": 66907 },{ "seed": 66916 },{ "seed": 66920 },{ "seed": 66957 },{ "seed": 66958 },{ "seed": 66983 },{ "seed": 66984 },{ "seed": 66996 },{ "seed": 67006 },{ "seed": 67044 },{ "seed": 67112 },{ "seed": 67149 },{ "seed": 67156 },{ "seed": 67203 },{ "seed": 67214 },{ "seed": 67218 },{ "seed": 67242 },{ "seed": 67257 },{ "seed": 67268 },{ "seed": 67269 },{ "seed": 67274 },{ "seed": 67280 },{ "seed": 67284 },{ "seed": 67305 },{ "seed": 67342 },{ "seed": 67348 },{ "seed": 67359 },{ "seed": 67364 },{ "seed": 67369 },{ "seed": 67414 },{ "seed": 67419 },{ "seed": 67431 },{ "seed": 67470 },{ "seed": 67475 },{ "seed": 67478 },{ "seed": 67481 },{ "seed": 67490 },{ "seed": 67504 },{ "seed": 67526 },{ "seed": 67539 },{ "seed": 67544 },{ "seed": 67553 },{ "seed": 67568 },{ "seed": 67577 },{ "seed": 67598 },{ "seed": 67606 },{ "seed": 67635 },{ "seed": 67662 },{ "seed": 67666 },{ "seed": 67680 },{ "seed": 67692 },{ "seed": 67695 },{ "seed": 67707 },{ "seed": 67714 },{ "seed": 67768 },{ "seed": 67781 },{ "seed": 67799 },{ "seed": 67819 },{ "seed": 67820 },{ "seed": 67822 },{ "seed": 67838 },{ "seed": 67875 },{ "seed": 67876 },{ "seed": 67917 },{ "seed": 67927 },{ "seed": 67931 },{ "seed": 67938 },{ "seed": 68022 },{ "seed": 68031 },{ "seed": 68051 },{ "seed": 68098 },{ "seed": 68118 },{ "seed": 68142 },{ "seed": 68182 },{ "seed": 68216 },{ "seed": 68230 },{ "seed": 68275 },{ "seed": 68325 },{ "seed": 68342 },{ "seed": 68389 },{ "seed": 68411 },{ "seed": 68428 },{ "seed": 68431 },{ "seed": 68434 },{ "seed": 68513 },{ "seed": 68519 },{ "seed": 68539 },{ "seed": 68574 },{ "seed": 68587 },{ "seed": 68596 },{ "seed": 68597 },{ "seed": 68603 },{ "seed": 68615 },{ "seed": 68635 },{ "seed": 68638 },{ "seed": 68647 },{ "seed": 68660 },{ "seed": 68670 },{ "seed": 68690 },{ "seed": 68692 },{ "seed": 68727 },{ "seed": 68741 },{ "seed": 68761 },{ "seed": 68836 },{ "seed": 68861 },{ "seed": 68934 },{ "seed": 68938 },{ "seed": 68939 },{ "seed": 68967 },{ "seed": 68977 },{ "seed": 69009 },{ "seed": 69015 },{ "seed": 69048 },{ "seed": 69085 },{ "seed": 69097 },{ "seed": 69106 },{ "seed": 69123 },{ "seed": 69165 },{ "seed": 69216 },{ "seed": 69246 },{ "seed": 69282 },{ "seed": 69289 },{ "seed": 69325 },{ "seed": 69424 },{ "seed": 69451 },{ "seed": 69472 },{ "seed": 69510 },{ "seed": 69536 },{ "seed": 69572 },{ "seed": 69590 },{ "seed": 69664 },{ "seed": 69669 },{ "seed": 69677 },{ "seed": 69678 },{ "seed": 69694 },{ "seed": 69729 },{ "seed": 69747 },{ "seed": 69752 },{ "seed": 69813 },{ "seed": 69844 },{ "seed": 69860 },{ "seed": 69887 },{ "seed": 69908 },{ "seed": 69930 },{ "seed": 69942 },{ "seed": 69955 },{ "seed": 69978 },{ "seed": 70008 },{ "seed": 70015 },{ "seed": 70069 },{ "seed": 70097 },{ "seed": 70106 },{ "seed": 70111 },{ "seed": 70130 },{ "seed": 70190 },{ "seed": 70205 },{ "seed": 70221 },{ "seed": 70294 },{ "seed": 70303 },{ "seed": 70320 },{ "seed": 70342 },{ "seed": 70377 },{ "seed": 70422 },{ "seed": 70433 },{ "seed": 70441 },{ "seed": 70460 },{ "seed": 70468 },{ "seed": 70471 },{ "seed": 70492 },{ "seed": 70493 },{ "seed": 70517 },{ "seed": 70521 },{ "seed": 70536 },{ "seed": 70593 },{ "seed": 70603 },{ "seed": 70637 },{ "seed": 70664 },{ "seed": 70676 },{ "seed": 70693 },{ "seed": 70708 },{ "seed": 70726 },{ "seed": 70728 },{ "seed": 70729 },{ "seed": 70780 },{ "seed": 70793 },{ "seed": 70806 },{ "seed": 70829 },{ "seed": 70837 },{ "seed": 70844 },{ "seed": 70877 },{ "seed": 70880 },{ "seed": 70893 },{ "seed": 70899 },{ "seed": 70937 },{ "seed": 70942 },{ "seed": 70974 },{ "seed": 70997 },{ "seed": 71023 },{ "seed": 71028 },{ "seed": 71057 },{ "seed": 71074 },{ "seed": 71091 },{ "seed": 71103 },{ "seed": 71133 },{ "seed": 71136 },{ "seed": 71147 },{ "seed": 71148 },{ "seed": 71173 },{ "seed": 71201 },{ "seed": 71249 },{ "seed": 71251 },{ "seed": 71280 },{ "seed": 71288 },{ "seed": 71308 },{ "seed": 71341 },{ "seed": 71362 },{ "seed": 71378 },{ "seed": 71382 },{ "seed": 71385 },{ "seed": 71395 },{ "seed": 71398 },{ "seed": 71400 },{ "seed": 71413 },{ "seed": 71415 },{ "seed": 71417 },{ "seed": 71441 },{ "seed": 71444 },{ "seed": 71446 },{ "seed": 71509 },{ "seed": 71512 },{ "seed": 71590 },{ "seed": 71617 },{ "seed": 71619 },{ "seed": 71624 },{ "seed": 71640 },{ "seed": 71656 },{ "seed": 71703 },{ "seed": 71718 },{ "seed": 71721 },{ "seed": 71751 },{ "seed": 71772 },{ "seed": 71787 },{ "seed": 71821 },{ "seed": 71824 },{ "seed": 71833 },{ "seed": 71851 },{ "seed": 71867 },{ "seed": 71935 },{ "seed": 71977 },{ "seed": 71997 },{ "seed": 72057 },{ "seed": 72099 },{ "seed": 72126 },{ "seed": 72134 },{ "seed": 72139 },{ "seed": 72171 },{ "seed": 72217 },{ "seed": 72244 },{ "seed": 72267 },{ "seed": 72271 },{ "seed": 72288 },{ "seed": 72296 },{ "seed": 72299 },{ "seed": 72314 },{ "seed": 72320 },{ "seed": 72334 },{ "seed": 72399 },{ "seed": 72489 },{ "seed": 72517 },{ "seed": 72524 },{ "seed": 72536 },{ "seed": 72550 },{ "seed": 72563 },{ "seed": 72587 },{ "seed": 72599 },{ "seed": 72637 },{ "seed": 72644 },{ "seed": 72656 },{ "seed": 72659 },{ "seed": 72667 },{ "seed": 72678 },{ "seed": 72718 },{ "seed": 72721 },{ "seed": 72773 },{ "seed": 72802 },{ "seed": 72837 },{ "seed": 72857 },{ "seed": 72896 },{ "seed": 72914 },{ "seed": 72919 },{ "seed": 72950 },{ "seed": 73000 },{ "seed": 73022 },{ "seed": 73058 },{ "seed": 73069 },{ "seed": 73083 },{ "seed": 73101 },{ "seed": 73103 },{ "seed": 73105 },{ "seed": 73111 },{ "seed": 73166 },{ "seed": 73169 },{ "seed": 73187 },{ "seed": 73197 },{ "seed": 73242 },{ "seed": 73250 },{ "seed": 73261 },{ "seed": 73288 },{ "seed": 73334 },{ "seed": 73401 },{ "seed": 73405 },{ "seed": 73445 },{ "seed": 73499 },{ "seed": 73514 },{ "seed": 73521 },{ "seed": 73530 },{ "seed": 73538 },{ "seed": 73544 },{ "seed": 73573 },{ "seed": 73583 },{ "seed": 73585 },{ "seed": 73606 },{ "seed": 73641 },{ "seed": 73649 },{ "seed": 73650 },{ "seed": 73660 },{ "seed": 73669 },{ "seed": 73694 },{ "seed": 73700 },{ "seed": 73715 },{ "seed": 73731 },{ "seed": 73747 },{ "seed": 73766 },{ "seed": 73789 },{ "seed": 73803 },{ "seed": 73814 },{ "seed": 73851 },{ "seed": 73853 },{ "seed": 73861 },{ "seed": 73862 },{ "seed": 73877 },{ "seed": 73906 },{ "seed": 73923 },{ "seed": 73933 },{ "seed": 73984 },{ "seed": 74003 },{ "seed": 74006 },{ "seed": 74014 },{ "seed": 74024 },{ "seed": 74037 },{ "seed": 74070 },{ "seed": 74080 },{ "seed": 74084 },{ "seed": 74107 },{ "seed": 74145 },{ "seed": 74160 },{ "seed": 74195 },{ "seed": 74323 },{ "seed": 74334 },{ "seed": 74394 },{ "seed": 74398 },{ "seed": 74424 },{ "seed": 74453 },{ "seed": 74479 },{ "seed": 74480 },{ "seed": 74495 },{ "seed": 74503 },{ "seed": 74548 },{ "seed": 74576 },{ "seed": 74605 },{ "seed": 74609 },{ "seed": 74622 },{ "seed": 74639 },{ "seed": 74651 },{ "seed": 74666 },{ "seed": 74708 },{ "seed": 74752 },{ "seed": 74760 },{ "seed": 74770 },{ "seed": 74780 },{ "seed": 74781 },{ "seed": 74806 },{ "seed": 74842 },{ "seed": 74847 },{ "seed": 74898 },{ "seed": 74902 },{ "seed": 74903 },{ "seed": 74904 },{ "seed": 74947 },{ "seed": 74948 },{ "seed": 74962 },{ "seed": 74994 },{ "seed": 75051 },{ "seed": 75052 },{ "seed": 75061 },{ "seed": 75091 },{ "seed": 75093 },{ "seed": 75098 },{ "seed": 75116 },{ "seed": 75157 },{ "seed": 75179 },{ "seed": 75183 },{ "seed": 75199 },{ "seed": 75245 },{ "seed": 75315 },{ "seed": 75316 },{ "seed": 75339 },{ "seed": 75363 },{ "seed": 75376 },{ "seed": 75407 },{ "seed": 75482 },{ "seed": 75514 },{ "seed": 75522 },{ "seed": 75574 },{ "seed": 75603 },{ "seed": 75608 },{ "seed": 75616 },{ "seed": 75618 },{ "seed": 75632 },{ "seed": 75639 },{ "seed": 75664 },{ "seed": 75677 },{ "seed": 75696 },{ "seed": 75704 },{ "seed": 75735 },{ "seed": 75794 },{ "seed": 75817 },{ "seed": 75824 },{ "seed": 75830 },{ "seed": 75863 },{ "seed": 75870 },{ "seed": 75913 },{ "seed": 75919 },{ "seed": 75979 },{ "seed": 75984 },{ "seed": 76009 },{ "seed": 76011 },{ "seed": 76022 },{ "seed": 76035 },{ "seed": 76045 },{ "seed": 76063 },{ "seed": 76073 },{ "seed": 76081 },{ "seed": 76115 },{ "seed": 76141 },{ "seed": 76172 },{ "seed": 76173 },{ "seed": 76200 },{ "seed": 76202 },{ "seed": 76236 },{ "seed": 76298 },{ "seed": 76338 },{ "seed": 76399 },{ "seed": 76400 },{ "seed": 76406 },{ "seed": 76442 },{ "seed": 76445 },{ "seed": 76495 },{ "seed": 76500 },{ "seed": 76502 },{ "seed": 76514 },{ "seed": 76515 },{ "seed": 76516 },{ "seed": 76522 },{ "seed": 76536 },{ "seed": 76556 },{ "seed": 76570 },{ "seed": 76590 },{ "seed": 76597 },{ "seed": 76606 },{ "seed": 76624 },{ "seed": 76662 },{ "seed": 76680 },{ "seed": 76693 },{ "seed": 76719 },{ "seed": 76721 },{ "seed": 76732 },{ "seed": 76787 },{ "seed": 76800 },{ "seed": 76808 },{ "seed": 76837 },{ "seed": 76842 },{ "seed": 76855 },{ "seed": 76863 },{ "seed": 76873 },{ "seed": 76895 },{ "seed": 76898 },{ "seed": 76929 },{ "seed": 76938 },{ "seed": 76979 },{ "seed": 76981 },{ "seed": 76984 },{ "seed": 76996 },{ "seed": 77027 },{ "seed": 77030 },{ "seed": 77032 },{ "seed": 77143 },{ "seed": 77147 },{ "seed": 77148 },{ "seed": 77154 },{ "seed": 77158 },{ "seed": 77172 },{ "seed": 77175 },{ "seed": 77183 },{ "seed": 77235 },{ "seed": 77251 },{ "seed": 77257 },{ "seed": 77294 },{ "seed": 77323 },{ "seed": 77324 },{ "seed": 77329 },{ "seed": 77365 },{ "seed": 77378 },{ "seed": 77386 },{ "seed": 77407 },{ "seed": 77411 },{ "seed": 77419 },{ "seed": 77449 },{ "seed": 77487 },{ "seed": 77556 },{ "seed": 77569 },{ "seed": 77588 },{ "seed": 77610 },{ "seed": 77664 },{ "seed": 77670 },{ "seed": 77696 },{ "seed": 77700 },{ "seed": 77708 },{ "seed": 77717 },{ "seed": 77778 },{ "seed": 77785 },{ "seed": 77794 },{ "seed": 77810 },{ "seed": 77813 },{ "seed": 77818 },{ "seed": 77824 },{ "seed": 77854 },{ "seed": 77862 },{ "seed": 77885 },{ "seed": 77937 },{ "seed": 77973 },{ "seed": 77993 },{ "seed": 77994 },{ "seed": 78009 },{ "seed": 78095 },{ "seed": 78119 },{ "seed": 78145 },{ "seed": 78149 },{ "seed": 78213 },{ "seed": 78215 },{ "seed": 78259 },{ "seed": 78280 },{ "seed": 78304 },{ "seed": 78326 },{ "seed": 78330 },{ "seed": 78354 },{ "seed": 78378 },{ "seed": 78441 },{ "seed": 78444 },{ "seed": 78478 },{ "seed": 78486 },{ "seed": 78507 },{ "seed": 78523 },{ "seed": 78556 },{ "seed": 78558 },{ "seed": 78621 },{ "seed": 78667 },{ "seed": 78693 },{ "seed": 78715 },{ "seed": 78734 },{ "seed": 78757 },{ "seed": 78802 },{ "seed": 78810 },{ "seed": 78822 },{ "seed": 78837 },{ "seed": 78943 },{ "seed": 78998 },{ "seed": 79070 },{ "seed": 79079 },{ "seed": 79082 },{ "seed": 79088 },{ "seed": 79094 },{ "seed": 79221 },{ "seed": 79274 },{ "seed": 79304 },{ "seed": 79319 },{ "seed": 79330 },{ "seed": 79335 },{ "seed": 79344 },{ "seed": 79380 },{ "seed": 79428 },{ "seed": 79431 },{ "seed": 79436 },{ "seed": 79475 },{ "seed": 79492 },{ "seed": 79534 },{ "seed": 79556 },{ "seed": 79568 },{ "seed": 79569 },{ "seed": 79600 },{ "seed": 79606 },{ "seed": 79625 },{ "seed": 79634 },{ "seed": 79735 },{ "seed": 79740 },{ "seed": 79790 },{ "seed": 79802 },{ "seed": 79851 },{ "seed": 79872 },{ "seed": 79887 },{ "seed": 79897 },{ "seed": 79920 },{ "seed": 79925 },{ "seed": 79928 },{ "seed": 79937 },{ "seed": 79973 },{ "seed": 79977 },{ "seed": 79982 },{ "seed": 80020 },{ "seed": 80042 },{ "seed": 80057 },{ "seed": 80064 },{ "seed": 80065 },{ "seed": 80086 },{ "seed": 80091 },{ "seed": 80106 },{ "seed": 80156 },{ "seed": 80172 },{ "seed": 80194 },{ "seed": 80222 },{ "seed": 80229 },{ "seed": 80249 },{ "seed": 80272 },{ "seed": 80287 },{ "seed": 80310 },{ "seed": 80323 },{ "seed": 80325 },{ "seed": 80332 },{ "seed": 80335 },{ "seed": 80345 },{ "seed": 80352 },{ "seed": 80374 },{ "seed": 80375 },{ "seed": 80386 },{ "seed": 80431 },{ "seed": 80438 },{ "seed": 80451 },{ "seed": 80469 },{ "seed": 80508 },{ "seed": 80586 },{ "seed": 80591 },{ "seed": 80611 },{ "seed": 80627 },{ "seed": 80635 },{ "seed": 80672 },{ "seed": 80723 },{ "seed": 80744 },{ "seed": 80754 },{ "seed": 80784 },{ "seed": 80805 },{ "seed": 80811 },{ "seed": 80835 },{ "seed": 80847 },{ "seed": 80850 },{ "seed": 80852 },{ "seed": 80854 },{ "seed": 80864 },{ "seed": 80889 },{ "seed": 80912 },{ "seed": 80940 },{ "seed": 80945 },{ "seed": 80946 },{ "seed": 80970 },{ "seed": 80974 },{ "seed": 80989 },{ "seed": 81019 },{ "seed": 81031 },{ "seed": 81131 },{ "seed": 81230 },{ "seed": 81290 },{ "seed": 81341 },{ "seed": 81356 },{ "seed": 81374 },{ "seed": 81383 },{ "seed": 81414 },{ "seed": 81471 },{ "seed": 81530 },{ "seed": 81545 },{ "seed": 81573 },{ "seed": 81587 },{ "seed": 81611 },{ "seed": 81627 },{ "seed": 81686 },{ "seed": 81693 },{ "seed": 81711 },{ "seed": 81724 },{ "seed": 81742 },{ "seed": 81760 },{ "seed": 81777 },{ "seed": 81804 },{ "seed": 81806 },{ "seed": 81840 },{ "seed": 81850 },{ "seed": 81851 },{ "seed": 81867 },{ "seed": 81882 },{ "seed": 81884 },{ "seed": 81885 },{ "seed": 81888 },{ "seed": 81916 },{ "seed": 81981 },{ "seed": 82004 },{ "seed": 82030 },{ "seed": 82034 },{ "seed": 82099 },{ "seed": 82116 },{ "seed": 82133 },{ "seed": 82142 },{ "seed": 82167 },{ "seed": 82178 },{ "seed": 82184 },{ "seed": 82194 },{ "seed": 82214 },{ "seed": 82222 },{ "seed": 82274 },{ "seed": 82355 },{ "seed": 82358 },{ "seed": 82362 },{ "seed": 82399 },{ "seed": 82442 },{ "seed": 82460 },{ "seed": 82486 },{ "seed": 82534 },{ "seed": 82551 },{ "seed": 82570 },{ "seed": 82579 },{ "seed": 82581 },{ "seed": 82583 },{ "seed": 82589 },{ "seed": 82595 },{ "seed": 82668 },{ "seed": 82690 },{ "seed": 82725 },{ "seed": 82748 },{ "seed": 82769 },{ "seed": 82770 },{ "seed": 82784 },{ "seed": 82862 },{ "seed": 82863 },{ "seed": 82933 },{ "seed": 82963 },{ "seed": 83034 },{ "seed": 83053 },{ "seed": 83055 },{ "seed": 83098 },{ "seed": 83116 },{ "seed": 83144 },{ "seed": 83175 },{ "seed": 83178 },{ "seed": 83184 },{ "seed": 83208 },{ "seed": 83236 },{ "seed": 83258 },{ "seed": 83263 },{ "seed": 83264 },{ "seed": 83302 },{ "seed": 83324 },{ "seed": 83329 },{ "seed": 83370 },{ "seed": 83374 },{ "seed": 83375 },{ "seed": 83400 },{ "seed": 83423 },{ "seed": 83442 },{ "seed": 83461 },{ "seed": 83468 },{ "seed": 83506 },{ "seed": 83605 },{ "seed": 83618 },{ "seed": 83627 },{ "seed": 83629 },{ "seed": 83641 },{ "seed": 83654 },{ "seed": 83657 },{ "seed": 83682 },{ "seed": 83689 },{ "seed": 83697 },{ "seed": 83701 },{ "seed": 83725 },{ "seed": 83804 },{ "seed": 83842 },{ "seed": 83861 },{ "seed": 83867 },{ "seed": 83896 },{ "seed": 83901 },{ "seed": 83905 },{ "seed": 83921 },{ "seed": 83926 },{ "seed": 83941 },{ "seed": 83971 },{ "seed": 83991 },{ "seed": 83992 },{ "seed": 84010 },{ "seed": 84028 },{ "seed": 84039 },{ "seed": 84055 },{ "seed": 84058 },{ "seed": 84074 },{ "seed": 84100 },{ "seed": 84162 },{ "seed": 84188 },{ "seed": 84224 },{ "seed": 84226 },{ "seed": 84312 },{ "seed": 84317 },{ "seed": 84336 },{ "seed": 84354 },{ "seed": 84416 },{ "seed": 84420 },{ "seed": 84436 },{ "seed": 84448 },{ "seed": 84453 },{ "seed": 84454 },{ "seed": 84456 },{ "seed": 84470 },{ "seed": 84507 },{ "seed": 84508 },{ "seed": 84513 },{ "seed": 84524 },{ "seed": 84537 },{ "seed": 84586 },{ "seed": 84619 },{ "seed": 84642 },{ "seed": 84662 },{ "seed": 84666 },{ "seed": 84667 },{ "seed": 84670 },{ "seed": 84675 },{ "seed": 84739 },{ "seed": 84755 },{ "seed": 84819 },{ "seed": 84850 },{ "seed": 84858 },{ "seed": 84860 },{ "seed": 84874 },{ "seed": 84940 },{ "seed": 84944 },{ "seed": 84959 },{ "seed": 85011 },{ "seed": 85054 },{ "seed": 85057 },{ "seed": 85070 },{ "seed": 85096 },{ "seed": 85106 },{ "seed": 85144 },{ "seed": 85146 },{ "seed": 85155 },{ "seed": 85159 },{ "seed": 85210 },{ "seed": 85229 },{ "seed": 85248 },{ "seed": 85282 },{ "seed": 85284 },{ "seed": 85348 },{ "seed": 85349 },{ "seed": 85351 },{ "seed": 85389 },{ "seed": 85429 },{ "seed": 85441 },{ "seed": 85466 },{ "seed": 85467 },{ "seed": 85470 },{ "seed": 85518 },{ "seed": 85522 },{ "seed": 85528 },{ "seed": 85536 },{ "seed": 85544 },{ "seed": 85623 },{ "seed": 85657 },{ "seed": 85668 },{ "seed": 85674 },{ "seed": 85678 },{ "seed": 85691 },{ "seed": 85777 },{ "seed": 85817 },{ "seed": 85852 },{ "seed": 85883 },{ "seed": 85890 },{ "seed": 85938 },{ "seed": 85944 },{ "seed": 85946 },{ "seed": 85963 },{ "seed": 85983 },{ "seed": 85996 },{ "seed": 86016 },{ "seed": 86028 },{ "seed": 86048 },{ "seed": 86089 },{ "seed": 86113 },{ "seed": 86117 },{ "seed": 86137 },{ "seed": 86145 },{ "seed": 86206 },{ "seed": 86234 },{ "seed": 86321 },{ "seed": 86342 },{ "seed": 86347 },{ "seed": 86369 },{ "seed": 86373 },{ "seed": 86394 },{ "seed": 86407 },{ "seed": 86419 },{ "seed": 86463 },{ "seed": 86473 },{ "seed": 86487 },{ "seed": 86499 },{ "seed": 86519 },{ "seed": 86540 },{ "seed": 86569 },{ "seed": 86576 },{ "seed": 86613 },{ "seed": 86627 },{ "seed": 86633 },{ "seed": 86636 },{ "seed": 86657 },{ "seed": 86694 },{ "seed": 86709 },{ "seed": 86713 },{ "seed": 86732 },{ "seed": 86735 },{ "seed": 86740 },{ "seed": 86742 },{ "seed": 86750 },{ "seed": 86783 },{ "seed": 86806 },{ "seed": 86833 },{ "seed": 86853 },{ "seed": 86899 },{ "seed": 86913 },{ "seed": 86917 },{ "seed": 86919 },{ "seed": 86941 },{ "seed": 86944 },{ "seed": 86951 },{ "seed": 86957 },{ "seed": 86997 },{ "seed": 87007 },{ "seed": 87017 },{ "seed": 87063 },{ "seed": 87078 },{ "seed": 87125 },{ "seed": 87143 },{ "seed": 87159 },{ "seed": 87172 },{ "seed": 87216 },{ "seed": 87233 },{ "seed": 87266 },{ "seed": 87273 },{ "seed": 87286 },{ "seed": 87294 },{ "seed": 87297 },{ "seed": 87298 },{ "seed": 87326 },{ "seed": 87335 },{ "seed": 87340 },{ "seed": 87344 },{ "seed": 87345 },{ "seed": 87355 },{ "seed": 87367 },{ "seed": 87376 },{ "seed": 87380 },{ "seed": 87403 },{ "seed": 87404 },{ "seed": 87461 },{ "seed": 87494 },{ "seed": 87535 },{ "seed": 87590 },{ "seed": 87593 },{ "seed": 87600 },{ "seed": 87658 },{ "seed": 87682 },{ "seed": 87698 },{ "seed": 87714 },{ "seed": 87729 },{ "seed": 87744 },{ "seed": 87751 },{ "seed": 87768 },{ "seed": 87786 },{ "seed": 87828 },{ "seed": 87831 },{ "seed": 87841 },{ "seed": 87849 },{ "seed": 87857 },{ "seed": 87890 },{ "seed": 87919 },{ "seed": 87938 },{ "seed": 87994 },{ "seed": 88009 },{ "seed": 88011 },{ "seed": 88075 },{ "seed": 88089 },{ "seed": 88098 },{ "seed": 88114 },{ "seed": 88210 },{ "seed": 88227 },{ "seed": 88239 },{ "seed": 88243 },{ "seed": 88245 },{ "seed": 88290 },{ "seed": 88295 },{ "seed": 88316 },{ "seed": 88354 },{ "seed": 88384 },{ "seed": 88388 },{ "seed": 88485 },{ "seed": 88562 },{ "seed": 88570 },{ "seed": 88584 },{ "seed": 88585 },{ "seed": 88599 },{ "seed": 88626 },{ "seed": 88711 },{ "seed": 88715 },{ "seed": 88719 },{ "seed": 88744 },{ "seed": 88810 },{ "seed": 88873 },{ "seed": 88881 },{ "seed": 88895 },{ "seed": 88900 },{ "seed": 88907 },{ "seed": 88908 },{ "seed": 88974 },{ "seed": 88982 },{ "seed": 89014 },{ "seed": 89035 },{ "seed": 89038 },{ "seed": 89045 },{ "seed": 89063 },{ "seed": 89071 },{ "seed": 89121 },{ "seed": 89151 },{ "seed": 89152 },{ "seed": 89168 },{ "seed": 89170 },{ "seed": 89201 },{ "seed": 89227 },{ "seed": 89229 },{ "seed": 89249 },{ "seed": 89258 },{ "seed": 89265 },{ "seed": 89348 },{ "seed": 89350 },{ "seed": 89351 },{ "seed": 89363 },{ "seed": 89368 },{ "seed": 89378 },{ "seed": 89381 },{ "seed": 89438 },{ "seed": 89477 },{ "seed": 89500 },{ "seed": 89523 },{ "seed": 89561 },{ "seed": 89580 },{ "seed": 89598 },{ "seed": 89671 },{ "seed": 89711 },{ "seed": 89712 },{ "seed": 89736 },{ "seed": 89752 },{ "seed": 89768 },{ "seed": 89780 },{ "seed": 89783 },{ "seed": 89801 },{ "seed": 89804 },{ "seed": 89823 },{ "seed": 89848 },{ "seed": 89849 },{ "seed": 89941 },{ "seed": 89991 },{ "seed": 90017 },{ "seed": 90026 },{ "seed": 90052 },{ "seed": 90069 },{ "seed": 90084 },{ "seed": 90133 },{ "seed": 90147 },{ "seed": 90158 },{ "seed": 90180 },{ "seed": 90196 },{ "seed": 90201 },{ "seed": 90205 },{ "seed": 90221 },{ "seed": 90293 },{ "seed": 90306 },{ "seed": 90323 },{ "seed": 90326 },{ "seed": 90331 },{ "seed": 90400 },{ "seed": 90410 },{ "seed": 90420 },{ "seed": 90431 },{ "seed": 90439 },{ "seed": 90442 },{ "seed": 90461 },{ "seed": 90501 },{ "seed": 90509 },{ "seed": 90517 },{ "seed": 90586 },{ "seed": 90609 },{ "seed": 90637 },{ "seed": 90640 },{ "seed": 90675 },{ "seed": 90681 },{ "seed": 90696 },{ "seed": 90713 },{ "seed": 90719 },{ "seed": 90720 },{ "seed": 90741 },{ "seed": 90778 },{ "seed": 90805 },{ "seed": 90830 },{ "seed": 90875 },{ "seed": 90906 },{ "seed": 90941 },{ "seed": 90954 },{ "seed": 90966 },{ "seed": 91008 },{ "seed": 91013 },{ "seed": 91014 },{ "seed": 91026 },{ "seed": 91068 },{ "seed": 91069 },{ "seed": 91102 },{ "seed": 91133 },{ "seed": 91198 },{ "seed": 91371 },{ "seed": 91420 },{ "seed": 91425 },{ "seed": 91438 },{ "seed": 91466 },{ "seed": 91468 },{ "seed": 91508 },{ "seed": 91551 },{ "seed": 91554 },{ "seed": 91602 },{ "seed": 91614 },{ "seed": 91623 },{ "seed": 91673 },{ "seed": 91751 },{ "seed": 91770 },{ "seed": 91777 },{ "seed": 91780 },{ "seed": 91782 },{ "seed": 91826 },{ "seed": 91829 },{ "seed": 91839 },{ "seed": 91872 },{ "seed": 91887 },{ "seed": 91889 },{ "seed": 91905 },{ "seed": 91928 },{ "seed": 92007 },{ "seed": 92037 },{ "seed": 92046 },{ "seed": 92099 },{ "seed": 92112 },{ "seed": 92181 },{ "seed": 92211 },{ "seed": 92259 },{ "seed": 92270 },{ "seed": 92273 },{ "seed": 92274 },{ "seed": 92275 },{ "seed": 92281 },{ "seed": 92334 },{ "seed": 92339 },{ "seed": 92376 },{ "seed": 92418 },{ "seed": 92478 },{ "seed": 92523 },{ "seed": 92524 },{ "seed": 92611 },{ "seed": 92650 },{ "seed": 92653 },{ "seed": 92681 },{ "seed": 92692 },{ "seed": 92702 },{ "seed": 92732 },{ "seed": 92766 },{ "seed": 92785 },{ "seed": 92793 },{ "seed": 92796 },{ "seed": 92816 },{ "seed": 92825 },{ "seed": 92887 },{ "seed": 92891 },{ "seed": 92918 },{ "seed": 92936 },{ "seed": 92969 },{ "seed": 93003 },{ "seed": 93018 },{ "seed": 93022 },{ "seed": 93033 },{ "seed": 93136 },{ "seed": 93149 },{ "seed": 93184 },{ "seed": 93185 },{ "seed": 93217 },{ "seed": 93277 },{ "seed": 93314 },{ "seed": 93325 },{ "seed": 93340 },{ "seed": 93341 },{ "seed": 93385 },{ "seed": 93389 },{ "seed": 93433 },{ "seed": 93467 },{ "seed": 93486 },{ "seed": 93521 },{ "seed": 93533 },{ "seed": 93552 },{ "seed": 93595 },{ "seed": 93608 },{ "seed": 93620 },{ "seed": 93629 },{ "seed": 93649 },{ "seed": 93698 },{ "seed": 93756 },{ "seed": 93767 },{ "seed": 93800 },{ "seed": 93812 },{ "seed": 93843 },{ "seed": 93853 },{ "seed": 93866 },{ "seed": 93910 },{ "seed": 93918 },{ "seed": 93925 },{ "seed": 93961 },{ "seed": 94000 },{ "seed": 94045 },{ "seed": 94065 },{ "seed": 94077 },{ "seed": 94124 },{ "seed": 94130 },{ "seed": 94149 },{ "seed": 94162 },{ "seed": 94163 },{ "seed": 94192 },{ "seed": 94231 },{ "seed": 94232 },{ "seed": 94258 },{ "seed": 94264 },{ "seed": 94274 },{ "seed": 94285 },{ "seed": 94314 },{ "seed": 94352 },{ "seed": 94372 },{ "seed": 94387 },{ "seed": 94414 },{ "seed": 94416 },{ "seed": 94467 },{ "seed": 94524 },{ "seed": 94556 },{ "seed": 94572 },{ "seed": 94584 },{ "seed": 94591 },{ "seed": 94605 },{ "seed": 94627 },{ "seed": 94659 },{ "seed": 94673 },{ "seed": 94681 },{ "seed": 94686 },{ "seed": 94710 },{ "seed": 94739 },{ "seed": 94760 },{ "seed": 94879 },{ "seed": 94885 },{ "seed": 94947 },{ "seed": 94955 },{ "seed": 94963 },{ "seed": 94977 },{ "seed": 95002 },{ "seed": 95007 },{ "seed": 95008 },{ "seed": 95037 },{ "seed": 95112 },{ "seed": 95137 },{ "seed": 95164 },{ "seed": 95180 },{ "seed": 95240 },{ "seed": 95278 },{ "seed": 95288 },{ "seed": 95354 },{ "seed": 95380 },{ "seed": 95394 },{ "seed": 95429 },{ "seed": 95470 },{ "seed": 95492 },{ "seed": 95493 },{ "seed": 95610 },{ "seed": 95648 },{ "seed": 95669 },{ "seed": 95671 },{ "seed": 95683 },{ "seed": 95690 },{ "seed": 95696 },{ "seed": 95749 },{ "seed": 95809 },{ "seed": 95826 },{ "seed": 95838 },{ "seed": 95856 },{ "seed": 95874 },{ "seed": 95886 },{ "seed": 95888 },{ "seed": 95899 },{ "seed": 95908 },{ "seed": 95918 },{ "seed": 95964 },{ "seed": 95999 },{ "seed": 96009 },{ "seed": 96017 },{ "seed": 96027 },{ "seed": 96073 },{ "seed": 96089 },{ "seed": 96122 },{ "seed": 96149 },{ "seed": 96162 },{ "seed": 96172 },{ "seed": 96192 },{ "seed": 96194 },{ "seed": 96216 },{ "seed": 96232 },{ "seed": 96244 },{ "seed": 96280 },{ "seed": 96299 },{ "seed": 96312 },{ "seed": 96350 },{ "seed": 96418 },{ "seed": 96430 },{ "seed": 96485 },{ "seed": 96497 },{ "seed": 96507 },{ "seed": 96525 },{ "seed": 96535 },{ "seed": 96536 },{ "seed": 96554 },{ "seed": 96622 },{ "seed": 96652 },{ "seed": 96699 },{ "seed": 96748 },{ "seed": 96759 },{ "seed": 96762 },{ "seed": 96778 },{ "seed": 96797 },{ "seed": 96850 },{ "seed": 96868 },{ "seed": 96896 },{ "seed": 96959 },{ "seed": 96963 },{ "seed": 96997 },{ "seed": 97037 },{ "seed": 97055 },{ "seed": 97102 },{ "seed": 97137 },{ "seed": 97166 },{ "seed": 97167 },{ "seed": 97256 },{ "seed": 97328 },{ "seed": 97373 },{ "seed": 97393 },{ "seed": 97498 },{ "seed": 97520 },{ "seed": 97533 },{ "seed": 97592 },{ "seed": 97602 },{ "seed": 97659 },{ "seed": 97684 },{ "seed": 97697 },{ "seed": 97707 },{ "seed": 97714 },{ "seed": 97724 },{ "seed": 97733 },{ "seed": 97734 },{ "seed": 97751 },{ "seed": 97756 },{ "seed": 97783 },{ "seed": 97787 },{ "seed": 97790 },{ "seed": 97792 },{ "seed": 97849 },{ "seed": 97856 },{ "seed": 97870 },{ "seed": 97879 },{ "seed": 97894 },{ "seed": 97977 },{ "seed": 97992 },{ "seed": 98026 },{ "seed": 98052 },{ "seed": 98062 },{ "seed": 98063 },{ "seed": 98080 },{ "seed": 98156 },{ "seed": 98165 },{ "seed": 98189 },{ "seed": 98223 },{ "seed": 98251 },{ "seed": 98258 },{ "seed": 98337 },{ "seed": 98350 },{ "seed": 98355 },{ "seed": 98387 },{ "seed": 98414 },{ "seed": 98425 },{ "seed": 98466 },{ "seed": 98480 },{ "seed": 98506 },{ "seed": 98522 },{ "seed": 98527 },{ "seed": 98562 },{ "seed": 98570 },{ "seed": 98606 },{ "seed": 98611 },{ "seed": 98655 },{ "seed": 98656 },{ "seed": 98663 },{ "seed": 98671 },{ "seed": 98694 },{ "seed": 98696 },{ "seed": 98706 },{ "seed": 98718 },{ "seed": 98744 },{ "seed": 98770 },{ "seed": 98778 },{ "seed": 98836 },{ "seed": 98851 },{ "seed": 98889 },{ "seed": 98947 },{ "seed": 98954 },{ "seed": 98958 },{ "seed": 98968 },{ "seed": 99021 },{ "seed": 99074 },{ "seed": 99088 },{ "seed": 99109 },{ "seed": 99124 },{ "seed": 99150 },{ "seed": 99160 },{ "seed": 99172 },{ "seed": 99185 },{ "seed": 99195 },{ "seed": 99219 },{ "seed": 99288 },{ "seed": 99340 },{ "seed": 99361 },{ "seed": 99371 },{ "seed": 99378 },{ "seed": 99404 },{ "seed": 99461 },{ "seed": 99490 },{ "seed": 99506 },{ "seed": 99510 },{ "seed": 99514 },{ "seed": 99526 },{ "seed": 99559 },{ "seed": 99585 },{ "seed": 99646 },{ "seed": 99653 },{ "seed": 99656 },{ "seed": 99659 },{ "seed": 99665 },{ "seed": 99713 },{ "seed": 99746 },{ "seed": 99775 },{ "seed": 99888 },{ "seed": 99890 },{ "seed": 99893 },{ "seed": 99916 },{ "seed": 99958 } ]