[ { "seed": 1 },{ "seed": 40 },{ "seed": 115 },{ "seed": 122 },{ "seed": 135 },{ "seed": 150 },{ "seed": 153 },{ "seed": 157 },{ "seed": 162 },{ "seed": 180 },{ "seed": 231 },{ "seed": 259 },{ "seed": 272 },{ "seed": 273 },{ "seed": 281 },{ "seed": 295 },{ "seed": 355 },{ "seed": 359 },{ "seed": 362 },{ "seed": 367 },{ "seed": 397 },{ "seed": 415 },{ "seed": 422 },{ "seed": 424 },{ "seed": 445 },{ "seed": 454 },{ "seed": 462 },{ "seed": 521 },{ "seed": 541 },{ "seed": 542 },{ "seed": 559 },{ "seed": 566 },{ "seed": 597 },{ "seed": 622 },{ "seed": 637 },{ "seed": 666 },{ "seed": 679 },{ "seed": 690 },{ "seed": 704 },{ "seed": 739 },{ "seed": 740 },{ "seed": 749 },{ "seed": 763 },{ "seed": 790 },{ "seed": 799 },{ "seed": 857 },{ "seed": 891 },{ "seed": 895 },{ "seed": 955 },{ "seed": 1006 },{ "seed": 1021 },{ "seed": 1064 },{ "seed": 1092 },{ "seed": 1095 },{ "seed": 1169 },{ "seed": 1181 },{ "seed": 1185 },{ "seed": 1187 },{ "seed": 1189 },{ "seed": 1226 },{ "seed": 1265 },{ "seed": 1268 },{ "seed": 1279 },{ "seed": 1304 },{ "seed": 1374 },{ "seed": 1378 },{ "seed": 1463 },{ "seed": 1480 },{ "seed": 1484 },{ "seed": 1542 },{ "seed": 1617 },{ "seed": 1618 },{ "seed": 1630 },{ "seed": 1699 },{ "seed": 1714 },{ "seed": 1720 },{ "seed": 1843 },{ "seed": 1854 },{ "seed": 1895 },{ "seed": 1898 },{ "seed": 1914 },{ "seed": 1921 },{ "seed": 1925 },{ "seed": 1952 },{ "seed": 1986 },{ "seed": 2005 },{ "seed": 2040 },{ "seed": 2069 },{ "seed": 2074 },{ "seed": 2083 },{ "seed": 2084 },{ "seed": 2086 },{ "seed": 2117 },{ "seed": 2149 },{ "seed": 2180 },{ "seed": 2243 },{ "seed": 2251 },{ "seed": 2254 },{ "seed": 2267 },{ "seed": 2290 },{ "seed": 2327 },{ "seed": 2346 },{ "seed": 2392 },{ "seed": 2393 },{ "seed": 2419 },{ "seed": 2433 },{ "seed": 2474 },{ "seed": 2498 },{ "seed": 2508 },{ "seed": 2573 },{ "seed": 2613 },{ "seed": 2618 },{ "seed": 2687 },{ "seed": 2734 },{ "seed": 2748 },{ "seed": 2751 },{ "seed": 2826 },{ "seed": 2841 },{ "seed": 2844 },{ "seed": 2960 },{ "seed": 2996 },{ "seed": 3015 },{ "seed": 3019 },{ "seed": 3045 },{ "seed": 3050 },{ "seed": 3052 },{ "seed": 3057 },{ "seed": 3068 },{ "seed": 3073 },{ "seed": 3075 },{ "seed": 3102 },{ "seed": 3217 },{ "seed": 3378 },{ "seed": 3417 },{ "seed": 3424 },{ "seed": 3428 },{ "seed": 3446 },{ "seed": 3454 },{ "seed": 3507 },{ "seed": 3512 },{ "seed": 3514 },{ "seed": 3561 },{ "seed": 3576 },{ "seed": 3673 },{ "seed": 3736 },{ "seed": 3738 },{ "seed": 3791 },{ "seed": 3792 },{ "seed": 3806 },{ "seed": 3807 },{ "seed": 3844 },{ "seed": 3872 },{ "seed": 3875 },{ "seed": 3876 },{ "seed": 3901 },{ "seed": 3903 },{ "seed": 3937 },{ "seed": 4006 },{ "seed": 4021 },{ "seed": 4050 },{ "seed": 4104 },{ "seed": 4131 },{ "seed": 4150 },{ "seed": 4168 },{ "seed": 4184 },{ "seed": 4222 },{ "seed": 4231 },{ "seed": 4244 },{ "seed": 4290 },{ "seed": 4297 },{ "seed": 4403 },{ "seed": 4450 },{ "seed": 4453 },{ "seed": 4461 },{ "seed": 4527 },{ "seed": 4538 },{ "seed": 4541 },{ "seed": 4560 },{ "seed": 4618 },{ "seed": 4688 },{ "seed": 4694 },{ "seed": 4740 },{ "seed": 4762 },{ "seed": 4777 },{ "seed": 4781 },{ "seed": 4815 },{ "seed": 4821 },{ "seed": 4854 },{ "seed": 4866 },{ "seed": 4879 },{ "seed": 4886 },{ "seed": 4889 },{ "seed": 4903 },{ "seed": 4906 },{ "seed": 4917 },{ "seed": 4995 },{ "seed": 5048 },{ "seed": 5055 },{ "seed": 5070 },{ "seed": 5079 },{ "seed": 5125 },{ "seed": 5139 },{ "seed": 5167 },{ "seed": 5188 },{ "seed": 5205 },{ "seed": 5214 },{ "seed": 5285 },{ "seed": 5292 },{ "seed": 5300 },{ "seed": 5325 },{ "seed": 5337 },{ "seed": 5383 },{ "seed": 5386 },{ "seed": 5390 },{ "seed": 5405 },{ "seed": 5421 },{ "seed": 5444 },{ "seed": 5448 },{ "seed": 5470 },{ "seed": 5493 },{ "seed": 5497 },{ "seed": 5501 },{ "seed": 5513 },{ "seed": 5516 },{ "seed": 5569 },{ "seed": 5622 },{ "seed": 5689 },{ "seed": 5748 },{ "seed": 5763 },{ "seed": 5787 },{ "seed": 5812 },{ "seed": 5821 },{ "seed": 5879 },{ "seed": 5929 },{ "seed": 5958 },{ "seed": 5962 },{ "seed": 5971 },{ "seed": 5978 },{ "seed": 5998 },{ "seed": 6023 },{ "seed": 6047 },{ "seed": 6052 },{ "seed": 6175 },{ "seed": 6177 },{ "seed": 6179 },{ "seed": 6209 },{ "seed": 6228 },{ "seed": 6309 },{ "seed": 6323 },{ "seed": 6327 },{ "seed": 6419 },{ "seed": 6431 },{ "seed": 6467 },{ "seed": 6472 },{ "seed": 6497 },{ "seed": 6552 },{ "seed": 6572 },{ "seed": 6586 },{ "seed": 6601 },{ "seed": 6616 },{ "seed": 6620 },{ "seed": 6655 },{ "seed": 6662 },{ "seed": 6669 },{ "seed": 6680 },{ "seed": 6686 },{ "seed": 6712 },{ "seed": 6773 },{ "seed": 6795 },{ "seed": 6796 },{ "seed": 6814 },{ "seed": 6816 },{ "seed": 6896 },{ "seed": 6901 },{ "seed": 6917 },{ "seed": 6948 },{ "seed": 6951 },{ "seed": 6978 },{ "seed": 7020 },{ "seed": 7042 },{ "seed": 7047 },{ "seed": 7063 },{ "seed": 7122 },{ "seed": 7144 },{ "seed": 7175 },{ "seed": 7208 },{ "seed": 7215 },{ "seed": 7241 },{ "seed": 7247 },{ "seed": 7281 },{ "seed": 7292 },{ "seed": 7293 },{ "seed": 7341 },{ "seed": 7399 },{ "seed": 7420 },{ "seed": 7459 },{ "seed": 7487 },{ "seed": 7518 },{ "seed": 7527 },{ "seed": 7531 },{ "seed": 7546 },{ "seed": 7547 },{ "seed": 7633 },{ "seed": 7634 },{ "seed": 7643 },{ "seed": 7677 },{ "seed": 7679 },{ "seed": 7800 },{ "seed": 7807 },{ "seed": 7840 },{ "seed": 7960 },{ "seed": 7975 },{ "seed": 7997 },{ "seed": 8004 },{ "seed": 8043 },{ "seed": 8085 },{ "seed": 8103 },{ "seed": 8185 },{ "seed": 8189 },{ "seed": 8245 },{ "seed": 8249 },{ "seed": 8294 },{ "seed": 8297 },{ "seed": 8326 },{ "seed": 8351 },{ "seed": 8352 },{ "seed": 8374 },{ "seed": 8415 },{ "seed": 8574 },{ "seed": 8606 },{ "seed": 8693 },{ "seed": 8715 },{ "seed": 8719 },{ "seed": 8731 },{ "seed": 8737 },{ "seed": 8739 },{ "seed": 8780 },{ "seed": 8802 },{ "seed": 8911 },{ "seed": 8931 },{ "seed": 8961 },{ "seed": 9007 },{ "seed": 9062 },{ "seed": 9096 },{ "seed": 9104 },{ "seed": 9108 },{ "seed": 9119 },{ "seed": 9124 },{ "seed": 9126 },{ "seed": 9185 },{ "seed": 9202 },{ "seed": 9224 },{ "seed": 9226 },{ "seed": 9237 },{ "seed": 9246 },{ "seed": 9290 },{ "seed": 9324 },{ "seed": 9334 },{ "seed": 9343 },{ "seed": 9346 },{ "seed": 9374 },{ "seed": 9389 },{ "seed": 9400 },{ "seed": 9427 },{ "seed": 9443 },{ "seed": 9458 },{ "seed": 9490 },{ "seed": 9513 },{ "seed": 9520 },{ "seed": 9533 },{ "seed": 9536 },{ "seed": 9588 },{ "seed": 9614 },{ "seed": 9625 },{ "seed": 9626 },{ "seed": 9629 },{ "seed": 9678 },{ "seed": 9693 },{ "seed": 9701 },{ "seed": 9739 },{ "seed": 9781 },{ "seed": 9789 },{ "seed": 9813 },{ "seed": 9814 },{ "seed": 9852 },{ "seed": 9895 },{ "seed": 9942 },{ "seed": 9971 },{ "seed": 9973 },{ "seed": 10005 },{ "seed": 10007 },{ "seed": 10012 },{ "seed": 10018 },{ "seed": 10020 },{ "seed": 10036 },{ "seed": 10041 },{ "seed": 10097 },{ "seed": 10107 },{ "seed": 10118 },{ "seed": 10161 },{ "seed": 10174 },{ "seed": 10254 },{ "seed": 10271 },{ "seed": 10279 },{ "seed": 10294 },{ "seed": 10344 },{ "seed": 10374 },{ "seed": 10454 },{ "seed": 10483 },{ "seed": 10488 },{ "seed": 10525 },{ "seed": 10651 },{ "seed": 10696 },{ "seed": 10716 },{ "seed": 10717 },{ "seed": 10778 },{ "seed": 10863 },{ "seed": 10867 },{ "seed": 10873 },{ "seed": 10876 },{ "seed": 10877 },{ "seed": 10905 },{ "seed": 10919 },{ "seed": 10998 },{ "seed": 11016 },{ "seed": 11072 },{ "seed": 11101 },{ "seed": 11121 },{ "seed": 11133 },{ "seed": 11165 },{ "seed": 11166 },{ "seed": 11167 },{ "seed": 11168 },{ "seed": 11174 },{ "seed": 11181 },{ "seed": 11184 },{ "seed": 11223 },{ "seed": 11234 },{ "seed": 11238 },{ "seed": 11365 },{ "seed": 11401 },{ "seed": 11424 },{ "seed": 11463 },{ "seed": 11473 },{ "seed": 11479 },{ "seed": 11557 },{ "seed": 11563 },{ "seed": 11593 },{ "seed": 11624 },{ "seed": 11627 },{ "seed": 11662 },{ "seed": 11672 },{ "seed": 11676 },{ "seed": 11712 },{ "seed": 11742 },{ "seed": 11777 },{ "seed": 11822 },{ "seed": 11828 },{ "seed": 11833 },{ "seed": 11842 },{ "seed": 11843 },{ "seed": 11849 },{ "seed": 11873 },{ "seed": 11957 },{ "seed": 11994 },{ "seed": 12004 },{ "seed": 12091 },{ "seed": 12123 },{ "seed": 12143 },{ "seed": 12168 },{ "seed": 12189 },{ "seed": 12275 },{ "seed": 12294 },{ "seed": 12305 },{ "seed": 12309 },{ "seed": 12320 },{ "seed": 12360 },{ "seed": 12394 },{ "seed": 12466 },{ "seed": 12490 },{ "seed": 12491 },{ "seed": 12507 },{ "seed": 12512 },{ "seed": 12515 },{ "seed": 12536 },{ "seed": 12544 },{ "seed": 12545 },{ "seed": 12578 },{ "seed": 12594 },{ "seed": 12636 },{ "seed": 12674 },{ "seed": 12686 },{ "seed": 12690 },{ "seed": 12700 },{ "seed": 12705 },{ "seed": 12729 },{ "seed": 12736 },{ "seed": 12738 },{ "seed": 12739 },{ "seed": 12765 },{ "seed": 12781 },{ "seed": 12810 },{ "seed": 12849 },{ "seed": 12878 },{ "seed": 12905 },{ "seed": 12923 },{ "seed": 12947 },{ "seed": 12986 },{ "seed": 12989 },{ "seed": 12995 },{ "seed": 13046 },{ "seed": 13080 },{ "seed": 13087 },{ "seed": 13108 },{ "seed": 13129 },{ "seed": 13230 },{ "seed": 13246 },{ "seed": 13324 },{ "seed": 13348 },{ "seed": 13389 },{ "seed": 13435 },{ "seed": 13444 },{ "seed": 13449 },{ "seed": 13482 },{ "seed": 13493 },{ "seed": 13497 },{ "seed": 13555 },{ "seed": 13580 },{ "seed": 13582 },{ "seed": 13621 },{ "seed": 13626 },{ "seed": 13632 },{ "seed": 13655 },{ "seed": 13679 },{ "seed": 13685 },{ "seed": 13689 },{ "seed": 13785 },{ "seed": 13819 },{ "seed": 13836 },{ "seed": 13841 },{ "seed": 13844 },{ "seed": 13906 },{ "seed": 13922 },{ "seed": 13948 },{ "seed": 13975 },{ "seed": 14009 },{ "seed": 14026 },{ "seed": 14066 },{ "seed": 14093 },{ "seed": 14127 },{ "seed": 14129 },{ "seed": 14134 },{ "seed": 14210 },{ "seed": 14222 },{ "seed": 14269 },{ "seed": 14308 },{ "seed": 14319 },{ "seed": 14344 },{ "seed": 14363 },{ "seed": 14413 },{ "seed": 14417 },{ "seed": 14494 },{ "seed": 14497 },{ "seed": 14555 },{ "seed": 14610 },{ "seed": 14637 },{ "seed": 14695 },{ "seed": 14697 },{ "seed": 14784 },{ "seed": 14811 },{ "seed": 14824 },{ "seed": 14860 },{ "seed": 14861 },{ "seed": 14868 },{ "seed": 14872 },{ "seed": 14891 },{ "seed": 14907 },{ "seed": 14910 },{ "seed": 14939 },{ "seed": 14942 },{ "seed": 14944 },{ "seed": 14965 },{ "seed": 14975 },{ "seed": 15023 },{ "seed": 15045 },{ "seed": 15063 },{ "seed": 15073 },{ "seed": 15082 },{ "seed": 15114 },{ "seed": 15138 },{ "seed": 15160 },{ "seed": 15168 },{ "seed": 15209 },{ "seed": 15223 },{ "seed": 15234 },{ "seed": 15248 },{ "seed": 15276 },{ "seed": 15285 },{ "seed": 15302 },{ "seed": 15316 },{ "seed": 15347 },{ "seed": 15363 },{ "seed": 15380 },{ "seed": 15390 },{ "seed": 15431 },{ "seed": 15443 },{ "seed": 15455 },{ "seed": 15457 },{ "seed": 15482 },{ "seed": 15515 },{ "seed": 15519 },{ "seed": 15607 },{ "seed": 15616 },{ "seed": 15636 },{ "seed": 15663 },{ "seed": 15704 },{ "seed": 15719 },{ "seed": 15744 },{ "seed": 15748 },{ "seed": 15809 },{ "seed": 15847 },{ "seed": 15848 },{ "seed": 15872 },{ "seed": 15897 },{ "seed": 15900 },{ "seed": 15909 },{ "seed": 15923 },{ "seed": 15960 },{ "seed": 15965 },{ "seed": 16036 },{ "seed": 16045 },{ "seed": 16074 },{ "seed": 16135 },{ "seed": 16179 },{ "seed": 16327 },{ "seed": 16332 },{ "seed": 16355 },{ "seed": 16365 },{ "seed": 16367 },{ "seed": 16373 },{ "seed": 16411 },{ "seed": 16418 },{ "seed": 16437 },{ "seed": 16438 },{ "seed": 16439 },{ "seed": 16450 },{ "seed": 16590 },{ "seed": 16649 },{ "seed": 16670 },{ "seed": 16698 },{ "seed": 16732 },{ "seed": 16756 },{ "seed": 16762 },{ "seed": 16768 },{ "seed": 16794 },{ "seed": 16804 },{ "seed": 16817 },{ "seed": 16865 },{ "seed": 16872 },{ "seed": 16955 },{ "seed": 17051 },{ "seed": 17056 },{ "seed": 17119 },{ "seed": 17150 },{ "seed": 17154 },{ "seed": 17207 },{ "seed": 17216 },{ "seed": 17261 },{ "seed": 17263 },{ "seed": 17301 },{ "seed": 17336 },{ "seed": 17358 },{ "seed": 17363 },{ "seed": 17372 },{ "seed": 17377 },{ "seed": 17409 },{ "seed": 17414 },{ "seed": 17461 },{ "seed": 17500 },{ "seed": 17501 },{ "seed": 17545 },{ "seed": 17556 },{ "seed": 17613 },{ "seed": 17638 },{ "seed": 17658 },{ "seed": 17684 },{ "seed": 17699 },{ "seed": 17705 },{ "seed": 17715 },{ "seed": 17728 },{ "seed": 17738 },{ "seed": 17739 },{ "seed": 17743 },{ "seed": 17748 },{ "seed": 17752 },{ "seed": 17754 },{ "seed": 17765 },{ "seed": 17791 },{ "seed": 17833 },{ "seed": 17879 },{ "seed": 17919 },{ "seed": 17924 },{ "seed": 17956 },{ "seed": 17964 },{ "seed": 18000 },{ "seed": 18027 },{ "seed": 18082 },{ "seed": 18095 },{ "seed": 18108 },{ "seed": 18120 },{ "seed": 18136 },{ "seed": 18150 },{ "seed": 18168 },{ "seed": 18190 },{ "seed": 18218 },{ "seed": 18220 },{ "seed": 18229 },{ "seed": 18279 },{ "seed": 18294 },{ "seed": 18298 },{ "seed": 18311 },{ "seed": 18330 },{ "seed": 18368 },{ "seed": 18418 },{ "seed": 18456 },{ "seed": 18466 },{ "seed": 18515 },{ "seed": 18520 },{ "seed": 18552 },{ "seed": 18568 },{ "seed": 18588 },{ "seed": 18594 },{ "seed": 18620 },{ "seed": 18627 },{ "seed": 18658 },{ "seed": 18699 },{ "seed": 18712 },{ "seed": 18734 },{ "seed": 18739 },{ "seed": 18750 },{ "seed": 18772 },{ "seed": 18774 },{ "seed": 18783 },{ "seed": 18850 },{ "seed": 18876 },{ "seed": 18904 },{ "seed": 18909 },{ "seed": 18924 },{ "seed": 18959 },{ "seed": 18980 },{ "seed": 18983 },{ "seed": 18989 },{ "seed": 19006 },{ "seed": 19013 },{ "seed": 19017 },{ "seed": 19024 },{ "seed": 19037 },{ "seed": 19062 },{ "seed": 19078 },{ "seed": 19167 },{ "seed": 19187 },{ "seed": 19208 },{ "seed": 19216 },{ "seed": 19242 },{ "seed": 19256 },{ "seed": 19297 },{ "seed": 19298 },{ "seed": 19347 },{ "seed": 19371 },{ "seed": 19388 },{ "seed": 19397 },{ "seed": 19429 },{ "seed": 19440 },{ "seed": 19444 },{ "seed": 19455 },{ "seed": 19485 },{ "seed": 19503 },{ "seed": 19522 },{ "seed": 19525 },{ "seed": 19538 },{ "seed": 19547 },{ "seed": 19553 },{ "seed": 19590 },{ "seed": 19596 },{ "seed": 19613 },{ "seed": 19643 },{ "seed": 19654 },{ "seed": 19664 },{ "seed": 19699 },{ "seed": 19733 },{ "seed": 19749 },{ "seed": 19842 },{ "seed": 19846 },{ "seed": 19852 },{ "seed": 19875 },{ "seed": 19887 },{ "seed": 19937 },{ "seed": 20000 },{ "seed": 20092 },{ "seed": 20118 },{ "seed": 20122 },{ "seed": 20144 },{ "seed": 20157 },{ "seed": 20188 },{ "seed": 20195 },{ "seed": 20224 },{ "seed": 20244 },{ "seed": 20266 },{ "seed": 20349 },{ "seed": 20428 },{ "seed": 20436 },{ "seed": 20457 },{ "seed": 20483 },{ "seed": 20493 },{ "seed": 20500 },{ "seed": 20501 },{ "seed": 20508 },{ "seed": 20536 },{ "seed": 20574 },{ "seed": 20575 },{ "seed": 20593 },{ "seed": 20640 },{ "seed": 20679 },{ "seed": 20762 },{ "seed": 20796 },{ "seed": 20808 },{ "seed": 20877 },{ "seed": 20960 },{ "seed": 20998 },{ "seed": 21033 },{ "seed": 21040 },{ "seed": 21050 },{ "seed": 21052 },{ "seed": 21059 },{ "seed": 21105 },{ "seed": 21136 },{ "seed": 21140 },{ "seed": 21163 },{ "seed": 21174 },{ "seed": 21177 },{ "seed": 21221 },{ "seed": 21235 },{ "seed": 21252 },{ "seed": 21257 },{ "seed": 21286 },{ "seed": 21298 },{ "seed": 21304 },{ "seed": 21313 },{ "seed": 21357 },{ "seed": 21358 },{ "seed": 21438 },{ "seed": 21444 },{ "seed": 21450 },{ "seed": 21465 },{ "seed": 21467 },{ "seed": 21480 },{ "seed": 21496 },{ "seed": 21515 },{ "seed": 21540 },{ "seed": 21622 },{ "seed": 21639 },{ "seed": 21670 },{ "seed": 21682 },{ "seed": 21711 },{ "seed": 21719 },{ "seed": 21742 },{ "seed": 21802 },{ "seed": 21808 },{ "seed": 21850 },{ "seed": 21866 },{ "seed": 21910 },{ "seed": 21961 },{ "seed": 21983 },{ "seed": 22037 },{ "seed": 22042 },{ "seed": 22044 },{ "seed": 22079 },{ "seed": 22091 },{ "seed": 22098 },{ "seed": 22130 },{ "seed": 22183 },{ "seed": 22223 },{ "seed": 22239 },{ "seed": 22254 },{ "seed": 22312 },{ "seed": 22327 },{ "seed": 22337 },{ "seed": 22348 },{ "seed": 22368 },{ "seed": 22382 },{ "seed": 22435 },{ "seed": 22448 },{ "seed": 22459 },{ "seed": 22467 },{ "seed": 22474 },{ "seed": 22499 },{ "seed": 22507 },{ "seed": 22517 },{ "seed": 22524 },{ "seed": 22534 },{ "seed": 22576 },{ "seed": 22581 },{ "seed": 22592 },{ "seed": 22594 },{ "seed": 22607 },{ "seed": 22609 },{ "seed": 22712 },{ "seed": 22742 },{ "seed": 22744 },{ "seed": 22753 },{ "seed": 22768 },{ "seed": 22796 },{ "seed": 22843 },{ "seed": 22867 },{ "seed": 22886 },{ "seed": 22888 },{ "seed": 22902 },{ "seed": 22914 },{ "seed": 22925 },{ "seed": 22978 },{ "seed": 22994 },{ "seed": 23002 },{ "seed": 23012 },{ "seed": 23015 },{ "seed": 23070 },{ "seed": 23071 },{ "seed": 23078 },{ "seed": 23080 },{ "seed": 23100 },{ "seed": 23119 },{ "seed": 23122 },{ "seed": 23149 },{ "seed": 23179 },{ "seed": 23259 },{ "seed": 23294 },{ "seed": 23327 },{ "seed": 23388 },{ "seed": 23390 },{ "seed": 23440 },{ "seed": 23475 },{ "seed": 23479 },{ "seed": 23505 },{ "seed": 23506 },{ "seed": 23543 },{ "seed": 23546 },{ "seed": 23561 },{ "seed": 23619 },{ "seed": 23621 },{ "seed": 23672 },{ "seed": 23674 },{ "seed": 23685 },{ "seed": 23707 },{ "seed": 23710 },{ "seed": 23768 },{ "seed": 23820 },{ "seed": 23826 },{ "seed": 23883 },{ "seed": 23897 },{ "seed": 23950 },{ "seed": 23952 },{ "seed": 23986 },{ "seed": 24022 },{ "seed": 24037 },{ "seed": 24055 },{ "seed": 24056 },{ "seed": 24071 },{ "seed": 24079 },{ "seed": 24103 },{ "seed": 24113 },{ "seed": 24192 },{ "seed": 24200 },{ "seed": 24267 },{ "seed": 24322 },{ "seed": 24399 },{ "seed": 24407 },{ "seed": 24413 },{ "seed": 24428 },{ "seed": 24444 },{ "seed": 24456 },{ "seed": 24490 },{ "seed": 24561 },{ "seed": 24575 },{ "seed": 24591 },{ "seed": 24605 },{ "seed": 24626 },{ "seed": 24642 },{ "seed": 24651 },{ "seed": 24696 },{ "seed": 24702 },{ "seed": 24738 },{ "seed": 24747 },{ "seed": 24764 },{ "seed": 24773 },{ "seed": 24836 },{ "seed": 24840 },{ "seed": 24883 },{ "seed": 24915 },{ "seed": 25003 },{ "seed": 25026 },{ "seed": 25033 },{ "seed": 25038 },{ "seed": 25052 },{ "seed": 25182 },{ "seed": 25223 },{ "seed": 25255 },{ "seed": 25273 },{ "seed": 25277 },{ "seed": 25317 },{ "seed": 25349 },{ "seed": 25363 },{ "seed": 25386 },{ "seed": 25454 },{ "seed": 25518 },{ "seed": 25546 },{ "seed": 25607 },{ "seed": 25633 },{ "seed": 25670 },{ "seed": 25674 },{ "seed": 25680 },{ "seed": 25700 },{ "seed": 25704 },{ "seed": 25743 },{ "seed": 25778 },{ "seed": 25832 },{ "seed": 25850 },{ "seed": 25888 },{ "seed": 25919 },{ "seed": 25932 },{ "seed": 25948 },{ "seed": 25956 },{ "seed": 25982 },{ "seed": 25988 },{ "seed": 26017 },{ "seed": 26047 },{ "seed": 26059 },{ "seed": 26068 },{ "seed": 26120 },{ "seed": 26174 },{ "seed": 26191 },{ "seed": 26199 },{ "seed": 26222 },{ "seed": 26231 },{ "seed": 26239 },{ "seed": 26245 },{ "seed": 26257 },{ "seed": 26288 },{ "seed": 26297 },{ "seed": 26307 },{ "seed": 26317 },{ "seed": 26334 },{ "seed": 26351 },{ "seed": 26355 },{ "seed": 26379 },{ "seed": 26390 },{ "seed": 26399 },{ "seed": 26439 },{ "seed": 26464 },{ "seed": 26573 },{ "seed": 26630 },{ "seed": 26648 },{ "seed": 26672 },{ "seed": 26720 },{ "seed": 26725 },{ "seed": 26758 },{ "seed": 26766 },{ "seed": 26774 },{ "seed": 26777 },{ "seed": 26793 },{ "seed": 26810 },{ "seed": 26817 },{ "seed": 26822 },{ "seed": 26823 },{ "seed": 26875 },{ "seed": 26876 },{ "seed": 26877 },{ "seed": 26891 },{ "seed": 26903 },{ "seed": 26908 },{ "seed": 26914 },{ "seed": 26931 },{ "seed": 26933 },{ "seed": 26940 },{ "seed": 26974 },{ "seed": 26997 },{ "seed": 26999 },{ "seed": 27048 },{ "seed": 27088 },{ "seed": 27107 },{ "seed": 27112 },{ "seed": 27121 },{ "seed": 27157 },{ "seed": 27206 },{ "seed": 27245 },{ "seed": 27253 },{ "seed": 27269 },{ "seed": 27295 },{ "seed": 27296 },{ "seed": 27331 },{ "seed": 27357 },{ "seed": 27376 },{ "seed": 27408 },{ "seed": 27455 },{ "seed": 27464 },{ "seed": 27471 },{ "seed": 27495 },{ "seed": 27632 },{ "seed": 27641 },{ "seed": 27649 },{ "seed": 27659 },{ "seed": 27665 },{ "seed": 27672 },{ "seed": 27702 },{ "seed": 27811 },{ "seed": 27829 },{ "seed": 27841 },{ "seed": 27914 },{ "seed": 27921 },{ "seed": 27936 },{ "seed": 27939 },{ "seed": 27941 },{ "seed": 27943 },{ "seed": 27974 },{ "seed": 27977 },{ "seed": 27990 },{ "seed": 28008 },{ "seed": 28012 },{ "seed": 28043 },{ "seed": 28073 },{ "seed": 28113 },{ "seed": 28147 },{ "seed": 28163 },{ "seed": 28219 },{ "seed": 28230 },{ "seed": 28249 },{ "seed": 28259 },{ "seed": 28274 },{ "seed": 28290 },{ "seed": 28291 },{ "seed": 28293 },{ "seed": 28299 },{ "seed": 28347 },{ "seed": 28389 },{ "seed": 28425 },{ "seed": 28482 },{ "seed": 28513 },{ "seed": 28525 },{ "seed": 28540 },{ "seed": 28544 },{ "seed": 28562 },{ "seed": 28571 },{ "seed": 28597 },{ "seed": 28632 },{ "seed": 28642 },{ "seed": 28653 },{ "seed": 28701 },{ "seed": 28744 },{ "seed": 28765 },{ "seed": 28777 },{ "seed": 28790 },{ "seed": 28830 },{ "seed": 28897 },{ "seed": 28898 },{ "seed": 28902 },{ "seed": 28930 },{ "seed": 28931 },{ "seed": 28933 },{ "seed": 28952 },{ "seed": 28954 },{ "seed": 28995 },{ "seed": 29032 },{ "seed": 29096 },{ "seed": 29102 },{ "seed": 29104 },{ "seed": 29108 },{ "seed": 29118 },{ "seed": 29131 },{ "seed": 29148 },{ "seed": 29168 },{ "seed": 29235 },{ "seed": 29243 },{ "seed": 29298 },{ "seed": 29325 },{ "seed": 29349 },{ "seed": 29351 },{ "seed": 29367 },{ "seed": 29428 },{ "seed": 29437 },{ "seed": 29573 },{ "seed": 29604 },{ "seed": 29605 },{ "seed": 29619 },{ "seed": 29677 },{ "seed": 29678 },{ "seed": 29688 },{ "seed": 29690 },{ "seed": 29697 },{ "seed": 29700 },{ "seed": 29709 },{ "seed": 29714 },{ "seed": 29716 },{ "seed": 29721 },{ "seed": 29754 },{ "seed": 29841 },{ "seed": 29844 },{ "seed": 29846 },{ "seed": 29860 },{ "seed": 29872 },{ "seed": 29950 },{ "seed": 29958 },{ "seed": 29967 },{ "seed": 29981 },{ "seed": 30015 },{ "seed": 30027 },{ "seed": 30028 },{ "seed": 30128 },{ "seed": 30129 },{ "seed": 30254 },{ "seed": 30280 },{ "seed": 30297 },{ "seed": 30299 },{ "seed": 30367 },{ "seed": 30368 },{ "seed": 30374 },{ "seed": 30382 },{ "seed": 30406 },{ "seed": 30440 },{ "seed": 30486 },{ "seed": 30494 },{ "seed": 30506 },{ "seed": 30509 },{ "seed": 30514 },{ "seed": 30529 },{ "seed": 30536 },{ "seed": 30590 },{ "seed": 30631 },{ "seed": 30730 },{ "seed": 30731 },{ "seed": 30771 },{ "seed": 30774 },{ "seed": 30799 },{ "seed": 30823 },{ "seed": 30831 },{ "seed": 30834 },{ "seed": 30844 },{ "seed": 30894 },{ "seed": 30920 },{ "seed": 30950 },{ "seed": 31040 },{ "seed": 31055 },{ "seed": 31065 },{ "seed": 31083 },{ "seed": 31189 },{ "seed": 31203 },{ "seed": 31225 },{ "seed": 31234 },{ "seed": 31266 },{ "seed": 31322 },{ "seed": 31362 },{ "seed": 31364 },{ "seed": 31369 },{ "seed": 31375 },{ "seed": 31379 },{ "seed": 31415 },{ "seed": 31444 },{ "seed": 31448 },{ "seed": 31481 },{ "seed": 31492 },{ "seed": 31538 },{ "seed": 31558 },{ "seed": 31615 },{ "seed": 31621 },{ "seed": 31666 },{ "seed": 31671 },{ "seed": 31682 },{ "seed": 31705 },{ "seed": 31719 },{ "seed": 31730 },{ "seed": 31743 },{ "seed": 31744 },{ "seed": 31758 },{ "seed": 31762 },{ "seed": 31805 },{ "seed": 31809 },{ "seed": 31926 },{ "seed": 31958 },{ "seed": 31975 },{ "seed": 31978 },{ "seed": 32012 },{ "seed": 32020 },{ "seed": 32026 },{ "seed": 32096 },{ "seed": 32101 },{ "seed": 32108 },{ "seed": 32202 },{ "seed": 32212 },{ "seed": 32232 },{ "seed": 32237 },{ "seed": 32312 },{ "seed": 32376 },{ "seed": 32399 },{ "seed": 32420 },{ "seed": 32428 },{ "seed": 32431 },{ "seed": 32458 },{ "seed": 32465 },{ "seed": 32478 },{ "seed": 32535 },{ "seed": 32542 },{ "seed": 32630 },{ "seed": 32659 },{ "seed": 32703 },{ "seed": 32714 },{ "seed": 32735 },{ "seed": 32738 },{ "seed": 32791 },{ "seed": 32803 },{ "seed": 32810 },{ "seed": 32814 },{ "seed": 32840 },{ "seed": 32900 },{ "seed": 32954 },{ "seed": 32955 },{ "seed": 33011 },{ "seed": 33047 },{ "seed": 33051 },{ "seed": 33083 },{ "seed": 33093 },{ "seed": 33116 },{ "seed": 33127 },{ "seed": 33149 },{ "seed": 33201 },{ "seed": 33252 },{ "seed": 33258 },{ "seed": 33285 },{ "seed": 33294 },{ "seed": 33349 },{ "seed": 33391 },{ "seed": 33414 },{ "seed": 33440 },{ "seed": 33449 },{ "seed": 33452 },{ "seed": 33472 },{ "seed": 33498 },{ "seed": 33503 },{ "seed": 33508 },{ "seed": 33516 },{ "seed": 33520 },{ "seed": 33572 },{ "seed": 33599 },{ "seed": 33639 },{ "seed": 33671 },{ "seed": 33672 },{ "seed": 33692 },{ "seed": 33721 },{ "seed": 33730 },{ "seed": 33735 },{ "seed": 33798 },{ "seed": 33810 },{ "seed": 33843 },{ "seed": 33883 },{ "seed": 33897 },{ "seed": 33955 },{ "seed": 33977 },{ "seed": 34034 },{ "seed": 34067 },{ "seed": 34102 },{ "seed": 34117 },{ "seed": 34126 },{ "seed": 34133 },{ "seed": 34137 },{ "seed": 34149 },{ "seed": 34171 },{ "seed": 34173 },{ "seed": 34197 },{ "seed": 34206 },{ "seed": 34220 },{ "seed": 34229 },{ "seed": 34256 },{ "seed": 34281 },{ "seed": 34318 },{ "seed": 34346 },{ "seed": 34350 },{ "seed": 34393 },{ "seed": 34438 },{ "seed": 34442 },{ "seed": 34449 },{ "seed": 34463 },{ "seed": 34465 },{ "seed": 34488 },{ "seed": 34493 },{ "seed": 34556 },{ "seed": 34609 },{ "seed": 34610 },{ "seed": 34645 },{ "seed": 34697 },{ "seed": 34701 },{ "seed": 34710 },{ "seed": 34764 },{ "seed": 34765 },{ "seed": 34798 },{ "seed": 34816 },{ "seed": 34865 },{ "seed": 34871 },{ "seed": 34917 },{ "seed": 34920 },{ "seed": 34927 },{ "seed": 34930 },{ "seed": 35024 },{ "seed": 35074 },{ "seed": 35167 },{ "seed": 35202 },{ "seed": 35227 },{ "seed": 35229 },{ "seed": 35271 },{ "seed": 35274 },{ "seed": 35287 },{ "seed": 35288 },{ "seed": 35299 },{ "seed": 35339 },{ "seed": 35358 },{ "seed": 35368 },{ "seed": 35371 },{ "seed": 35446 },{ "seed": 35462 },{ "seed": 35481 },{ "seed": 35494 },{ "seed": 35534 },{ "seed": 35536 },{ "seed": 35547 },{ "seed": 35552 },{ "seed": 35553 },{ "seed": 35611 },{ "seed": 35612 },{ "seed": 35617 },{ "seed": 35661 },{ "seed": 35667 },{ "seed": 35706 },{ "seed": 35774 },{ "seed": 35827 },{ "seed": 35935 },{ "seed": 35998 },{ "seed": 36021 },{ "seed": 36122 },{ "seed": 36126 },{ "seed": 36139 },{ "seed": 36158 },{ "seed": 36185 },{ "seed": 36206 },{ "seed": 36223 },{ "seed": 36367 },{ "seed": 36380 },{ "seed": 36398 },{ "seed": 36401 },{ "seed": 36410 },{ "seed": 36426 },{ "seed": 36495 },{ "seed": 36524 },{ "seed": 36529 },{ "seed": 36530 },{ "seed": 36532 },{ "seed": 36551 },{ "seed": 36558 },{ "seed": 36609 },{ "seed": 36631 },{ "seed": 36633 },{ "seed": 36689 },{ "seed": 36702 },{ "seed": 36714 },{ "seed": 36732 },{ "seed": 36787 },{ "seed": 36798 },{ "seed": 36835 },{ "seed": 36843 },{ "seed": 36864 },{ "seed": 36867 },{ "seed": 36893 },{ "seed": 36948 },{ "seed": 36963 },{ "seed": 37008 },{ "seed": 37012 },{ "seed": 37054 },{ "seed": 37075 },{ "seed": 37076 },{ "seed": 37087 },{ "seed": 37094 },{ "seed": 37116 },{ "seed": 37218 },{ "seed": 37228 },{ "seed": 37231 },{ "seed": 37282 },{ "seed": 37292 },{ "seed": 37295 },{ "seed": 37305 },{ "seed": 37307 },{ "seed": 37309 },{ "seed": 37325 },{ "seed": 37328 },{ "seed": 37357 },{ "seed": 37384 },{ "seed": 37421 },{ "seed": 37431 },{ "seed": 37437 },{ "seed": 37438 },{ "seed": 37456 },{ "seed": 37460 },{ "seed": 37462 },{ "seed": 37481 },{ "seed": 37512 },{ "seed": 37523 },{ "seed": 37530 },{ "seed": 37542 },{ "seed": 37562 },{ "seed": 37769 },{ "seed": 37770 },{ "seed": 37823 },{ "seed": 37825 },{ "seed": 37844 },{ "seed": 37849 },{ "seed": 37851 },{ "seed": 37861 },{ "seed": 37880 },{ "seed": 37896 },{ "seed": 37951 },{ "seed": 37963 },{ "seed": 37969 },{ "seed": 38004 },{ "seed": 38031 },{ "seed": 38045 },{ "seed": 38074 },{ "seed": 38105 },{ "seed": 38113 },{ "seed": 38236 },{ "seed": 38237 },{ "seed": 38287 },{ "seed": 38333 },{ "seed": 38360 },{ "seed": 38379 },{ "seed": 38445 },{ "seed": 38514 },{ "seed": 38536 },{ "seed": 38565 },{ "seed": 38569 },{ "seed": 38605 },{ "seed": 38637 },{ "seed": 38646 },{ "seed": 38668 },{ "seed": 38685 },{ "seed": 38716 },{ "seed": 38719 },{ "seed": 38771 },{ "seed": 38808 },{ "seed": 38885 },{ "seed": 38939 },{ "seed": 38948 },{ "seed": 38975 },{ "seed": 38979 },{ "seed": 38984 },{ "seed": 39002 },{ "seed": 39019 },{ "seed": 39024 },{ "seed": 39038 },{ "seed": 39075 },{ "seed": 39087 },{ "seed": 39098 },{ "seed": 39107 },{ "seed": 39143 },{ "seed": 39145 },{ "seed": 39171 },{ "seed": 39248 },{ "seed": 39260 },{ "seed": 39287 },{ "seed": 39341 },{ "seed": 39375 },{ "seed": 39449 },{ "seed": 39465 },{ "seed": 39503 },{ "seed": 39519 },{ "seed": 39555 },{ "seed": 39575 },{ "seed": 39645 },{ "seed": 39646 },{ "seed": 39657 },{ "seed": 39688 },{ "seed": 39722 },{ "seed": 39726 },{ "seed": 39731 },{ "seed": 39740 },{ "seed": 39751 },{ "seed": 39766 },{ "seed": 39806 },{ "seed": 39808 },{ "seed": 39815 },{ "seed": 39844 },{ "seed": 39848 },{ "seed": 39858 },{ "seed": 39868 },{ "seed": 39873 },{ "seed": 39888 },{ "seed": 39922 },{ "seed": 39948 },{ "seed": 39978 },{ "seed": 40014 },{ "seed": 40027 },{ "seed": 40040 },{ "seed": 40066 },{ "seed": 40137 },{ "seed": 40160 },{ "seed": 40191 },{ "seed": 40243 },{ "seed": 40245 },{ "seed": 40254 },{ "seed": 40273 },{ "seed": 40295 },{ "seed": 40312 },{ "seed": 40359 },{ "seed": 40410 },{ "seed": 40413 },{ "seed": 40425 },{ "seed": 40451 },{ "seed": 40509 },{ "seed": 40543 },{ "seed": 40635 },{ "seed": 40652 },{ "seed": 40674 },{ "seed": 40738 },{ "seed": 40739 },{ "seed": 40741 },{ "seed": 40794 },{ "seed": 40909 },{ "seed": 40915 },{ "seed": 40952 },{ "seed": 40964 },{ "seed": 40984 },{ "seed": 40993 },{ "seed": 41010 },{ "seed": 41039 },{ "seed": 41045 },{ "seed": 41064 },{ "seed": 41076 },{ "seed": 41085 },{ "seed": 41105 },{ "seed": 41155 },{ "seed": 41164 },{ "seed": 41215 },{ "seed": 41218 },{ "seed": 41339 },{ "seed": 41346 },{ "seed": 41359 },{ "seed": 41374 },{ "seed": 41486 },{ "seed": 41514 },{ "seed": 41526 },{ "seed": 41532 },{ "seed": 41539 },{ "seed": 41568 },{ "seed": 41587 },{ "seed": 41596 },{ "seed": 41626 },{ "seed": 41635 },{ "seed": 41650 },{ "seed": 41663 },{ "seed": 41678 },{ "seed": 41720 },{ "seed": 41771 },{ "seed": 41779 },{ "seed": 41848 },{ "seed": 41880 },{ "seed": 41886 },{ "seed": 41893 },{ "seed": 41901 },{ "seed": 41920 },{ "seed": 41922 },{ "seed": 41937 },{ "seed": 41938 },{ "seed": 41944 },{ "seed": 41950 },{ "seed": 41970 },{ "seed": 42003 },{ "seed": 42031 },{ "seed": 42063 },{ "seed": 42079 },{ "seed": 42096 },{ "seed": 42123 },{ "seed": 42157 },{ "seed": 42171 },{ "seed": 42175 },{ "seed": 42208 },{ "seed": 42290 },{ "seed": 42293 },{ "seed": 42353 },{ "seed": 42382 },{ "seed": 42483 },{ "seed": 42513 },{ "seed": 42555 },{ "seed": 42558 },{ "seed": 42568 },{ "seed": 42582 },{ "seed": 42609 },{ "seed": 42635 },{ "seed": 42637 },{ "seed": 42689 },{ "seed": 42766 },{ "seed": 42794 },{ "seed": 42801 },{ "seed": 42897 },{ "seed": 42914 },{ "seed": 42918 },{ "seed": 42932 },{ "seed": 42942 },{ "seed": 42970 },{ "seed": 43006 },{ "seed": 43050 },{ "seed": 43066 },{ "seed": 43067 },{ "seed": 43074 },{ "seed": 43083 },{ "seed": 43144 },{ "seed": 43153 },{ "seed": 43199 },{ "seed": 43219 },{ "seed": 43229 },{ "seed": 43257 },{ "seed": 43259 },{ "seed": 43269 },{ "seed": 43317 },{ "seed": 43363 },{ "seed": 43465 },{ "seed": 43534 },{ "seed": 43539 },{ "seed": 43540 },{ "seed": 43553 },{ "seed": 43567 },{ "seed": 43599 },{ "seed": 43600 },{ "seed": 43618 },{ "seed": 43621 },{ "seed": 43675 },{ "seed": 43698 },{ "seed": 43704 },{ "seed": 43716 },{ "seed": 43737 },{ "seed": 43743 },{ "seed": 43748 },{ "seed": 43777 },{ "seed": 43785 },{ "seed": 43823 },{ "seed": 43878 },{ "seed": 43879 },{ "seed": 43896 },{ "seed": 43911 },{ "seed": 43926 },{ "seed": 43934 },{ "seed": 43969 },{ "seed": 43977 },{ "seed": 43978 },{ "seed": 43994 },{ "seed": 44016 },{ "seed": 44018 },{ "seed": 44020 },{ "seed": 44022 },{ "seed": 44027 },{ "seed": 44051 },{ "seed": 44070 },{ "seed": 44086 },{ "seed": 44111 },{ "seed": 44120 },{ "seed": 44154 },{ "seed": 44162 },{ "seed": 44195 },{ "seed": 44220 },{ "seed": 44240 },{ "seed": 44241 },{ "seed": 44264 },{ "seed": 44283 },{ "seed": 44289 },{ "seed": 44332 },{ "seed": 44354 },{ "seed": 44360 },{ "seed": 44365 },{ "seed": 44369 },{ "seed": 44371 },{ "seed": 44374 },{ "seed": 44392 },{ "seed": 44405 },{ "seed": 44426 },{ "seed": 44428 },{ "seed": 44483 },{ "seed": 44519 },{ "seed": 44530 },{ "seed": 44534 },{ "seed": 44628 },{ "seed": 44679 },{ "seed": 44706 },{ "seed": 44744 },{ "seed": 44767 },{ "seed": 44771 },{ "seed": 44804 },{ "seed": 44832 },{ "seed": 44854 },{ "seed": 44864 },{ "seed": 44893 },{ "seed": 44901 },{ "seed": 44922 },{ "seed": 44935 },{ "seed": 44993 },{ "seed": 45013 },{ "seed": 45028 },{ "seed": 45066 },{ "seed": 45094 },{ "seed": 45103 },{ "seed": 45167 },{ "seed": 45175 },{ "seed": 45178 },{ "seed": 45180 },{ "seed": 45184 },{ "seed": 45201 },{ "seed": 45239 },{ "seed": 45244 },{ "seed": 45278 },{ "seed": 45280 },{ "seed": 45339 },{ "seed": 45342 },{ "seed": 45378 },{ "seed": 45386 },{ "seed": 45387 },{ "seed": 45394 },{ "seed": 45409 },{ "seed": 45435 },{ "seed": 45463 },{ "seed": 45530 },{ "seed": 45544 },{ "seed": 45551 },{ "seed": 45597 },{ "seed": 45610 },{ "seed": 45618 },{ "seed": 45621 },{ "seed": 45659 },{ "seed": 45746 },{ "seed": 45773 },{ "seed": 45821 },{ "seed": 45880 },{ "seed": 45925 },{ "seed": 45950 },{ "seed": 45958 },{ "seed": 45965 },{ "seed": 45974 },{ "seed": 45980 },{ "seed": 45997 },{ "seed": 46003 },{ "seed": 46007 },{ "seed": 46015 },{ "seed": 46026 },{ "seed": 46044 },{ "seed": 46058 },{ "seed": 46098 },{ "seed": 46107 },{ "seed": 46126 },{ "seed": 46146 },{ "seed": 46178 },{ "seed": 46215 },{ "seed": 46251 },{ "seed": 46255 },{ "seed": 46273 },{ "seed": 46274 },{ "seed": 46301 },{ "seed": 46352 },{ "seed": 46386 },{ "seed": 46473 },{ "seed": 46492 },{ "seed": 46517 },{ "seed": 46527 },{ "seed": 46594 },{ "seed": 46642 },{ "seed": 46662 },{ "seed": 46673 },{ "seed": 46676 },{ "seed": 46736 },{ "seed": 46745 },{ "seed": 46795 },{ "seed": 46797 },{ "seed": 46801 },{ "seed": 46824 },{ "seed": 46828 },{ "seed": 46841 },{ "seed": 46872 },{ "seed": 46883 },{ "seed": 46908 },{ "seed": 46950 },{ "seed": 46955 },{ "seed": 46963 },{ "seed": 46994 },{ "seed": 46996 },{ "seed": 47001 },{ "seed": 47055 },{ "seed": 47065 },{ "seed": 47097 },{ "seed": 47169 },{ "seed": 47175 },{ "seed": 47201 },{ "seed": 47231 },{ "seed": 47237 },{ "seed": 47261 },{ "seed": 47273 },{ "seed": 47290 },{ "seed": 47325 },{ "seed": 47339 },{ "seed": 47398 },{ "seed": 47409 },{ "seed": 47423 },{ "seed": 47471 },{ "seed": 47485 },{ "seed": 47574 },{ "seed": 47650 },{ "seed": 47651 },{ "seed": 47735 },{ "seed": 47739 },{ "seed": 47744 },{ "seed": 47774 },{ "seed": 47810 },{ "seed": 47837 },{ "seed": 47925 },{ "seed": 47959 },{ "seed": 47974 },{ "seed": 48070 },{ "seed": 48085 },{ "seed": 48093 },{ "seed": 48102 },{ "seed": 48107 },{ "seed": 48120 },{ "seed": 48174 },{ "seed": 48210 },{ "seed": 48214 },{ "seed": 48247 },{ "seed": 48252 },{ "seed": 48257 },{ "seed": 48269 },{ "seed": 48402 },{ "seed": 48420 },{ "seed": 48422 },{ "seed": 48476 },{ "seed": 48481 },{ "seed": 48484 },{ "seed": 48516 },{ "seed": 48541 },{ "seed": 48594 },{ "seed": 48634 },{ "seed": 48646 },{ "seed": 48665 },{ "seed": 48681 },{ "seed": 48714 },{ "seed": 48736 },{ "seed": 48742 },{ "seed": 48766 },{ "seed": 48815 },{ "seed": 48827 },{ "seed": 48893 },{ "seed": 48905 },{ "seed": 48909 },{ "seed": 48924 },{ "seed": 48972 },{ "seed": 48990 },{ "seed": 49012 },{ "seed": 49050 },{ "seed": 49065 },{ "seed": 49091 },{ "seed": 49111 },{ "seed": 49128 },{ "seed": 49140 },{ "seed": 49143 },{ "seed": 49144 },{ "seed": 49210 },{ "seed": 49236 },{ "seed": 49257 },{ "seed": 49264 },{ "seed": 49268 },{ "seed": 49290 },{ "seed": 49307 },{ "seed": 49309 },{ "seed": 49329 },{ "seed": 49334 },{ "seed": 49408 },{ "seed": 49415 },{ "seed": 49416 },{ "seed": 49451 },{ "seed": 49530 },{ "seed": 49556 },{ "seed": 49609 },{ "seed": 49653 },{ "seed": 49654 },{ "seed": 49664 },{ "seed": 49670 },{ "seed": 49678 },{ "seed": 49697 },{ "seed": 49719 },{ "seed": 49761 },{ "seed": 49765 },{ "seed": 49773 },{ "seed": 49793 },{ "seed": 49871 },{ "seed": 49876 },{ "seed": 49889 },{ "seed": 49902 },{ "seed": 49985 },{ "seed": 50011 },{ "seed": 50012 },{ "seed": 50018 },{ "seed": 50098 },{ "seed": 50104 },{ "seed": 50187 },{ "seed": 50192 },{ "seed": 50193 },{ "seed": 50209 },{ "seed": 50212 },{ "seed": 50293 },{ "seed": 50304 },{ "seed": 50394 },{ "seed": 50401 },{ "seed": 50485 },{ "seed": 50531 },{ "seed": 50532 },{ "seed": 50557 },{ "seed": 50589 },{ "seed": 50594 },{ "seed": 50633 },{ "seed": 50696 },{ "seed": 50706 },{ "seed": 50710 },{ "seed": 50740 },{ "seed": 50811 },{ "seed": 50824 },{ "seed": 50826 },{ "seed": 50831 },{ "seed": 50900 },{ "seed": 50912 },{ "seed": 50941 },{ "seed": 50948 },{ "seed": 50975 },{ "seed": 50996 },{ "seed": 51019 },{ "seed": 51026 },{ "seed": 51036 },{ "seed": 51079 },{ "seed": 51101 },{ "seed": 51110 },{ "seed": 51140 },{ "seed": 51165 },{ "seed": 51181 },{ "seed": 51209 },{ "seed": 51216 },{ "seed": 51241 },{ "seed": 51293 },{ "seed": 51326 },{ "seed": 51347 },{ "seed": 51359 },{ "seed": 51367 },{ "seed": 51457 },{ "seed": 51495 },{ "seed": 51559 },{ "seed": 51563 },{ "seed": 51721 },{ "seed": 51732 },{ "seed": 51771 },{ "seed": 51812 },{ "seed": 51831 },{ "seed": 51837 },{ "seed": 51841 },{ "seed": 51850 },{ "seed": 51882 },{ "seed": 51906 },{ "seed": 51907 },{ "seed": 51928 },{ "seed": 51951 },{ "seed": 51977 },{ "seed": 52017 },{ "seed": 52060 },{ "seed": 52117 },{ "seed": 52130 },{ "seed": 52183 },{ "seed": 52226 },{ "seed": 52231 },{ "seed": 52241 },{ "seed": 52264 },{ "seed": 52300 },{ "seed": 52329 },{ "seed": 52359 },{ "seed": 52362 },{ "seed": 52369 },{ "seed": 52377 },{ "seed": 52512 },{ "seed": 52688 },{ "seed": 52690 },{ "seed": 52740 },{ "seed": 52766 },{ "seed": 52772 },{ "seed": 52774 },{ "seed": 52781 },{ "seed": 52807 },{ "seed": 52820 },{ "seed": 52843 },{ "seed": 52876 },{ "seed": 52911 },{ "seed": 52942 },{ "seed": 52990 },{ "seed": 53005 },{ "seed": 53030 },{ "seed": 53053 },{ "seed": 53081 },{ "seed": 53122 },{ "seed": 53181 },{ "seed": 53210 },{ "seed": 53239 },{ "seed": 53257 },{ "seed": 53269 },{ "seed": 53272 },{ "seed": 53288 },{ "seed": 53348 },{ "seed": 53366 },{ "seed": 53386 },{ "seed": 53395 },{ "seed": 53397 },{ "seed": 53461 },{ "seed": 53476 },{ "seed": 53531 },{ "seed": 53555 },{ "seed": 53560 },{ "seed": 53585 },{ "seed": 53599 },{ "seed": 53604 },{ "seed": 53657 },{ "seed": 53705 },{ "seed": 53711 },{ "seed": 53716 },{ "seed": 53732 },{ "seed": 53749 },{ "seed": 53778 },{ "seed": 53792 },{ "seed": 53823 },{ "seed": 53829 },{ "seed": 53832 },{ "seed": 53958 },{ "seed": 53989 },{ "seed": 53995 },{ "seed": 54079 },{ "seed": 54107 },{ "seed": 54111 },{ "seed": 54112 },{ "seed": 54131 },{ "seed": 54147 },{ "seed": 54228 },{ "seed": 54232 },{ "seed": 54273 },{ "seed": 54315 },{ "seed": 54320 },{ "seed": 54354 },{ "seed": 54368 },{ "seed": 54391 },{ "seed": 54394 },{ "seed": 54401 },{ "seed": 54422 },{ "seed": 54436 },{ "seed": 54465 },{ "seed": 54481 },{ "seed": 54490 },{ "seed": 54594 },{ "seed": 54620 },{ "seed": 54639 },{ "seed": 54673 },{ "seed": 54677 },{ "seed": 54679 },{ "seed": 54713 },{ "seed": 54734 },{ "seed": 54735 },{ "seed": 54739 },{ "seed": 54742 },{ "seed": 54744 },{ "seed": 54775 },{ "seed": 54782 },{ "seed": 54783 },{ "seed": 54803 },{ "seed": 54807 },{ "seed": 54808 },{ "seed": 54811 },{ "seed": 54837 },{ "seed": 54857 },{ "seed": 54866 },{ "seed": 54870 },{ "seed": 54875 },{ "seed": 54900 },{ "seed": 54912 },{ "seed": 54915 },{ "seed": 54944 },{ "seed": 54955 },{ "seed": 54964 },{ "seed": 54966 },{ "seed": 54979 },{ "seed": 55032 },{ "seed": 55038 },{ "seed": 55041 },{ "seed": 55059 },{ "seed": 55073 },{ "seed": 55082 },{ "seed": 55110 },{ "seed": 55119 },{ "seed": 55131 },{ "seed": 55165 },{ "seed": 55180 },{ "seed": 55183 },{ "seed": 55276 },{ "seed": 55303 },{ "seed": 55307 },{ "seed": 55316 },{ "seed": 55323 },{ "seed": 55333 },{ "seed": 55355 },{ "seed": 55408 },{ "seed": 55437 },{ "seed": 55457 },{ "seed": 55463 },{ "seed": 55474 },{ "seed": 55495 },{ "seed": 55498 },{ "seed": 55500 },{ "seed": 55505 },{ "seed": 55510 },{ "seed": 55563 },{ "seed": 55569 },{ "seed": 55587 },{ "seed": 55592 },{ "seed": 55600 },{ "seed": 55627 },{ "seed": 55706 },{ "seed": 55715 },{ "seed": 55724 },{ "seed": 55735 },{ "seed": 55774 },{ "seed": 55853 },{ "seed": 55855 },{ "seed": 55881 },{ "seed": 55919 },{ "seed": 55962 },{ "seed": 55969 },{ "seed": 55981 },{ "seed": 55997 },{ "seed": 56010 },{ "seed": 56111 },{ "seed": 56114 },{ "seed": 56227 },{ "seed": 56241 },{ "seed": 56243 },{ "seed": 56293 },{ "seed": 56363 },{ "seed": 56393 },{ "seed": 56409 },{ "seed": 56455 },{ "seed": 56468 },{ "seed": 56477 },{ "seed": 56497 },{ "seed": 56505 },{ "seed": 56522 },{ "seed": 56573 },{ "seed": 56581 },{ "seed": 56638 },{ "seed": 56667 },{ "seed": 56709 },{ "seed": 56786 },{ "seed": 56795 },{ "seed": 56801 },{ "seed": 56851 },{ "seed": 56887 },{ "seed": 56888 },{ "seed": 56931 },{ "seed": 56947 },{ "seed": 56958 },{ "seed": 56987 },{ "seed": 57031 },{ "seed": 57071 },{ "seed": 57089 },{ "seed": 57091 },{ "seed": 57095 },{ "seed": 57128 },{ "seed": 57176 },{ "seed": 57194 },{ "seed": 57213 },{ "seed": 57214 },{ "seed": 57291 },{ "seed": 57322 },{ "seed": 57326 },{ "seed": 57335 },{ "seed": 57365 },{ "seed": 57366 },{ "seed": 57373 },{ "seed": 57397 },{ "seed": 57410 },{ "seed": 57461 },{ "seed": 57510 },{ "seed": 57569 },{ "seed": 57580 },{ "seed": 57591 },{ "seed": 57645 },{ "seed": 57685 },{ "seed": 57700 },{ "seed": 57701 },{ "seed": 57733 },{ "seed": 57750 },{ "seed": 57762 },{ "seed": 57772 },{ "seed": 57822 },{ "seed": 57857 },{ "seed": 57867 },{ "seed": 57912 },{ "seed": 57991 },{ "seed": 58000 },{ "seed": 58003 },{ "seed": 58012 },{ "seed": 58022 },{ "seed": 58029 },{ "seed": 58050 },{ "seed": 58066 },{ "seed": 58107 },{ "seed": 58108 },{ "seed": 58135 },{ "seed": 58164 },{ "seed": 58184 },{ "seed": 58215 },{ "seed": 58217 },{ "seed": 58228 },{ "seed": 58257 },{ "seed": 58266 },{ "seed": 58287 },{ "seed": 58300 },{ "seed": 58311 },{ "seed": 58352 },{ "seed": 58376 },{ "seed": 58463 },{ "seed": 58474 },{ "seed": 58478 },{ "seed": 58498 },{ "seed": 58536 },{ "seed": 58551 },{ "seed": 58612 },{ "seed": 58631 },{ "seed": 58645 },{ "seed": 58646 },{ "seed": 58694 },{ "seed": 58710 },{ "seed": 58832 },{ "seed": 58856 },{ "seed": 58876 },{ "seed": 58904 },{ "seed": 58913 },{ "seed": 58934 },{ "seed": 58958 },{ "seed": 59005 },{ "seed": 59029 },{ "seed": 59041 },{ "seed": 59042 },{ "seed": 59049 },{ "seed": 59087 },{ "seed": 59113 },{ "seed": 59115 },{ "seed": 59163 },{ "seed": 59175 },{ "seed": 59186 },{ "seed": 59198 },{ "seed": 59199 },{ "seed": 59306 },{ "seed": 59308 },{ "seed": 59329 },{ "seed": 59365 },{ "seed": 59375 },{ "seed": 59414 },{ "seed": 59423 },{ "seed": 59453 },{ "seed": 59469 },{ "seed": 59481 },{ "seed": 59549 },{ "seed": 59571 },{ "seed": 59592 },{ "seed": 59778 },{ "seed": 59785 },{ "seed": 59833 },{ "seed": 59862 },{ "seed": 59870 },{ "seed": 59871 },{ "seed": 59932 },{ "seed": 59943 },{ "seed": 59963 },{ "seed": 60020 },{ "seed": 60030 },{ "seed": 60035 },{ "seed": 60057 },{ "seed": 60067 },{ "seed": 60072 },{ "seed": 60094 },{ "seed": 60148 },{ "seed": 60199 },{ "seed": 60219 },{ "seed": 60252 },{ "seed": 60262 },{ "seed": 60272 },{ "seed": 60314 },{ "seed": 60324 },{ "seed": 60421 },{ "seed": 60422 },{ "seed": 60456 },{ "seed": 60576 },{ "seed": 60596 },{ "seed": 60607 },{ "seed": 60609 },{ "seed": 60675 },{ "seed": 60695 },{ "seed": 60709 },{ "seed": 60732 },{ "seed": 60742 },{ "seed": 60784 },{ "seed": 60813 },{ "seed": 60815 },{ "seed": 60885 },{ "seed": 60889 },{ "seed": 60893 },{ "seed": 60895 },{ "seed": 61016 },{ "seed": 61017 },{ "seed": 61032 },{ "seed": 61036 },{ "seed": 61039 },{ "seed": 61081 },{ "seed": 61212 },{ "seed": 61253 },{ "seed": 61258 },{ "seed": 61269 },{ "seed": 61378 },{ "seed": 61390 },{ "seed": 61400 },{ "seed": 61411 },{ "seed": 61452 },{ "seed": 61460 },{ "seed": 61465 },{ "seed": 61473 },{ "seed": 61477 },{ "seed": 61504 },{ "seed": 61509 },{ "seed": 61545 },{ "seed": 61561 },{ "seed": 61574 },{ "seed": 61599 },{ "seed": 61616 },{ "seed": 61619 },{ "seed": 61626 },{ "seed": 61768 },{ "seed": 61777 },{ "seed": 61811 },{ "seed": 61871 },{ "seed": 61887 },{ "seed": 61888 },{ "seed": 61952 },{ "seed": 61956 },{ "seed": 61960 },{ "seed": 61980 },{ "seed": 62060 },{ "seed": 62091 },{ "seed": 62134 },{ "seed": 62152 },{ "seed": 62178 },{ "seed": 62199 },{ "seed": 62225 },{ "seed": 62247 },{ "seed": 62286 },{ "seed": 62329 },{ "seed": 62352 },{ "seed": 62367 },{ "seed": 62391 },{ "seed": 62422 },{ "seed": 62430 },{ "seed": 62471 },{ "seed": 62473 },{ "seed": 62585 },{ "seed": 62661 },{ "seed": 62692 },{ "seed": 62764 },{ "seed": 62768 },{ "seed": 62821 },{ "seed": 62868 },{ "seed": 62883 },{ "seed": 62947 },{ "seed": 62960 },{ "seed": 62995 },{ "seed": 63029 },{ "seed": 63035 },{ "seed": 63056 },{ "seed": 63103 },{ "seed": 63109 },{ "seed": 63119 },{ "seed": 63167 },{ "seed": 63168 },{ "seed": 63176 },{ "seed": 63205 },{ "seed": 63206 },{ "seed": 63264 },{ "seed": 63367 },{ "seed": 63380 },{ "seed": 63411 },{ "seed": 63440 },{ "seed": 63461 },{ "seed": 63464 },{ "seed": 63466 },{ "seed": 63496 },{ "seed": 63532 },{ "seed": 63548 },{ "seed": 63561 },{ "seed": 63568 },{ "seed": 63589 },{ "seed": 63608 },{ "seed": 63642 },{ "seed": 63644 },{ "seed": 63666 },{ "seed": 63678 },{ "seed": 63707 },{ "seed": 63712 },{ "seed": 63743 },{ "seed": 63771 },{ "seed": 63775 },{ "seed": 63807 },{ "seed": 63812 },{ "seed": 63816 },{ "seed": 63844 },{ "seed": 63845 },{ "seed": 63878 },{ "seed": 63892 },{ "seed": 63893 },{ "seed": 63909 },{ "seed": 63951 },{ "seed": 63952 },{ "seed": 63954 },{ "seed": 63955 },{ "seed": 63979 },{ "seed": 63996 },{ "seed": 64036 },{ "seed": 64041 },{ "seed": 64085 },{ "seed": 64114 },{ "seed": 64150 },{ "seed": 64168 },{ "seed": 64170 },{ "seed": 64174 },{ "seed": 64226 },{ "seed": 64250 },{ "seed": 64261 },{ "seed": 64274 },{ "seed": 64280 },{ "seed": 64336 },{ "seed": 64380 },{ "seed": 64416 },{ "seed": 64438 },{ "seed": 64446 },{ "seed": 64480 },{ "seed": 64495 },{ "seed": 64498 },{ "seed": 64526 },{ "seed": 64540 },{ "seed": 64561 },{ "seed": 64683 },{ "seed": 64684 },{ "seed": 64693 },{ "seed": 64708 },{ "seed": 64710 },{ "seed": 64780 },{ "seed": 64781 },{ "seed": 64786 },{ "seed": 64787 },{ "seed": 64802 },{ "seed": 64812 },{ "seed": 64829 },{ "seed": 64843 },{ "seed": 64876 },{ "seed": 64890 },{ "seed": 64901 },{ "seed": 64905 },{ "seed": 64911 },{ "seed": 64933 },{ "seed": 64955 },{ "seed": 64970 },{ "seed": 64993 },{ "seed": 65003 },{ "seed": 65012 },{ "seed": 65023 },{ "seed": 65064 },{ "seed": 65070 },{ "seed": 65227 },{ "seed": 65246 },{ "seed": 65248 },{ "seed": 65252 },{ "seed": 65263 },{ "seed": 65271 },{ "seed": 65306 },{ "seed": 65322 },{ "seed": 65345 },{ "seed": 65387 },{ "seed": 65401 },{ "seed": 65416 },{ "seed": 65439 },{ "seed": 65503 },{ "seed": 65520 },{ "seed": 65548 },{ "seed": 65621 },{ "seed": 65652 },{ "seed": 65664 },{ "seed": 65713 },{ "seed": 65733 },{ "seed": 65834 },{ "seed": 65842 },{ "seed": 65857 },{ "seed": 65875 },{ "seed": 65884 },{ "seed": 65907 },{ "seed": 65909 },{ "seed": 65941 },{ "seed": 66008 },{ "seed": 66044 },{ "seed": 66121 },{ "seed": 66123 },{ "seed": 66171 },{ "seed": 66185 },{ "seed": 66208 },{ "seed": 66209 },{ "seed": 66223 },{ "seed": 66226 },{ "seed": 66272 },{ "seed": 66299 },{ "seed": 66318 },{ "seed": 66329 },{ "seed": 66337 },{ "seed": 66339 },{ "seed": 66342 },{ "seed": 66378 },{ "seed": 66381 },{ "seed": 66412 },{ "seed": 66428 },{ "seed": 66506 },{ "seed": 66536 },{ "seed": 66614 },{ "seed": 66634 },{ "seed": 66636 },{ "seed": 66640 },{ "seed": 66658 },{ "seed": 66675 },{ "seed": 66687 },{ "seed": 66689 },{ "seed": 66739 },{ "seed": 66741 },{ "seed": 66745 },{ "seed": 66792 },{ "seed": 66836 },{ "seed": 66919 },{ "seed": 66942 },{ "seed": 66961 },{ "seed": 66976 },{ "seed": 67001 },{ "seed": 67031 },{ "seed": 67038 },{ "seed": 67053 },{ "seed": 67055 },{ "seed": 67075 },{ "seed": 67097 },{ "seed": 67190 },{ "seed": 67191 },{ "seed": 67202 },{ "seed": 67217 },{ "seed": 67251 },{ "seed": 67260 },{ "seed": 67283 },{ "seed": 67296 },{ "seed": 67303 },{ "seed": 67317 },{ "seed": 67320 },{ "seed": 67388 },{ "seed": 67399 },{ "seed": 67413 },{ "seed": 67447 },{ "seed": 67473 },{ "seed": 67488 },{ "seed": 67513 },{ "seed": 67520 },{ "seed": 67563 },{ "seed": 67609 },{ "seed": 67631 },{ "seed": 67665 },{ "seed": 67669 },{ "seed": 67720 },{ "seed": 67742 },{ "seed": 67759 },{ "seed": 67778 },{ "seed": 67790 },{ "seed": 67796 },{ "seed": 67880 },{ "seed": 67888 },{ "seed": 67920 },{ "seed": 67965 },{ "seed": 68014 },{ "seed": 68030 },{ "seed": 68084 },{ "seed": 68102 },{ "seed": 68121 },{ "seed": 68149 },{ "seed": 68211 },{ "seed": 68228 },{ "seed": 68229 },{ "seed": 68252 },{ "seed": 68259 },{ "seed": 68264 },{ "seed": 68311 },{ "seed": 68322 },{ "seed": 68328 },{ "seed": 68332 },{ "seed": 68367 },{ "seed": 68394 },{ "seed": 68395 },{ "seed": 68413 },{ "seed": 68425 },{ "seed": 68439 },{ "seed": 68440 },{ "seed": 68442 },{ "seed": 68505 },{ "seed": 68557 },{ "seed": 68575 },{ "seed": 68605 },{ "seed": 68634 },{ "seed": 68645 },{ "seed": 68698 },{ "seed": 68777 },{ "seed": 68780 },{ "seed": 68782 },{ "seed": 68790 },{ "seed": 68851 },{ "seed": 68858 },{ "seed": 68873 },{ "seed": 68876 },{ "seed": 68885 },{ "seed": 68887 },{ "seed": 68889 },{ "seed": 68913 },{ "seed": 68954 },{ "seed": 68961 },{ "seed": 69016 },{ "seed": 69044 },{ "seed": 69060 },{ "seed": 69090 },{ "seed": 69103 },{ "seed": 69119 },{ "seed": 69125 },{ "seed": 69149 },{ "seed": 69161 },{ "seed": 69181 },{ "seed": 69184 },{ "seed": 69203 },{ "seed": 69209 },{ "seed": 69264 },{ "seed": 69274 },{ "seed": 69305 },{ "seed": 69323 },{ "seed": 69355 },{ "seed": 69402 },{ "seed": 69407 },{ "seed": 69469 },{ "seed": 69478 },{ "seed": 69487 },{ "seed": 69501 },{ "seed": 69552 },{ "seed": 69557 },{ "seed": 69562 },{ "seed": 69568 },{ "seed": 69577 },{ "seed": 69634 },{ "seed": 69639 },{ "seed": 69691 },{ "seed": 69693 },{ "seed": 69706 },{ "seed": 69728 },{ "seed": 69732 },{ "seed": 69759 },{ "seed": 69768 },{ "seed": 69825 },{ "seed": 69841 },{ "seed": 69857 },{ "seed": 69894 },{ "seed": 69959 },{ "seed": 69966 },{ "seed": 69979 },{ "seed": 70025 },{ "seed": 70054 },{ "seed": 70060 },{ "seed": 70096 },{ "seed": 70152 },{ "seed": 70172 },{ "seed": 70178 },{ "seed": 70249 },{ "seed": 70295 },{ "seed": 70311 },{ "seed": 70325 },{ "seed": 70339 },{ "seed": 70349 },{ "seed": 70367 },{ "seed": 70386 },{ "seed": 70400 },{ "seed": 70436 },{ "seed": 70486 },{ "seed": 70516 },{ "seed": 70596 },{ "seed": 70604 },{ "seed": 70617 },{ "seed": 70639 },{ "seed": 70767 },{ "seed": 70782 },{ "seed": 70796 },{ "seed": 70821 },{ "seed": 70833 },{ "seed": 70840 },{ "seed": 70867 },{ "seed": 70872 },{ "seed": 70875 },{ "seed": 70883 },{ "seed": 71029 },{ "seed": 71052 },{ "seed": 71055 },{ "seed": 71068 },{ "seed": 71109 },{ "seed": 71117 },{ "seed": 71122 },{ "seed": 71132 },{ "seed": 71234 },{ "seed": 71250 },{ "seed": 71293 },{ "seed": 71331 },{ "seed": 71393 },{ "seed": 71414 },{ "seed": 71445 },{ "seed": 71473 },{ "seed": 71486 },{ "seed": 71522 },{ "seed": 71529 },{ "seed": 71580 },{ "seed": 71614 },{ "seed": 71678 },{ "seed": 71698 },{ "seed": 71777 },{ "seed": 71838 },{ "seed": 71840 },{ "seed": 71858 },{ "seed": 71865 },{ "seed": 71919 },{ "seed": 71932 },{ "seed": 71938 },{ "seed": 72067 },{ "seed": 72073 },{ "seed": 72108 },{ "seed": 72110 },{ "seed": 72162 },{ "seed": 72165 },{ "seed": 72190 },{ "seed": 72211 },{ "seed": 72228 },{ "seed": 72241 },{ "seed": 72266 },{ "seed": 72348 },{ "seed": 72372 },{ "seed": 72505 },{ "seed": 72551 },{ "seed": 72554 },{ "seed": 72573 },{ "seed": 72591 },{ "seed": 72711 },{ "seed": 72730 },{ "seed": 72744 },{ "seed": 72750 },{ "seed": 72872 },{ "seed": 73031 },{ "seed": 73092 },{ "seed": 73158 },{ "seed": 73168 },{ "seed": 73198 },{ "seed": 73235 },{ "seed": 73246 },{ "seed": 73249 },{ "seed": 73269 },{ "seed": 73292 },{ "seed": 73295 },{ "seed": 73303 },{ "seed": 73346 },{ "seed": 73381 },{ "seed": 73386 },{ "seed": 73394 },{ "seed": 73412 },{ "seed": 73425 },{ "seed": 73449 },{ "seed": 73458 },{ "seed": 73491 },{ "seed": 73536 },{ "seed": 73564 },{ "seed": 73566 },{ "seed": 73613 },{ "seed": 73652 },{ "seed": 73663 },{ "seed": 73671 },{ "seed": 73682 },{ "seed": 73687 },{ "seed": 73714 },{ "seed": 73722 },{ "seed": 73765 },{ "seed": 73769 },{ "seed": 73892 },{ "seed": 73937 },{ "seed": 73968 },{ "seed": 74019 },{ "seed": 74026 },{ "seed": 74059 },{ "seed": 74091 },{ "seed": 74095 },{ "seed": 74108 },{ "seed": 74116 },{ "seed": 74128 },{ "seed": 74134 },{ "seed": 74138 },{ "seed": 74198 },{ "seed": 74201 },{ "seed": 74210 },{ "seed": 74241 },{ "seed": 74257 },{ "seed": 74260 },{ "seed": 74356 },{ "seed": 74372 },{ "seed": 74387 },{ "seed": 74465 },{ "seed": 74488 },{ "seed": 74496 },{ "seed": 74581 },{ "seed": 74613 },{ "seed": 74656 },{ "seed": 74728 },{ "seed": 74735 },{ "seed": 74756 },{ "seed": 74785 },{ "seed": 74797 },{ "seed": 74844 },{ "seed": 74884 },{ "seed": 74896 },{ "seed": 74912 },{ "seed": 74952 },{ "seed": 74982 },{ "seed": 74989 },{ "seed": 75014 },{ "seed": 75021 },{ "seed": 75054 },{ "seed": 75100 },{ "seed": 75162 },{ "seed": 75266 },{ "seed": 75301 },{ "seed": 75314 },{ "seed": 75347 },{ "seed": 75354 },{ "seed": 75369 },{ "seed": 75375 },{ "seed": 75414 },{ "seed": 75424 },{ "seed": 75491 },{ "seed": 75550 },{ "seed": 75607 },{ "seed": 75614 },{ "seed": 75615 },{ "seed": 75634 },{ "seed": 75700 },{ "seed": 75707 },{ "seed": 75711 },{ "seed": 75722 },{ "seed": 75738 },{ "seed": 75740 },{ "seed": 75743 },{ "seed": 75763 },{ "seed": 75818 },{ "seed": 75825 },{ "seed": 75950 },{ "seed": 75983 },{ "seed": 76016 },{ "seed": 76017 },{ "seed": 76033 },{ "seed": 76047 },{ "seed": 76053 },{ "seed": 76076 },{ "seed": 76078 },{ "seed": 76094 },{ "seed": 76113 },{ "seed": 76146 },{ "seed": 76165 },{ "seed": 76186 },{ "seed": 76196 },{ "seed": 76255 },{ "seed": 76260 },{ "seed": 76294 },{ "seed": 76306 },{ "seed": 76313 },{ "seed": 76317 },{ "seed": 76358 },{ "seed": 76369 },{ "seed": 76379 },{ "seed": 76382 },{ "seed": 76383 },{ "seed": 76439 },{ "seed": 76458 },{ "seed": 76469 },{ "seed": 76476 },{ "seed": 76509 },{ "seed": 76539 },{ "seed": 76583 },{ "seed": 76586 },{ "seed": 76589 },{ "seed": 76595 },{ "seed": 76652 },{ "seed": 76654 },{ "seed": 76666 },{ "seed": 76743 },{ "seed": 76751 },{ "seed": 76766 },{ "seed": 76832 },{ "seed": 76862 },{ "seed": 76865 },{ "seed": 76905 },{ "seed": 76934 },{ "seed": 76976 },{ "seed": 76977 },{ "seed": 77034 },{ "seed": 77038 },{ "seed": 77053 },{ "seed": 77069 },{ "seed": 77092 },{ "seed": 77101 },{ "seed": 77113 },{ "seed": 77129 },{ "seed": 77134 },{ "seed": 77151 },{ "seed": 77248 },{ "seed": 77262 },{ "seed": 77279 },{ "seed": 77284 },{ "seed": 77358 },{ "seed": 77398 },{ "seed": 77401 },{ "seed": 77453 },{ "seed": 77457 },{ "seed": 77484 },{ "seed": 77534 },{ "seed": 77542 },{ "seed": 77621 },{ "seed": 77663 },{ "seed": 77704 },{ "seed": 77742 },{ "seed": 77745 },{ "seed": 77773 },{ "seed": 77779 },{ "seed": 77848 },{ "seed": 77850 },{ "seed": 77877 },{ "seed": 77940 },{ "seed": 77945 },{ "seed": 77963 },{ "seed": 77985 },{ "seed": 78015 },{ "seed": 78020 },{ "seed": 78043 },{ "seed": 78061 },{ "seed": 78099 },{ "seed": 78133 },{ "seed": 78137 },{ "seed": 78154 },{ "seed": 78157 },{ "seed": 78171 },{ "seed": 78174 },{ "seed": 78189 },{ "seed": 78195 },{ "seed": 78240 },{ "seed": 78268 },{ "seed": 78277 },{ "seed": 78316 },{ "seed": 78342 },{ "seed": 78356 },{ "seed": 78361 },{ "seed": 78383 },{ "seed": 78386 },{ "seed": 78484 },{ "seed": 78498 },{ "seed": 78512 },{ "seed": 78528 },{ "seed": 78545 },{ "seed": 78554 },{ "seed": 78560 },{ "seed": 78567 },{ "seed": 78625 },{ "seed": 78674 },{ "seed": 78688 },{ "seed": 78691 },{ "seed": 78732 },{ "seed": 78747 },{ "seed": 78752 },{ "seed": 78767 },{ "seed": 78769 },{ "seed": 78771 },{ "seed": 78805 },{ "seed": 78824 },{ "seed": 78866 },{ "seed": 78876 },{ "seed": 78929 },{ "seed": 78968 },{ "seed": 79020 },{ "seed": 79030 },{ "seed": 79049 },{ "seed": 79073 },{ "seed": 79109 },{ "seed": 79115 },{ "seed": 79146 },{ "seed": 79150 },{ "seed": 79161 },{ "seed": 79165 },{ "seed": 79204 },{ "seed": 79219 },{ "seed": 79382 },{ "seed": 79426 },{ "seed": 79437 },{ "seed": 79497 },{ "seed": 79498 },{ "seed": 79504 },{ "seed": 79521 },{ "seed": 79614 },{ "seed": 79619 },{ "seed": 79680 },{ "seed": 79684 },{ "seed": 79708 },{ "seed": 79721 },{ "seed": 79760 },{ "seed": 79782 },{ "seed": 79787 },{ "seed": 79816 },{ "seed": 79841 },{ "seed": 79857 },{ "seed": 79884 },{ "seed": 79935 },{ "seed": 79969 },{ "seed": 79975 },{ "seed": 80002 },{ "seed": 80022 },{ "seed": 80039 },{ "seed": 80061 },{ "seed": 80080 },{ "seed": 80082 },{ "seed": 80087 },{ "seed": 80089 },{ "seed": 80123 },{ "seed": 80127 },{ "seed": 80144 },{ "seed": 80157 },{ "seed": 80158 },{ "seed": 80187 },{ "seed": 80200 },{ "seed": 80207 },{ "seed": 80264 },{ "seed": 80297 },{ "seed": 80343 },{ "seed": 80376 },{ "seed": 80392 },{ "seed": 80445 },{ "seed": 80458 },{ "seed": 80465 },{ "seed": 80478 },{ "seed": 80529 },{ "seed": 80534 },{ "seed": 80570 },{ "seed": 80662 },{ "seed": 80692 },{ "seed": 80703 },{ "seed": 80719 },{ "seed": 80788 },{ "seed": 80796 },{ "seed": 80804 },{ "seed": 80833 },{ "seed": 80836 },{ "seed": 80874 },{ "seed": 80942 },{ "seed": 80955 },{ "seed": 80964 },{ "seed": 80999 },{ "seed": 81010 },{ "seed": 81017 },{ "seed": 81026 },{ "seed": 81037 },{ "seed": 81121 },{ "seed": 81147 },{ "seed": 81159 },{ "seed": 81173 },{ "seed": 81203 },{ "seed": 81213 },{ "seed": 81216 },{ "seed": 81225 },{ "seed": 81231 },{ "seed": 81242 },{ "seed": 81243 },{ "seed": 81276 },{ "seed": 81284 },{ "seed": 81310 },{ "seed": 81352 },{ "seed": 81380 },{ "seed": 81433 },{ "seed": 81495 },{ "seed": 81496 },{ "seed": 81528 },{ "seed": 81535 },{ "seed": 81600 },{ "seed": 81601 },{ "seed": 81612 },{ "seed": 81613 },{ "seed": 81658 },{ "seed": 81680 },{ "seed": 81687 },{ "seed": 81691 },{ "seed": 81719 },{ "seed": 81751 },{ "seed": 81774 },{ "seed": 81787 },{ "seed": 81870 },{ "seed": 81879 },{ "seed": 81925 },{ "seed": 81948 },{ "seed": 82023 },{ "seed": 82029 },{ "seed": 82082 },{ "seed": 82086 },{ "seed": 82108 },{ "seed": 82128 },{ "seed": 82131 },{ "seed": 82135 },{ "seed": 82137 },{ "seed": 82143 },{ "seed": 82152 },{ "seed": 82168 },{ "seed": 82171 },{ "seed": 82186 },{ "seed": 82193 },{ "seed": 82233 },{ "seed": 82240 },{ "seed": 82241 },{ "seed": 82278 },{ "seed": 82288 },{ "seed": 82311 },{ "seed": 82373 },{ "seed": 82387 },{ "seed": 82402 },{ "seed": 82427 },{ "seed": 82435 },{ "seed": 82451 },{ "seed": 82464 },{ "seed": 82471 },{ "seed": 82475 },{ "seed": 82483 },{ "seed": 82525 },{ "seed": 82652 },{ "seed": 82697 },{ "seed": 82718 },{ "seed": 82850 },{ "seed": 82861 },{ "seed": 82912 },{ "seed": 82914 },{ "seed": 82919 },{ "seed": 82955 },{ "seed": 82966 },{ "seed": 82969 },{ "seed": 82981 },{ "seed": 82996 },{ "seed": 83019 },{ "seed": 83062 },{ "seed": 83069 },{ "seed": 83085 },{ "seed": 83128 },{ "seed": 83137 },{ "seed": 83291 },{ "seed": 83311 },{ "seed": 83320 },{ "seed": 83330 },{ "seed": 83334 },{ "seed": 83381 },{ "seed": 83424 },{ "seed": 83458 },{ "seed": 83477 },{ "seed": 83498 },{ "seed": 83554 },{ "seed": 83559 },{ "seed": 83564 },{ "seed": 83565 },{ "seed": 83573 },{ "seed": 83632 },{ "seed": 83660 },{ "seed": 83698 },{ "seed": 83731 },{ "seed": 83758 },{ "seed": 83762 },{ "seed": 83849 },{ "seed": 83851 },{ "seed": 83874 },{ "seed": 83910 },{ "seed": 83911 },{ "seed": 83951 },{ "seed": 83956 },{ "seed": 83980 },{ "seed": 84073 },{ "seed": 84078 },{ "seed": 84113 },{ "seed": 84122 },{ "seed": 84191 },{ "seed": 84210 },{ "seed": 84239 },{ "seed": 84242 },{ "seed": 84258 },{ "seed": 84280 },{ "seed": 84322 },{ "seed": 84348 },{ "seed": 84462 },{ "seed": 84562 },{ "seed": 84564 },{ "seed": 84566 },{ "seed": 84608 },{ "seed": 84609 },{ "seed": 84646 },{ "seed": 84660 },{ "seed": 84695 },{ "seed": 84698 },{ "seed": 84703 },{ "seed": 84765 },{ "seed": 84787 },{ "seed": 84863 },{ "seed": 84864 },{ "seed": 84880 },{ "seed": 84892 },{ "seed": 84927 },{ "seed": 84938 },{ "seed": 84965 },{ "seed": 84991 },{ "seed": 84998 },{ "seed": 85007 },{ "seed": 85019 },{ "seed": 85022 },{ "seed": 85067 },{ "seed": 85097 },{ "seed": 85104 },{ "seed": 85120 },{ "seed": 85147 },{ "seed": 85185 },{ "seed": 85197 },{ "seed": 85218 },{ "seed": 85228 },{ "seed": 85275 },{ "seed": 85292 },{ "seed": 85362 },{ "seed": 85381 },{ "seed": 85415 },{ "seed": 85427 },{ "seed": 85491 },{ "seed": 85499 },{ "seed": 85510 },{ "seed": 85545 },{ "seed": 85563 },{ "seed": 85612 },{ "seed": 85641 },{ "seed": 85684 },{ "seed": 85767 },{ "seed": 85801 },{ "seed": 85828 },{ "seed": 85829 },{ "seed": 85861 },{ "seed": 85871 },{ "seed": 85892 },{ "seed": 85921 },{ "seed": 85943 },{ "seed": 85965 },{ "seed": 85970 },{ "seed": 85982 },{ "seed": 85988 },{ "seed": 86051 },{ "seed": 86100 },{ "seed": 86119 },{ "seed": 86121 },{ "seed": 86126 },{ "seed": 86128 },{ "seed": 86161 },{ "seed": 86213 },{ "seed": 86220 },{ "seed": 86273 },{ "seed": 86281 },{ "seed": 86299 },{ "seed": 86311 },{ "seed": 86314 },{ "seed": 86340 },{ "seed": 86352 },{ "seed": 86366 },{ "seed": 86389 },{ "seed": 86404 },{ "seed": 86422 },{ "seed": 86429 },{ "seed": 86464 },{ "seed": 86469 },{ "seed": 86481 },{ "seed": 86496 },{ "seed": 86526 },{ "seed": 86541 },{ "seed": 86552 },{ "seed": 86580 },{ "seed": 86608 },{ "seed": 86621 },{ "seed": 86625 },{ "seed": 86626 },{ "seed": 86637 },{ "seed": 86679 },{ "seed": 86704 },{ "seed": 86741 },{ "seed": 86746 },{ "seed": 86760 },{ "seed": 86771 },{ "seed": 86789 },{ "seed": 86810 },{ "seed": 86912 },{ "seed": 86927 },{ "seed": 86930 },{ "seed": 86971 },{ "seed": 86978 },{ "seed": 87013 },{ "seed": 87020 },{ "seed": 87111 },{ "seed": 87160 },{ "seed": 87161 },{ "seed": 87165 },{ "seed": 87173 },{ "seed": 87239 },{ "seed": 87259 },{ "seed": 87325 },{ "seed": 87387 },{ "seed": 87391 },{ "seed": 87399 },{ "seed": 87426 },{ "seed": 87438 },{ "seed": 87467 },{ "seed": 87526 },{ "seed": 87554 },{ "seed": 87570 },{ "seed": 87634 },{ "seed": 87639 },{ "seed": 87662 },{ "seed": 87667 },{ "seed": 87688 },{ "seed": 87691 },{ "seed": 87708 },{ "seed": 87724 },{ "seed": 87783 },{ "seed": 87824 },{ "seed": 87829 },{ "seed": 87868 },{ "seed": 87902 },{ "seed": 87922 },{ "seed": 87944 },{ "seed": 87981 },{ "seed": 87986 },{ "seed": 88016 },{ "seed": 88032 },{ "seed": 88036 },{ "seed": 88048 },{ "seed": 88073 },{ "seed": 88170 },{ "seed": 88182 },{ "seed": 88253 },{ "seed": 88260 },{ "seed": 88266 },{ "seed": 88284 },{ "seed": 88300 },{ "seed": 88342 },{ "seed": 88375 },{ "seed": 88438 },{ "seed": 88444 },{ "seed": 88503 },{ "seed": 88505 },{ "seed": 88513 },{ "seed": 88523 },{ "seed": 88540 },{ "seed": 88558 },{ "seed": 88573 },{ "seed": 88591 },{ "seed": 88596 },{ "seed": 88622 },{ "seed": 88671 },{ "seed": 88802 },{ "seed": 88804 },{ "seed": 88884 },{ "seed": 88887 },{ "seed": 88942 },{ "seed": 88965 },{ "seed": 88966 },{ "seed": 88970 },{ "seed": 88989 },{ "seed": 89036 },{ "seed": 89051 },{ "seed": 89077 },{ "seed": 89080 },{ "seed": 89088 },{ "seed": 89147 },{ "seed": 89271 },{ "seed": 89274 },{ "seed": 89281 },{ "seed": 89379 },{ "seed": 89385 },{ "seed": 89389 },{ "seed": 89425 },{ "seed": 89445 },{ "seed": 89454 },{ "seed": 89462 },{ "seed": 89478 },{ "seed": 89512 },{ "seed": 89540 },{ "seed": 89543 },{ "seed": 89594 },{ "seed": 89633 },{ "seed": 89668 },{ "seed": 89688 },{ "seed": 89761 },{ "seed": 89840 },{ "seed": 89871 },{ "seed": 89907 },{ "seed": 89914 },{ "seed": 89920 },{ "seed": 89972 },{ "seed": 89995 },{ "seed": 90047 },{ "seed": 90074 },{ "seed": 90079 },{ "seed": 90082 },{ "seed": 90144 },{ "seed": 90153 },{ "seed": 90175 },{ "seed": 90211 },{ "seed": 90229 },{ "seed": 90239 },{ "seed": 90266 },{ "seed": 90298 },{ "seed": 90305 },{ "seed": 90340 },{ "seed": 90357 },{ "seed": 90358 },{ "seed": 90365 },{ "seed": 90402 },{ "seed": 90443 },{ "seed": 90467 },{ "seed": 90490 },{ "seed": 90511 },{ "seed": 90543 },{ "seed": 90562 },{ "seed": 90599 },{ "seed": 90610 },{ "seed": 90613 },{ "seed": 90626 },{ "seed": 90638 },{ "seed": 90649 },{ "seed": 90682 },{ "seed": 90686 },{ "seed": 90718 },{ "seed": 90737 },{ "seed": 90742 },{ "seed": 90747 },{ "seed": 90752 },{ "seed": 90788 },{ "seed": 90790 },{ "seed": 90811 },{ "seed": 90847 },{ "seed": 90887 },{ "seed": 90903 },{ "seed": 90911 },{ "seed": 90912 },{ "seed": 90981 },{ "seed": 91004 },{ "seed": 91041 },{ "seed": 91045 },{ "seed": 91065 },{ "seed": 91097 },{ "seed": 91105 },{ "seed": 91106 },{ "seed": 91122 },{ "seed": 91227 },{ "seed": 91233 },{ "seed": 91397 },{ "seed": 91429 },{ "seed": 91465 },{ "seed": 91493 },{ "seed": 91500 },{ "seed": 91524 },{ "seed": 91575 },{ "seed": 91600 },{ "seed": 91631 },{ "seed": 91653 },{ "seed": 91672 },{ "seed": 91676 },{ "seed": 91693 },{ "seed": 91694 },{ "seed": 91729 },{ "seed": 91745 },{ "seed": 91806 },{ "seed": 91832 },{ "seed": 91846 },{ "seed": 91896 },{ "seed": 91943 },{ "seed": 91944 },{ "seed": 91946 },{ "seed": 91968 },{ "seed": 92008 },{ "seed": 92019 },{ "seed": 92023 },{ "seed": 92067 },{ "seed": 92077 },{ "seed": 92082 },{ "seed": 92109 },{ "seed": 92118 },{ "seed": 92133 },{ "seed": 92144 },{ "seed": 92145 },{ "seed": 92154 },{ "seed": 92188 },{ "seed": 92222 },{ "seed": 92225 },{ "seed": 92314 },{ "seed": 92325 },{ "seed": 92328 },{ "seed": 92336 },{ "seed": 92343 },{ "seed": 92349 },{ "seed": 92396 },{ "seed": 92437 },{ "seed": 92440 },{ "seed": 92442 },{ "seed": 92471 },{ "seed": 92482 },{ "seed": 92492 },{ "seed": 92511 },{ "seed": 92521 },{ "seed": 92522 },{ "seed": 92543 },{ "seed": 92546 },{ "seed": 92574 },{ "seed": 92586 },{ "seed": 92613 },{ "seed": 92617 },{ "seed": 92638 },{ "seed": 92679 },{ "seed": 92717 },{ "seed": 92723 },{ "seed": 92795 },{ "seed": 92806 },{ "seed": 92809 },{ "seed": 92827 },{ "seed": 92841 },{ "seed": 92853 },{ "seed": 92855 },{ "seed": 92874 },{ "seed": 92934 },{ "seed": 92972 },{ "seed": 93038 },{ "seed": 93080 },{ "seed": 93082 },{ "seed": 93112 },{ "seed": 93115 },{ "seed": 93197 },{ "seed": 93203 },{ "seed": 93213 },{ "seed": 93289 },{ "seed": 93293 },{ "seed": 93330 },{ "seed": 93335 },{ "seed": 93342 },{ "seed": 93421 },{ "seed": 93460 },{ "seed": 93480 },{ "seed": 93510 },{ "seed": 93515 },{ "seed": 93597 },{ "seed": 93616 },{ "seed": 93642 },{ "seed": 93703 },{ "seed": 93743 },{ "seed": 93782 },{ "seed": 93836 },{ "seed": 93869 },{ "seed": 93880 },{ "seed": 93884 },{ "seed": 93895 },{ "seed": 93908 },{ "seed": 93971 },{ "seed": 93973 },{ "seed": 94009 },{ "seed": 94032 },{ "seed": 94039 },{ "seed": 94049 },{ "seed": 94099 },{ "seed": 94126 },{ "seed": 94127 },{ "seed": 94132 },{ "seed": 94136 },{ "seed": 94171 },{ "seed": 94177 },{ "seed": 94215 },{ "seed": 94225 },{ "seed": 94253 },{ "seed": 94270 },{ "seed": 94301 },{ "seed": 94310 },{ "seed": 94330 },{ "seed": 94403 },{ "seed": 94415 },{ "seed": 94430 },{ "seed": 94461 },{ "seed": 94471 },{ "seed": 94517 },{ "seed": 94565 },{ "seed": 94576 },{ "seed": 94579 },{ "seed": 94609 },{ "seed": 94690 },{ "seed": 94763 },{ "seed": 94770 },{ "seed": 94791 },{ "seed": 94843 },{ "seed": 94901 },{ "seed": 94909 },{ "seed": 94954 },{ "seed": 94959 },{ "seed": 94980 },{ "seed": 95050 },{ "seed": 95060 },{ "seed": 95073 },{ "seed": 95092 },{ "seed": 95094 },{ "seed": 95096 },{ "seed": 95203 },{ "seed": 95231 },{ "seed": 95239 },{ "seed": 95241 },{ "seed": 95272 },{ "seed": 95318 },{ "seed": 95326 },{ "seed": 95336 },{ "seed": 95339 },{ "seed": 95357 },{ "seed": 95366 },{ "seed": 95382 },{ "seed": 95387 },{ "seed": 95449 },{ "seed": 95452 },{ "seed": 95454 },{ "seed": 95468 },{ "seed": 95478 },{ "seed": 95479 },{ "seed": 95488 },{ "seed": 95508 },{ "seed": 95544 },{ "seed": 95554 },{ "seed": 95595 },{ "seed": 95634 },{ "seed": 95635 },{ "seed": 95654 },{ "seed": 95673 },{ "seed": 95714 },{ "seed": 95753 },{ "seed": 95761 },{ "seed": 95842 },{ "seed": 95853 },{ "seed": 95873 },{ "seed": 95898 },{ "seed": 95995 },{ "seed": 96040 },{ "seed": 96088 },{ "seed": 96094 },{ "seed": 96155 },{ "seed": 96186 },{ "seed": 96197 },{ "seed": 96243 },{ "seed": 96289 },{ "seed": 96304 },{ "seed": 96324 },{ "seed": 96450 },{ "seed": 96455 },{ "seed": 96489 },{ "seed": 96516 },{ "seed": 96541 },{ "seed": 96556 },{ "seed": 96587 },{ "seed": 96607 },{ "seed": 96684 },{ "seed": 96694 },{ "seed": 96701 },{ "seed": 96740 },{ "seed": 96755 },{ "seed": 96818 },{ "seed": 96837 },{ "seed": 96899 },{ "seed": 96903 },{ "seed": 96935 },{ "seed": 96968 },{ "seed": 96969 },{ "seed": 97008 },{ "seed": 97042 },{ "seed": 97061 },{ "seed": 97069 },{ "seed": 97114 },{ "seed": 97127 },{ "seed": 97130 },{ "seed": 97162 },{ "seed": 97178 },{ "seed": 97187 },{ "seed": 97192 },{ "seed": 97205 },{ "seed": 97396 },{ "seed": 97401 },{ "seed": 97427 },{ "seed": 97466 },{ "seed": 97486 },{ "seed": 97489 },{ "seed": 97511 },{ "seed": 97528 },{ "seed": 97535 },{ "seed": 97598 },{ "seed": 97599 },{ "seed": 97774 },{ "seed": 97813 },{ "seed": 97814 },{ "seed": 97852 },{ "seed": 97886 },{ "seed": 97908 },{ "seed": 97927 },{ "seed": 97936 },{ "seed": 97952 },{ "seed": 97984 },{ "seed": 97993 },{ "seed": 98035 },{ "seed": 98048 },{ "seed": 98055 },{ "seed": 98120 },{ "seed": 98149 },{ "seed": 98166 },{ "seed": 98170 },{ "seed": 98185 },{ "seed": 98289 },{ "seed": 98291 },{ "seed": 98300 },{ "seed": 98335 },{ "seed": 98375 },{ "seed": 98435 },{ "seed": 98468 },{ "seed": 98477 },{ "seed": 98491 },{ "seed": 98495 },{ "seed": 98498 },{ "seed": 98500 },{ "seed": 98534 },{ "seed": 98583 },{ "seed": 98662 },{ "seed": 98701 },{ "seed": 98714 },{ "seed": 98743 },{ "seed": 98768 },{ "seed": 98772 },{ "seed": 98781 },{ "seed": 98868 },{ "seed": 98879 },{ "seed": 98891 },{ "seed": 98912 },{ "seed": 98975 },{ "seed": 99002 },{ "seed": 99175 },{ "seed": 99184 },{ "seed": 99257 },{ "seed": 99274 },{ "seed": 99330 },{ "seed": 99349 },{ "seed": 99350 },{ "seed": 99360 },{ "seed": 99379 },{ "seed": 99389 },{ "seed": 99392 },{ "seed": 99414 },{ "seed": 99446 },{ "seed": 99475 },{ "seed": 99497 },{ "seed": 99536 },{ "seed": 99545 },{ "seed": 99654 },{ "seed": 99683 },{ "seed": 99692 },{ "seed": 99703 },{ "seed": 99737 },{ "seed": 99755 },{ "seed": 99773 },{ "seed": 99828 },{ "seed": 99834 },{ "seed": 99881 },{ "seed": 99885 },{ "seed": 99891 },{ "seed": 99900 },{ "seed": 99904 },{ "seed": 99914 } ]