[ { "seed": 93 },{ "seed": 218 },{ "seed": 225 },{ "seed": 452 },{ "seed": 503 },{ "seed": 940 },{ "seed": 1129 },{ "seed": 1297 },{ "seed": 1365 },{ "seed": 1500 },{ "seed": 1759 },{ "seed": 1863 },{ "seed": 2067 },{ "seed": 2859 },{ "seed": 3399 },{ "seed": 3401 },{ "seed": 3653 },{ "seed": 3725 },{ "seed": 4128 },{ "seed": 4287 },{ "seed": 4447 },{ "seed": 4649 },{ "seed": 4650 },{ "seed": 4704 },{ "seed": 4888 },{ "seed": 4951 },{ "seed": 5207 },{ "seed": 5481 },{ "seed": 6534 },{ "seed": 6617 },{ "seed": 6640 },{ "seed": 7134 },{ "seed": 7317 },{ "seed": 8055 },{ "seed": 8368 },{ "seed": 8753 },{ "seed": 8842 },{ "seed": 8860 },{ "seed": 8915 },{ "seed": 8930 },{ "seed": 9056 },{ "seed": 9421 },{ "seed": 9696 },{ "seed": 9763 },{ "seed": 9799 },{ "seed": 9868 },{ "seed": 9955 },{ "seed": 9961 },{ "seed": 10936 },{ "seed": 11225 },{ "seed": 11383 },{ "seed": 11469 },{ "seed": 11581 },{ "seed": 12074 },{ "seed": 12132 },{ "seed": 12351 },{ "seed": 12629 },{ "seed": 13029 },{ "seed": 13062 },{ "seed": 13650 },{ "seed": 13714 },{ "seed": 13818 },{ "seed": 14001 },{ "seed": 14431 },{ "seed": 14520 },{ "seed": 14526 },{ "seed": 14967 },{ "seed": 15050 },{ "seed": 15368 },{ "seed": 15450 },{ "seed": 15488 },{ "seed": 15657 },{ "seed": 15908 },{ "seed": 16103 },{ "seed": 16543 },{ "seed": 16809 },{ "seed": 17233 },{ "seed": 17390 },{ "seed": 17397 },{ "seed": 17747 },{ "seed": 17789 },{ "seed": 17941 },{ "seed": 18037 },{ "seed": 18170 },{ "seed": 18291 },{ "seed": 18762 },{ "seed": 18791 },{ "seed": 18873 },{ "seed": 18913 },{ "seed": 19075 },{ "seed": 19478 },{ "seed": 20048 },{ "seed": 20238 },{ "seed": 20589 },{ "seed": 20621 },{ "seed": 20793 },{ "seed": 20818 },{ "seed": 20835 },{ "seed": 20965 },{ "seed": 21365 },{ "seed": 21600 },{ "seed": 21700 },{ "seed": 21809 },{ "seed": 21888 },{ "seed": 21902 },{ "seed": 21957 },{ "seed": 21992 },{ "seed": 22067 },{ "seed": 22143 },{ "seed": 22355 },{ "seed": 22484 },{ "seed": 22541 },{ "seed": 23290 },{ "seed": 23333 },{ "seed": 23572 },{ "seed": 23579 },{ "seed": 23652 },{ "seed": 23772 },{ "seed": 23774 },{ "seed": 23974 },{ "seed": 24052 },{ "seed": 24305 },{ "seed": 24382 },{ "seed": 24853 },{ "seed": 24893 },{ "seed": 25250 },{ "seed": 25412 },{ "seed": 25718 },{ "seed": 26010 },{ "seed": 26012 },{ "seed": 26745 },{ "seed": 26894 },{ "seed": 27151 },{ "seed": 27231 },{ "seed": 27258 },{ "seed": 27485 },{ "seed": 27872 },{ "seed": 27945 },{ "seed": 27958 },{ "seed": 28418 },{ "seed": 28497 },{ "seed": 28555 },{ "seed": 28794 },{ "seed": 28803 },{ "seed": 29052 },{ "seed": 29265 },{ "seed": 29368 },{ "seed": 29420 },{ "seed": 29475 },{ "seed": 29717 },{ "seed": 30265 },{ "seed": 30268 },{ "seed": 30507 },{ "seed": 30521 },{ "seed": 30542 },{ "seed": 30669 },{ "seed": 30764 },{ "seed": 30806 },{ "seed": 30939 },{ "seed": 31197 },{ "seed": 31278 },{ "seed": 31325 },{ "seed": 31437 },{ "seed": 31531 },{ "seed": 32391 },{ "seed": 32442 },{ "seed": 32771 },{ "seed": 33071 },{ "seed": 33367 },{ "seed": 33462 },{ "seed": 33525 },{ "seed": 33859 },{ "seed": 33921 },{ "seed": 33973 },{ "seed": 34043 },{ "seed": 34240 },{ "seed": 34441 },{ "seed": 34458 },{ "seed": 34806 },{ "seed": 34875 },{ "seed": 34907 },{ "seed": 35254 },{ "seed": 35420 },{ "seed": 35422 },{ "seed": 35639 },{ "seed": 35847 },{ "seed": 35871 },{ "seed": 36329 },{ "seed": 36356 },{ "seed": 36445 },{ "seed": 36468 },{ "seed": 36622 },{ "seed": 36804 },{ "seed": 36885 },{ "seed": 36908 },{ "seed": 36913 },{ "seed": 37089 },{ "seed": 37331 },{ "seed": 37628 },{ "seed": 37686 },{ "seed": 37700 },{ "seed": 37710 },{ "seed": 37798 },{ "seed": 37934 },{ "seed": 38072 },{ "seed": 38073 },{ "seed": 38259 },{ "seed": 38284 },{ "seed": 38297 },{ "seed": 38560 },{ "seed": 38776 },{ "seed": 38893 },{ "seed": 38989 },{ "seed": 39034 },{ "seed": 39090 },{ "seed": 39218 },{ "seed": 39721 },{ "seed": 39843 },{ "seed": 39960 },{ "seed": 40192 },{ "seed": 40221 },{ "seed": 40222 },{ "seed": 40328 },{ "seed": 40358 },{ "seed": 40552 },{ "seed": 40648 },{ "seed": 40749 },{ "seed": 40924 },{ "seed": 40976 },{ "seed": 41279 },{ "seed": 41463 },{ "seed": 41491 },{ "seed": 42134 },{ "seed": 42240 },{ "seed": 42601 },{ "seed": 42695 },{ "seed": 42873 },{ "seed": 42941 },{ "seed": 43012 },{ "seed": 43234 },{ "seed": 43425 },{ "seed": 43500 },{ "seed": 43815 },{ "seed": 44450 },{ "seed": 44511 },{ "seed": 44553 },{ "seed": 44585 },{ "seed": 44642 },{ "seed": 44882 },{ "seed": 45125 },{ "seed": 45128 },{ "seed": 45488 },{ "seed": 45708 },{ "seed": 46159 },{ "seed": 46167 },{ "seed": 46406 },{ "seed": 46493 },{ "seed": 46495 },{ "seed": 46637 },{ "seed": 46764 },{ "seed": 46769 },{ "seed": 46868 },{ "seed": 46935 },{ "seed": 46986 },{ "seed": 47034 },{ "seed": 47931 },{ "seed": 48095 },{ "seed": 48139 },{ "seed": 48162 },{ "seed": 48169 },{ "seed": 48335 },{ "seed": 48348 },{ "seed": 48404 },{ "seed": 48586 },{ "seed": 48782 },{ "seed": 48894 },{ "seed": 49134 },{ "seed": 49271 },{ "seed": 49338 },{ "seed": 49370 },{ "seed": 49667 },{ "seed": 49717 },{ "seed": 49742 },{ "seed": 49857 },{ "seed": 49996 },{ "seed": 50047 },{ "seed": 50258 },{ "seed": 50331 },{ "seed": 50447 },{ "seed": 50537 },{ "seed": 50673 },{ "seed": 50777 },{ "seed": 50962 },{ "seed": 50972 },{ "seed": 51046 },{ "seed": 51060 },{ "seed": 51141 },{ "seed": 51881 },{ "seed": 52111 },{ "seed": 52266 },{ "seed": 52348 },{ "seed": 52403 },{ "seed": 52439 },{ "seed": 52589 },{ "seed": 52768 },{ "seed": 52771 },{ "seed": 52839 },{ "seed": 52975 },{ "seed": 53123 },{ "seed": 53187 },{ "seed": 53762 },{ "seed": 53849 },{ "seed": 53875 },{ "seed": 53953 },{ "seed": 54008 },{ "seed": 54285 },{ "seed": 54290 },{ "seed": 54431 },{ "seed": 54669 },{ "seed": 54985 },{ "seed": 55325 },{ "seed": 55462 },{ "seed": 55692 },{ "seed": 56067 },{ "seed": 56096 },{ "seed": 56146 },{ "seed": 56216 },{ "seed": 56627 },{ "seed": 56816 },{ "seed": 56975 },{ "seed": 57394 },{ "seed": 57748 },{ "seed": 58026 },{ "seed": 58241 },{ "seed": 58346 },{ "seed": 58606 },{ "seed": 58659 },{ "seed": 58668 },{ "seed": 58687 },{ "seed": 58756 },{ "seed": 59876 },{ "seed": 60394 },{ "seed": 60449 },{ "seed": 60521 },{ "seed": 60542 },{ "seed": 60669 },{ "seed": 60766 },{ "seed": 60886 },{ "seed": 61268 },{ "seed": 61880 },{ "seed": 62022 },{ "seed": 62232 },{ "seed": 62308 },{ "seed": 62648 },{ "seed": 62780 },{ "seed": 62931 },{ "seed": 63061 },{ "seed": 63086 },{ "seed": 63191 },{ "seed": 63932 },{ "seed": 63966 },{ "seed": 64157 },{ "seed": 64302 },{ "seed": 64434 },{ "seed": 64773 },{ "seed": 64803 },{ "seed": 65166 },{ "seed": 65216 },{ "seed": 65338 },{ "seed": 65714 },{ "seed": 65744 },{ "seed": 65935 },{ "seed": 66554 },{ "seed": 66588 },{ "seed": 66646 },{ "seed": 66668 },{ "seed": 67049 },{ "seed": 67200 },{ "seed": 67332 },{ "seed": 67417 },{ "seed": 67619 },{ "seed": 67828 },{ "seed": 67937 },{ "seed": 68298 },{ "seed": 68715 },{ "seed": 68740 },{ "seed": 68846 },{ "seed": 68919 },{ "seed": 69146 },{ "seed": 69297 },{ "seed": 69300 },{ "seed": 69519 },{ "seed": 69935 },{ "seed": 69963 },{ "seed": 70157 },{ "seed": 70168 },{ "seed": 70659 },{ "seed": 71178 },{ "seed": 72033 },{ "seed": 72243 },{ "seed": 72738 },{ "seed": 72776 },{ "seed": 73116 },{ "seed": 73515 },{ "seed": 73611 },{ "seed": 73763 },{ "seed": 73764 },{ "seed": 73821 },{ "seed": 73854 },{ "seed": 73910 },{ "seed": 74379 },{ "seed": 74489 },{ "seed": 74618 },{ "seed": 74998 },{ "seed": 75588 },{ "seed": 75889 },{ "seed": 76366 },{ "seed": 76427 },{ "seed": 76733 },{ "seed": 76764 },{ "seed": 76802 },{ "seed": 76894 },{ "seed": 76952 },{ "seed": 77250 },{ "seed": 77321 },{ "seed": 77456 },{ "seed": 77573 },{ "seed": 78065 },{ "seed": 78279 },{ "seed": 78375 },{ "seed": 78723 },{ "seed": 79297 },{ "seed": 79312 },{ "seed": 79324 },{ "seed": 79416 },{ "seed": 79576 },{ "seed": 79596 },{ "seed": 79604 },{ "seed": 80472 },{ "seed": 80523 },{ "seed": 80544 },{ "seed": 80558 },{ "seed": 80742 },{ "seed": 80764 },{ "seed": 80968 },{ "seed": 81100 },{ "seed": 81415 },{ "seed": 81799 },{ "seed": 81959 },{ "seed": 82173 },{ "seed": 82349 },{ "seed": 82477 },{ "seed": 82692 },{ "seed": 82782 },{ "seed": 82786 },{ "seed": 82820 },{ "seed": 82959 },{ "seed": 83063 },{ "seed": 83305 },{ "seed": 83393 },{ "seed": 83404 },{ "seed": 83505 },{ "seed": 83511 },{ "seed": 83539 },{ "seed": 83621 },{ "seed": 83656 },{ "seed": 83789 },{ "seed": 83820 },{ "seed": 84387 },{ "seed": 84409 },{ "seed": 84443 },{ "seed": 84467 },{ "seed": 84788 },{ "seed": 84942 },{ "seed": 85290 },{ "seed": 85407 },{ "seed": 85615 },{ "seed": 85868 },{ "seed": 85955 },{ "seed": 86259 },{ "seed": 86528 },{ "seed": 86866 },{ "seed": 87285 },{ "seed": 87443 },{ "seed": 87802 },{ "seed": 87817 },{ "seed": 88244 },{ "seed": 88361 },{ "seed": 88625 },{ "seed": 88628 },{ "seed": 88885 },{ "seed": 88928 },{ "seed": 89167 },{ "seed": 89361 },{ "seed": 89398 },{ "seed": 89506 },{ "seed": 90314 },{ "seed": 90717 },{ "seed": 90970 },{ "seed": 91076 },{ "seed": 91117 },{ "seed": 91439 },{ "seed": 91503 },{ "seed": 91526 },{ "seed": 91667 },{ "seed": 91897 },{ "seed": 92096 },{ "seed": 92267 },{ "seed": 92283 },{ "seed": 92612 },{ "seed": 92630 },{ "seed": 92637 },{ "seed": 92833 },{ "seed": 93006 },{ "seed": 93391 },{ "seed": 93709 },{ "seed": 93983 },{ "seed": 94621 },{ "seed": 94622 },{ "seed": 94845 },{ "seed": 95025 },{ "seed": 95522 },{ "seed": 96039 },{ "seed": 96160 },{ "seed": 96332 },{ "seed": 96365 },{ "seed": 96417 },{ "seed": 96463 },{ "seed": 96811 },{ "seed": 96855 },{ "seed": 96869 },{ "seed": 96880 },{ "seed": 97028 },{ "seed": 97292 },{ "seed": 97299 },{ "seed": 97314 },{ "seed": 97480 },{ "seed": 97553 },{ "seed": 97634 },{ "seed": 97649 },{ "seed": 97663 },{ "seed": 97671 },{ "seed": 98109 },{ "seed": 98179 },{ "seed": 98247 },{ "seed": 98257 },{ "seed": 98323 },{ "seed": 98340 },{ "seed": 98970 },{ "seed": 99247 },{ "seed": 99268 },{ "seed": 99299 },{ "seed": 99346 },{ "seed": 99491 },{ "seed": 99776 },{ "seed": 99850 } ]