[ { "seed": 110 },{ "seed": 302 },{ "seed": 333 },{ "seed": 337 },{ "seed": 404 },{ "seed": 471 },{ "seed": 510 },{ "seed": 618 },{ "seed": 623 },{ "seed": 634 },{ "seed": 787 },{ "seed": 861 },{ "seed": 1088 },{ "seed": 1114 },{ "seed": 1208 },{ "seed": 1273 },{ "seed": 1280 },{ "seed": 1298 },{ "seed": 1314 },{ "seed": 1395 },{ "seed": 1496 },{ "seed": 1829 },{ "seed": 1872 },{ "seed": 1988 },{ "seed": 2111 },{ "seed": 2545 },{ "seed": 2608 },{ "seed": 2728 },{ "seed": 2986 },{ "seed": 2997 },{ "seed": 3219 },{ "seed": 3271 },{ "seed": 3488 },{ "seed": 3496 },{ "seed": 3500 },{ "seed": 3650 },{ "seed": 3685 },{ "seed": 3711 },{ "seed": 3773 },{ "seed": 3864 },{ "seed": 4286 },{ "seed": 4551 },{ "seed": 4598 },{ "seed": 4646 },{ "seed": 4660 },{ "seed": 4673 },{ "seed": 4918 },{ "seed": 4961 },{ "seed": 5047 },{ "seed": 5099 },{ "seed": 5121 },{ "seed": 5466 },{ "seed": 5542 },{ "seed": 5550 },{ "seed": 5606 },{ "seed": 5681 },{ "seed": 5786 },{ "seed": 6188 },{ "seed": 6330 },{ "seed": 6365 },{ "seed": 6507 },{ "seed": 6567 },{ "seed": 6600 },{ "seed": 7087 },{ "seed": 7348 },{ "seed": 7349 },{ "seed": 7359 },{ "seed": 7645 },{ "seed": 7901 },{ "seed": 8117 },{ "seed": 8176 },{ "seed": 8589 },{ "seed": 8750 },{ "seed": 8816 },{ "seed": 8909 },{ "seed": 9174 },{ "seed": 9209 },{ "seed": 9210 },{ "seed": 9230 },{ "seed": 9252 },{ "seed": 9320 },{ "seed": 9426 },{ "seed": 9478 },{ "seed": 9599 },{ "seed": 9989 },{ "seed": 10032 },{ "seed": 10086 },{ "seed": 10089 },{ "seed": 10129 },{ "seed": 10247 },{ "seed": 10262 },{ "seed": 10410 },{ "seed": 10452 },{ "seed": 10610 },{ "seed": 10627 },{ "seed": 10941 },{ "seed": 11046 },{ "seed": 11048 },{ "seed": 11081 },{ "seed": 11123 },{ "seed": 11139 },{ "seed": 11186 },{ "seed": 11187 },{ "seed": 11201 },{ "seed": 11410 },{ "seed": 11636 },{ "seed": 11871 },{ "seed": 11881 },{ "seed": 11920 },{ "seed": 12040 },{ "seed": 12397 },{ "seed": 12406 },{ "seed": 12852 },{ "seed": 12937 },{ "seed": 12983 },{ "seed": 12987 },{ "seed": 13009 },{ "seed": 13132 },{ "seed": 13185 },{ "seed": 13336 },{ "seed": 13363 },{ "seed": 13457 },{ "seed": 13529 },{ "seed": 13646 },{ "seed": 13731 },{ "seed": 13749 },{ "seed": 13941 },{ "seed": 13973 },{ "seed": 14018 },{ "seed": 14071 },{ "seed": 14188 },{ "seed": 14200 },{ "seed": 14393 },{ "seed": 14416 },{ "seed": 14426 },{ "seed": 14449 },{ "seed": 14587 },{ "seed": 14588 },{ "seed": 14612 },{ "seed": 14923 },{ "seed": 15043 },{ "seed": 15069 },{ "seed": 15132 },{ "seed": 15260 },{ "seed": 15341 },{ "seed": 15350 },{ "seed": 15364 },{ "seed": 15421 },{ "seed": 15538 },{ "seed": 15606 },{ "seed": 15613 },{ "seed": 15639 },{ "seed": 15721 },{ "seed": 15912 },{ "seed": 16153 },{ "seed": 16216 },{ "seed": 16246 },{ "seed": 16253 },{ "seed": 16338 },{ "seed": 16368 },{ "seed": 16499 },{ "seed": 16519 },{ "seed": 16632 },{ "seed": 16721 },{ "seed": 16736 },{ "seed": 16781 },{ "seed": 16844 },{ "seed": 16891 },{ "seed": 16900 },{ "seed": 16983 },{ "seed": 17229 },{ "seed": 17324 },{ "seed": 17349 },{ "seed": 17421 },{ "seed": 17438 },{ "seed": 17514 },{ "seed": 17550 },{ "seed": 17636 },{ "seed": 17719 },{ "seed": 17737 },{ "seed": 17822 },{ "seed": 17845 },{ "seed": 17860 },{ "seed": 17867 },{ "seed": 17892 },{ "seed": 17936 },{ "seed": 17949 },{ "seed": 17998 },{ "seed": 18079 },{ "seed": 18160 },{ "seed": 18172 },{ "seed": 18242 },{ "seed": 18382 },{ "seed": 18432 },{ "seed": 18437 },{ "seed": 18846 },{ "seed": 18858 },{ "seed": 18872 },{ "seed": 18915 },{ "seed": 18922 },{ "seed": 18952 },{ "seed": 18960 },{ "seed": 18992 },{ "seed": 19046 },{ "seed": 19341 },{ "seed": 19420 },{ "seed": 19465 },{ "seed": 19474 },{ "seed": 19544 },{ "seed": 19545 },{ "seed": 19719 },{ "seed": 19780 },{ "seed": 19863 },{ "seed": 19940 },{ "seed": 20007 },{ "seed": 20183 },{ "seed": 20534 },{ "seed": 20569 },{ "seed": 20658 },{ "seed": 20732 },{ "seed": 20767 },{ "seed": 20770 },{ "seed": 20881 },{ "seed": 20932 },{ "seed": 21028 },{ "seed": 21043 },{ "seed": 21199 },{ "seed": 21372 },{ "seed": 21582 },{ "seed": 21692 },{ "seed": 21714 },{ "seed": 21752 },{ "seed": 21803 },{ "seed": 21814 },{ "seed": 21987 },{ "seed": 22250 },{ "seed": 22593 },{ "seed": 22616 },{ "seed": 22679 },{ "seed": 22766 },{ "seed": 22926 },{ "seed": 22942 },{ "seed": 23110 },{ "seed": 23121 },{ "seed": 23374 },{ "seed": 23500 },{ "seed": 23539 },{ "seed": 23598 },{ "seed": 23659 },{ "seed": 23665 },{ "seed": 23785 },{ "seed": 24060 },{ "seed": 24067 },{ "seed": 24316 },{ "seed": 24351 },{ "seed": 24415 },{ "seed": 24603 },{ "seed": 24778 },{ "seed": 25065 },{ "seed": 25120 },{ "seed": 25130 },{ "seed": 25240 },{ "seed": 25260 },{ "seed": 25270 },{ "seed": 25369 },{ "seed": 25404 },{ "seed": 25581 },{ "seed": 25658 },{ "seed": 25735 },{ "seed": 25998 },{ "seed": 26224 },{ "seed": 26699 },{ "seed": 26744 },{ "seed": 26816 },{ "seed": 27020 },{ "seed": 27158 },{ "seed": 27180 },{ "seed": 27267 },{ "seed": 27298 },{ "seed": 27452 },{ "seed": 27517 },{ "seed": 27595 },{ "seed": 27623 },{ "seed": 27731 },{ "seed": 27778 },{ "seed": 27874 },{ "seed": 27876 },{ "seed": 28028 },{ "seed": 28209 },{ "seed": 28255 },{ "seed": 28283 },{ "seed": 28391 },{ "seed": 28644 },{ "seed": 28736 },{ "seed": 28887 },{ "seed": 28900 },{ "seed": 28957 },{ "seed": 28968 },{ "seed": 29077 },{ "seed": 29081 },{ "seed": 29165 },{ "seed": 29228 },{ "seed": 29430 },{ "seed": 29600 },{ "seed": 29741 },{ "seed": 29788 },{ "seed": 30004 },{ "seed": 30008 },{ "seed": 30122 },{ "seed": 30148 },{ "seed": 30243 },{ "seed": 30296 },{ "seed": 30443 },{ "seed": 30581 },{ "seed": 30892 },{ "seed": 30904 },{ "seed": 30977 },{ "seed": 31134 },{ "seed": 31176 },{ "seed": 31188 },{ "seed": 31335 },{ "seed": 31401 },{ "seed": 31643 },{ "seed": 31676 },{ "seed": 31792 },{ "seed": 31860 },{ "seed": 31889 },{ "seed": 31905 },{ "seed": 32048 },{ "seed": 32129 },{ "seed": 32159 },{ "seed": 32367 },{ "seed": 32406 },{ "seed": 32499 },{ "seed": 32558 },{ "seed": 32569 },{ "seed": 32584 },{ "seed": 32786 },{ "seed": 32847 },{ "seed": 32868 },{ "seed": 32897 },{ "seed": 32910 },{ "seed": 33132 },{ "seed": 33155 },{ "seed": 33167 },{ "seed": 33169 },{ "seed": 33174 },{ "seed": 33350 },{ "seed": 33460 },{ "seed": 33506 },{ "seed": 33576 },{ "seed": 33790 },{ "seed": 33795 },{ "seed": 33815 },{ "seed": 33831 },{ "seed": 33942 },{ "seed": 34081 },{ "seed": 34241 },{ "seed": 34324 },{ "seed": 34349 },{ "seed": 34409 },{ "seed": 34455 },{ "seed": 34561 },{ "seed": 34727 },{ "seed": 34932 },{ "seed": 35016 },{ "seed": 35061 },{ "seed": 35123 },{ "seed": 35151 },{ "seed": 35152 },{ "seed": 35355 },{ "seed": 35404 },{ "seed": 35468 },{ "seed": 35502 },{ "seed": 35520 },{ "seed": 35549 },{ "seed": 35554 },{ "seed": 35596 },{ "seed": 35700 },{ "seed": 35722 },{ "seed": 35833 },{ "seed": 35858 },{ "seed": 35960 },{ "seed": 36054 },{ "seed": 36228 },{ "seed": 36493 },{ "seed": 36516 },{ "seed": 36977 },{ "seed": 36999 },{ "seed": 37072 },{ "seed": 37130 },{ "seed": 37341 },{ "seed": 37342 },{ "seed": 37353 },{ "seed": 37434 },{ "seed": 37464 },{ "seed": 37471 },{ "seed": 37490 },{ "seed": 37516 },{ "seed": 37651 },{ "seed": 37756 },{ "seed": 37903 },{ "seed": 37965 },{ "seed": 37976 },{ "seed": 38082 },{ "seed": 38088 },{ "seed": 38508 },{ "seed": 38510 },{ "seed": 38575 },{ "seed": 38701 },{ "seed": 38810 },{ "seed": 38820 },{ "seed": 38830 },{ "seed": 38840 },{ "seed": 39033 },{ "seed": 39111 },{ "seed": 39230 },{ "seed": 39338 },{ "seed": 39371 },{ "seed": 39607 },{ "seed": 39779 },{ "seed": 39838 },{ "seed": 39867 },{ "seed": 39994 },{ "seed": 40004 },{ "seed": 40103 },{ "seed": 40345 },{ "seed": 40347 },{ "seed": 40400 },{ "seed": 40457 },{ "seed": 40558 },{ "seed": 40728 },{ "seed": 40899 },{ "seed": 40948 },{ "seed": 41038 },{ "seed": 41099 },{ "seed": 41154 },{ "seed": 41233 },{ "seed": 41267 },{ "seed": 41366 },{ "seed": 41494 },{ "seed": 41517 },{ "seed": 41724 },{ "seed": 41986 },{ "seed": 42251 },{ "seed": 42300 },{ "seed": 42346 },{ "seed": 42585 },{ "seed": 42737 },{ "seed": 42799 },{ "seed": 43035 },{ "seed": 43038 },{ "seed": 43056 },{ "seed": 43061 },{ "seed": 43098 },{ "seed": 43139 },{ "seed": 43152 },{ "seed": 43240 },{ "seed": 43286 },{ "seed": 43320 },{ "seed": 43417 },{ "seed": 43474 },{ "seed": 43543 },{ "seed": 43636 },{ "seed": 43646 },{ "seed": 43687 },{ "seed": 43922 },{ "seed": 44164 },{ "seed": 44308 },{ "seed": 44462 },{ "seed": 44476 },{ "seed": 44537 },{ "seed": 44603 },{ "seed": 44734 },{ "seed": 44822 },{ "seed": 44932 },{ "seed": 44965 },{ "seed": 45083 },{ "seed": 45154 },{ "seed": 45279 },{ "seed": 45328 },{ "seed": 45389 },{ "seed": 45391 },{ "seed": 45620 },{ "seed": 45658 },{ "seed": 45665 },{ "seed": 45667 },{ "seed": 45712 },{ "seed": 45763 },{ "seed": 45857 },{ "seed": 46048 },{ "seed": 46055 },{ "seed": 46065 },{ "seed": 46119 },{ "seed": 46151 },{ "seed": 46271 },{ "seed": 46314 },{ "seed": 46368 },{ "seed": 46374 },{ "seed": 46375 },{ "seed": 46385 },{ "seed": 46434 },{ "seed": 46451 },{ "seed": 46474 },{ "seed": 46612 },{ "seed": 46654 },{ "seed": 46694 },{ "seed": 46713 },{ "seed": 46812 },{ "seed": 46976 },{ "seed": 47076 },{ "seed": 47106 },{ "seed": 47283 },{ "seed": 47497 },{ "seed": 47709 },{ "seed": 47725 },{ "seed": 48204 },{ "seed": 48298 },{ "seed": 48474 },{ "seed": 48592 },{ "seed": 48777 },{ "seed": 48802 },{ "seed": 48830 },{ "seed": 48932 },{ "seed": 48950 },{ "seed": 48981 },{ "seed": 48996 },{ "seed": 48999 },{ "seed": 49649 },{ "seed": 49714 },{ "seed": 49772 },{ "seed": 49775 },{ "seed": 49790 },{ "seed": 49820 },{ "seed": 49859 },{ "seed": 50054 },{ "seed": 50175 },{ "seed": 50196 },{ "seed": 50430 },{ "seed": 50553 },{ "seed": 50760 },{ "seed": 50867 },{ "seed": 51280 },{ "seed": 51345 },{ "seed": 51691 },{ "seed": 51800 },{ "seed": 51811 },{ "seed": 51935 },{ "seed": 52114 },{ "seed": 52255 },{ "seed": 52465 },{ "seed": 52504 },{ "seed": 52648 },{ "seed": 52663 },{ "seed": 52841 },{ "seed": 53160 },{ "seed": 53162 },{ "seed": 53215 },{ "seed": 53299 },{ "seed": 53316 },{ "seed": 53351 },{ "seed": 53550 },{ "seed": 53600 },{ "seed": 53700 },{ "seed": 53761 },{ "seed": 53969 },{ "seed": 53990 },{ "seed": 54126 },{ "seed": 54263 },{ "seed": 54477 },{ "seed": 54543 },{ "seed": 54578 },{ "seed": 54630 },{ "seed": 54960 },{ "seed": 55007 },{ "seed": 55076 },{ "seed": 55094 },{ "seed": 55121 },{ "seed": 55151 },{ "seed": 55202 },{ "seed": 55392 },{ "seed": 55421 },{ "seed": 55435 },{ "seed": 55461 },{ "seed": 55516 },{ "seed": 55571 },{ "seed": 55579 },{ "seed": 55752 },{ "seed": 55959 },{ "seed": 56069 },{ "seed": 56292 },{ "seed": 56380 },{ "seed": 56394 },{ "seed": 56411 },{ "seed": 56419 },{ "seed": 56540 },{ "seed": 56611 },{ "seed": 56642 },{ "seed": 56740 },{ "seed": 56873 },{ "seed": 57182 },{ "seed": 57265 },{ "seed": 57266 },{ "seed": 57277 },{ "seed": 57484 },{ "seed": 57548 },{ "seed": 57564 },{ "seed": 57659 },{ "seed": 57710 },{ "seed": 57863 },{ "seed": 57905 },{ "seed": 57963 },{ "seed": 58157 },{ "seed": 58312 },{ "seed": 58432 },{ "seed": 58667 },{ "seed": 58852 },{ "seed": 59057 },{ "seed": 59069 },{ "seed": 59120 },{ "seed": 59253 },{ "seed": 59257 },{ "seed": 59312 },{ "seed": 59333 },{ "seed": 59373 },{ "seed": 59418 },{ "seed": 59487 },{ "seed": 59516 },{ "seed": 59703 },{ "seed": 59773 },{ "seed": 60069 },{ "seed": 60071 },{ "seed": 60099 },{ "seed": 60157 },{ "seed": 60293 },{ "seed": 60487 },{ "seed": 60499 },{ "seed": 60575 },{ "seed": 60577 },{ "seed": 60619 },{ "seed": 60628 },{ "seed": 60687 },{ "seed": 60775 },{ "seed": 60882 },{ "seed": 61245 },{ "seed": 61261 },{ "seed": 61283 },{ "seed": 61463 },{ "seed": 61502 },{ "seed": 62132 },{ "seed": 62272 },{ "seed": 62293 },{ "seed": 62479 },{ "seed": 62590 },{ "seed": 62657 },{ "seed": 62733 },{ "seed": 62973 },{ "seed": 62983 },{ "seed": 63241 },{ "seed": 63713 },{ "seed": 63752 },{ "seed": 63762 },{ "seed": 63920 },{ "seed": 64021 },{ "seed": 64102 },{ "seed": 64223 },{ "seed": 64242 },{ "seed": 64258 },{ "seed": 64270 },{ "seed": 64303 },{ "seed": 64307 },{ "seed": 64339 },{ "seed": 64399 },{ "seed": 64584 },{ "seed": 64715 },{ "seed": 64767 },{ "seed": 64888 },{ "seed": 65019 },{ "seed": 65127 },{ "seed": 65217 },{ "seed": 65228 },{ "seed": 65473 },{ "seed": 65527 },{ "seed": 65550 },{ "seed": 65562 },{ "seed": 65662 },{ "seed": 65669 },{ "seed": 65815 },{ "seed": 65839 },{ "seed": 65936 },{ "seed": 66320 },{ "seed": 66514 },{ "seed": 66525 },{ "seed": 66582 },{ "seed": 66599 },{ "seed": 66606 },{ "seed": 66663 },{ "seed": 66701 },{ "seed": 66738 },{ "seed": 66870 },{ "seed": 67061 },{ "seed": 67141 },{ "seed": 67157 },{ "seed": 67212 },{ "seed": 67285 },{ "seed": 67358 },{ "seed": 67528 },{ "seed": 67556 },{ "seed": 67620 },{ "seed": 67785 },{ "seed": 67832 },{ "seed": 67901 },{ "seed": 67954 },{ "seed": 67964 },{ "seed": 68033 },{ "seed": 68175 },{ "seed": 68212 },{ "seed": 68214 },{ "seed": 68347 },{ "seed": 68451 },{ "seed": 68479 },{ "seed": 68556 },{ "seed": 68661 },{ "seed": 68664 },{ "seed": 68725 },{ "seed": 68800 },{ "seed": 68956 },{ "seed": 68980 },{ "seed": 69122 },{ "seed": 69213 },{ "seed": 69369 },{ "seed": 69491 },{ "seed": 69498 },{ "seed": 69511 },{ "seed": 69564 },{ "seed": 69842 },{ "seed": 70079 },{ "seed": 70247 },{ "seed": 70329 },{ "seed": 70337 },{ "seed": 70355 },{ "seed": 70394 },{ "seed": 70485 },{ "seed": 70613 },{ "seed": 70686 },{ "seed": 70774 },{ "seed": 70841 },{ "seed": 70873 },{ "seed": 70951 },{ "seed": 71113 },{ "seed": 71215 },{ "seed": 71339 },{ "seed": 71418 },{ "seed": 71449 },{ "seed": 71616 },{ "seed": 71668 },{ "seed": 71673 },{ "seed": 71707 },{ "seed": 71742 },{ "seed": 71743 },{ "seed": 71875 },{ "seed": 72152 },{ "seed": 72238 },{ "seed": 72385 },{ "seed": 72400 },{ "seed": 72592 },{ "seed": 72693 },{ "seed": 72797 },{ "seed": 72821 },{ "seed": 72836 },{ "seed": 73008 },{ "seed": 73047 },{ "seed": 73088 },{ "seed": 73113 },{ "seed": 73131 },{ "seed": 73231 },{ "seed": 73323 },{ "seed": 73437 },{ "seed": 73775 },{ "seed": 73796 },{ "seed": 73797 },{ "seed": 73939 },{ "seed": 73962 },{ "seed": 74002 },{ "seed": 74069 },{ "seed": 74167 },{ "seed": 74233 },{ "seed": 74295 },{ "seed": 74362 },{ "seed": 74376 },{ "seed": 74754 },{ "seed": 74757 },{ "seed": 74776 },{ "seed": 74777 },{ "seed": 74957 },{ "seed": 75118 },{ "seed": 75133 },{ "seed": 75198 },{ "seed": 75259 },{ "seed": 75335 },{ "seed": 75417 },{ "seed": 75523 },{ "seed": 75685 },{ "seed": 75800 },{ "seed": 75898 },{ "seed": 75925 },{ "seed": 76054 },{ "seed": 76433 },{ "seed": 76508 },{ "seed": 76584 },{ "seed": 76676 },{ "seed": 76780 },{ "seed": 76793 },{ "seed": 76794 },{ "seed": 76833 },{ "seed": 77132 },{ "seed": 77223 },{ "seed": 77343 },{ "seed": 77351 },{ "seed": 77368 },{ "seed": 77371 },{ "seed": 77951 },{ "seed": 77952 },{ "seed": 78058 },{ "seed": 78185 },{ "seed": 78258 },{ "seed": 78402 },{ "seed": 78404 },{ "seed": 78583 },{ "seed": 78651 },{ "seed": 78748 },{ "seed": 78791 },{ "seed": 78991 },{ "seed": 78993 },{ "seed": 79012 },{ "seed": 79018 },{ "seed": 79038 },{ "seed": 79067 },{ "seed": 79376 },{ "seed": 79417 },{ "seed": 79477 },{ "seed": 79505 },{ "seed": 79594 },{ "seed": 79597 },{ "seed": 79674 },{ "seed": 79718 },{ "seed": 79796 },{ "seed": 80116 },{ "seed": 80279 },{ "seed": 80595 },{ "seed": 80602 },{ "seed": 80721 },{ "seed": 80824 },{ "seed": 80857 },{ "seed": 81006 },{ "seed": 81051 },{ "seed": 81058 },{ "seed": 81117 },{ "seed": 81134 },{ "seed": 81170 },{ "seed": 81332 },{ "seed": 81369 },{ "seed": 81464 },{ "seed": 81485 },{ "seed": 81543 },{ "seed": 81551 },{ "seed": 81886 },{ "seed": 82024 },{ "seed": 82054 },{ "seed": 82134 },{ "seed": 82275 },{ "seed": 82314 },{ "seed": 82381 },{ "seed": 82416 },{ "seed": 82432 },{ "seed": 82616 },{ "seed": 82643 },{ "seed": 82682 },{ "seed": 82711 },{ "seed": 82735 },{ "seed": 82775 },{ "seed": 82874 },{ "seed": 82898 },{ "seed": 82924 },{ "seed": 82972 },{ "seed": 82983 },{ "seed": 83078 },{ "seed": 83134 },{ "seed": 83226 },{ "seed": 83233 },{ "seed": 83672 },{ "seed": 83782 },{ "seed": 83942 },{ "seed": 83978 },{ "seed": 83983 },{ "seed": 84034 },{ "seed": 84296 },{ "seed": 84561 },{ "seed": 84678 },{ "seed": 84731 },{ "seed": 84774 },{ "seed": 85179 },{ "seed": 85331 },{ "seed": 85353 },{ "seed": 85701 },{ "seed": 85744 },{ "seed": 85750 },{ "seed": 85879 },{ "seed": 85920 },{ "seed": 85979 },{ "seed": 86065 },{ "seed": 86209 },{ "seed": 86224 },{ "seed": 86354 },{ "seed": 86402 },{ "seed": 86786 },{ "seed": 86987 },{ "seed": 87018 },{ "seed": 87070 },{ "seed": 87077 },{ "seed": 87171 },{ "seed": 87188 },{ "seed": 87192 },{ "seed": 87238 },{ "seed": 87267 },{ "seed": 87270 },{ "seed": 87341 },{ "seed": 87514 },{ "seed": 87523 },{ "seed": 87589 },{ "seed": 87904 },{ "seed": 87978 },{ "seed": 88001 },{ "seed": 88153 },{ "seed": 88214 },{ "seed": 88257 },{ "seed": 88302 },{ "seed": 88692 },{ "seed": 88733 },{ "seed": 88759 },{ "seed": 88839 },{ "seed": 88875 },{ "seed": 88983 },{ "seed": 89006 },{ "seed": 89184 },{ "seed": 89372 },{ "seed": 89439 },{ "seed": 89740 },{ "seed": 89798 },{ "seed": 89894 },{ "seed": 89985 },{ "seed": 90040 },{ "seed": 90053 },{ "seed": 90055 },{ "seed": 90166 },{ "seed": 90168 },{ "seed": 90219 },{ "seed": 90225 },{ "seed": 90231 },{ "seed": 90280 },{ "seed": 90435 },{ "seed": 90551 },{ "seed": 90648 },{ "seed": 90721 },{ "seed": 90738 },{ "seed": 90754 },{ "seed": 90897 },{ "seed": 90900 },{ "seed": 91401 },{ "seed": 91409 },{ "seed": 91536 },{ "seed": 91591 },{ "seed": 91709 },{ "seed": 91771 },{ "seed": 91933 },{ "seed": 92004 },{ "seed": 92042 },{ "seed": 92110 },{ "seed": 92360 },{ "seed": 92367 },{ "seed": 92378 },{ "seed": 92462 },{ "seed": 92505 },{ "seed": 92563 },{ "seed": 92591 },{ "seed": 92674 },{ "seed": 92869 },{ "seed": 92935 },{ "seed": 92985 },{ "seed": 93110 },{ "seed": 93284 },{ "seed": 93429 },{ "seed": 93546 },{ "seed": 93550 },{ "seed": 93553 },{ "seed": 93651 },{ "seed": 93761 },{ "seed": 93830 },{ "seed": 93846 },{ "seed": 93930 },{ "seed": 94013 },{ "seed": 94038 },{ "seed": 94070 },{ "seed": 94235 },{ "seed": 94307 },{ "seed": 94320 },{ "seed": 94422 },{ "seed": 94426 },{ "seed": 94478 },{ "seed": 94588 },{ "seed": 94603 },{ "seed": 94614 },{ "seed": 94633 },{ "seed": 94680 },{ "seed": 94797 },{ "seed": 95054 },{ "seed": 95139 },{ "seed": 95147 },{ "seed": 95367 },{ "seed": 95442 },{ "seed": 95466 },{ "seed": 95580 },{ "seed": 95636 },{ "seed": 95675 },{ "seed": 95776 },{ "seed": 95779 },{ "seed": 95802 },{ "seed": 95814 },{ "seed": 95832 },{ "seed": 95867 },{ "seed": 96065 },{ "seed": 96090 },{ "seed": 96105 },{ "seed": 96178 },{ "seed": 96366 },{ "seed": 96368 },{ "seed": 96386 },{ "seed": 96420 },{ "seed": 96547 },{ "seed": 96885 },{ "seed": 96898 },{ "seed": 96900 },{ "seed": 96919 },{ "seed": 96954 },{ "seed": 96955 },{ "seed": 97018 },{ "seed": 97020 },{ "seed": 97159 },{ "seed": 97197 },{ "seed": 97211 },{ "seed": 97500 },{ "seed": 97519 },{ "seed": 97545 },{ "seed": 97713 },{ "seed": 97808 },{ "seed": 98066 },{ "seed": 98172 },{ "seed": 98294 },{ "seed": 98447 },{ "seed": 98541 },{ "seed": 98594 },{ "seed": 98845 },{ "seed": 98980 },{ "seed": 99041 },{ "seed": 99107 },{ "seed": 99126 },{ "seed": 99132 },{ "seed": 99200 },{ "seed": 99333 },{ "seed": 99343 },{ "seed": 99505 },{ "seed": 99528 },{ "seed": 99712 },{ "seed": 99769 } ]