[ { "seed": 56 },{ "seed": 128 },{ "seed": 187 },{ "seed": 220 },{ "seed": 836 },{ "seed": 1166 },{ "seed": 1278 },{ "seed": 1684 },{ "seed": 2105 },{ "seed": 2370 },{ "seed": 2414 },{ "seed": 2782 },{ "seed": 3259 },{ "seed": 3303 },{ "seed": 3419 },{ "seed": 3569 },{ "seed": 3957 },{ "seed": 4515 },{ "seed": 5134 },{ "seed": 5192 },{ "seed": 5741 },{ "seed": 6305 },{ "seed": 7072 },{ "seed": 7500 },{ "seed": 7591 },{ "seed": 7723 },{ "seed": 7748 },{ "seed": 7835 },{ "seed": 7922 },{ "seed": 8051 },{ "seed": 8172 },{ "seed": 8298 },{ "seed": 8776 },{ "seed": 8901 },{ "seed": 8912 },{ "seed": 9183 },{ "seed": 9342 },{ "seed": 9664 },{ "seed": 9969 },{ "seed": 10900 },{ "seed": 11007 },{ "seed": 11350 },{ "seed": 11978 },{ "seed": 12156 },{ "seed": 12564 },{ "seed": 12754 },{ "seed": 12858 },{ "seed": 12924 },{ "seed": 13200 },{ "seed": 13733 },{ "seed": 13878 },{ "seed": 14048 },{ "seed": 14075 },{ "seed": 14167 },{ "seed": 14170 },{ "seed": 14283 },{ "seed": 14842 },{ "seed": 14987 },{ "seed": 14996 },{ "seed": 15188 },{ "seed": 15337 },{ "seed": 15958 },{ "seed": 16206 },{ "seed": 16623 },{ "seed": 16754 },{ "seed": 16867 },{ "seed": 17652 },{ "seed": 17894 },{ "seed": 17907 },{ "seed": 18208 },{ "seed": 18337 },{ "seed": 18447 },{ "seed": 18498 },{ "seed": 18709 },{ "seed": 19026 },{ "seed": 19139 },{ "seed": 19274 },{ "seed": 19820 },{ "seed": 20413 },{ "seed": 20684 },{ "seed": 20952 },{ "seed": 21193 },{ "seed": 21929 },{ "seed": 21979 },{ "seed": 22244 },{ "seed": 22251 },{ "seed": 22421 },{ "seed": 22682 },{ "seed": 23370 },{ "seed": 23386 },{ "seed": 23786 },{ "seed": 23790 },{ "seed": 23910 },{ "seed": 24223 },{ "seed": 24665 },{ "seed": 24667 },{ "seed": 24905 },{ "seed": 25246 },{ "seed": 25359 },{ "seed": 25715 },{ "seed": 25787 },{ "seed": 26137 },{ "seed": 26142 },{ "seed": 26265 },{ "seed": 26406 },{ "seed": 26950 },{ "seed": 26980 },{ "seed": 27053 },{ "seed": 27746 },{ "seed": 27813 },{ "seed": 28097 },{ "seed": 28281 },{ "seed": 29038 },{ "seed": 29291 },{ "seed": 30605 },{ "seed": 30715 },{ "seed": 30901 },{ "seed": 30946 },{ "seed": 30971 },{ "seed": 31006 },{ "seed": 31431 },{ "seed": 31468 },{ "seed": 31502 },{ "seed": 31689 },{ "seed": 31910 },{ "seed": 31925 },{ "seed": 32070 },{ "seed": 32090 },{ "seed": 32132 },{ "seed": 32362 },{ "seed": 32404 },{ "seed": 32509 },{ "seed": 32616 },{ "seed": 32623 },{ "seed": 32676 },{ "seed": 33209 },{ "seed": 33271 },{ "seed": 33566 },{ "seed": 34016 },{ "seed": 34253 },{ "seed": 34315 },{ "seed": 34549 },{ "seed": 34563 },{ "seed": 34603 },{ "seed": 34627 },{ "seed": 34789 },{ "seed": 35010 },{ "seed": 35093 },{ "seed": 35144 },{ "seed": 35340 },{ "seed": 35424 },{ "seed": 35437 },{ "seed": 35561 },{ "seed": 35854 },{ "seed": 36090 },{ "seed": 36345 },{ "seed": 36419 },{ "seed": 36786 },{ "seed": 36800 },{ "seed": 36984 },{ "seed": 37172 },{ "seed": 37392 },{ "seed": 37402 },{ "seed": 37666 },{ "seed": 38306 },{ "seed": 38844 },{ "seed": 39022 },{ "seed": 39350 },{ "seed": 39359 },{ "seed": 39455 },{ "seed": 39550 },{ "seed": 39736 },{ "seed": 39750 },{ "seed": 40059 },{ "seed": 40663 },{ "seed": 40830 },{ "seed": 40837 },{ "seed": 40953 },{ "seed": 41091 },{ "seed": 41148 },{ "seed": 41304 },{ "seed": 41729 },{ "seed": 42417 },{ "seed": 43087 },{ "seed": 43226 },{ "seed": 43290 },{ "seed": 43330 },{ "seed": 43684 },{ "seed": 44269 },{ "seed": 44456 },{ "seed": 44836 },{ "seed": 44970 },{ "seed": 45690 },{ "seed": 45943 },{ "seed": 46087 },{ "seed": 46195 },{ "seed": 46246 },{ "seed": 46583 },{ "seed": 47032 },{ "seed": 47144 },{ "seed": 47590 },{ "seed": 47653 },{ "seed": 47760 },{ "seed": 48000 },{ "seed": 48262 },{ "seed": 48423 },{ "seed": 48507 },{ "seed": 48811 },{ "seed": 49102 },{ "seed": 49228 },{ "seed": 49641 },{ "seed": 49847 },{ "seed": 49984 },{ "seed": 50028 },{ "seed": 50770 },{ "seed": 50878 },{ "seed": 50976 },{ "seed": 51185 },{ "seed": 51612 },{ "seed": 51630 },{ "seed": 51670 },{ "seed": 51894 },{ "seed": 52109 },{ "seed": 53021 },{ "seed": 53237 },{ "seed": 53241 },{ "seed": 53451 },{ "seed": 53609 },{ "seed": 53959 },{ "seed": 54523 },{ "seed": 54569 },{ "seed": 55147 },{ "seed": 55305 },{ "seed": 55324 },{ "seed": 55418 },{ "seed": 55615 },{ "seed": 55896 },{ "seed": 56012 },{ "seed": 56330 },{ "seed": 56337 },{ "seed": 56724 },{ "seed": 57473 },{ "seed": 57619 },{ "seed": 57793 },{ "seed": 57826 },{ "seed": 57981 },{ "seed": 58193 },{ "seed": 58709 },{ "seed": 58726 },{ "seed": 59093 },{ "seed": 59126 },{ "seed": 59255 },{ "seed": 59289 },{ "seed": 59541 },{ "seed": 59843 },{ "seed": 60052 },{ "seed": 60338 },{ "seed": 60682 },{ "seed": 60897 },{ "seed": 60980 },{ "seed": 61750 },{ "seed": 61847 },{ "seed": 61962 },{ "seed": 62131 },{ "seed": 63137 },{ "seed": 63207 },{ "seed": 63299 },{ "seed": 63504 },{ "seed": 63628 },{ "seed": 63668 },{ "seed": 63764 },{ "seed": 63889 },{ "seed": 63995 },{ "seed": 64091 },{ "seed": 64113 },{ "seed": 64213 },{ "seed": 64277 },{ "seed": 64574 },{ "seed": 64672 },{ "seed": 65117 },{ "seed": 65253 },{ "seed": 65444 },{ "seed": 65812 },{ "seed": 66159 },{ "seed": 66757 },{ "seed": 66809 },{ "seed": 67118 },{ "seed": 67127 },{ "seed": 67554 },{ "seed": 67633 },{ "seed": 67919 },{ "seed": 68210 },{ "seed": 68760 },{ "seed": 68809 },{ "seed": 69135 },{ "seed": 69944 },{ "seed": 70094 },{ "seed": 70142 },{ "seed": 70513 },{ "seed": 70533 },{ "seed": 70619 },{ "seed": 70722 },{ "seed": 70755 },{ "seed": 71013 },{ "seed": 71107 },{ "seed": 71194 },{ "seed": 71412 },{ "seed": 71696 },{ "seed": 71746 },{ "seed": 71955 },{ "seed": 71967 },{ "seed": 71972 },{ "seed": 71999 },{ "seed": 72129 },{ "seed": 72437 },{ "seed": 72450 },{ "seed": 72552 },{ "seed": 72726 },{ "seed": 72906 },{ "seed": 73703 },{ "seed": 73836 },{ "seed": 73841 },{ "seed": 73847 },{ "seed": 74029 },{ "seed": 74963 },{ "seed": 75196 },{ "seed": 75227 },{ "seed": 75551 },{ "seed": 75580 },{ "seed": 75673 },{ "seed": 75997 },{ "seed": 76018 },{ "seed": 76408 },{ "seed": 76544 },{ "seed": 76550 },{ "seed": 76657 },{ "seed": 76710 },{ "seed": 77357 },{ "seed": 77387 },{ "seed": 77438 },{ "seed": 77483 },{ "seed": 77802 },{ "seed": 77929 },{ "seed": 78063 },{ "seed": 78183 },{ "seed": 78376 },{ "seed": 79122 },{ "seed": 79187 },{ "seed": 79256 },{ "seed": 79334 },{ "seed": 79537 },{ "seed": 79728 },{ "seed": 79804 },{ "seed": 79915 },{ "seed": 80293 },{ "seed": 81089 },{ "seed": 81120 },{ "seed": 81125 },{ "seed": 81256 },{ "seed": 81697 },{ "seed": 81813 },{ "seed": 82080 },{ "seed": 82223 },{ "seed": 82559 },{ "seed": 82849 },{ "seed": 83333 },{ "seed": 83711 },{ "seed": 83799 },{ "seed": 83934 },{ "seed": 84114 },{ "seed": 84217 },{ "seed": 84269 },{ "seed": 84565 },{ "seed": 84577 },{ "seed": 84710 },{ "seed": 85550 },{ "seed": 85765 },{ "seed": 86143 },{ "seed": 86269 },{ "seed": 86475 },{ "seed": 86666 },{ "seed": 87175 },{ "seed": 87793 },{ "seed": 88475 },{ "seed": 88632 },{ "seed": 88746 },{ "seed": 88886 },{ "seed": 89120 },{ "seed": 89330 },{ "seed": 89491 },{ "seed": 89638 },{ "seed": 89847 },{ "seed": 89924 },{ "seed": 90116 },{ "seed": 90564 },{ "seed": 90948 },{ "seed": 91055 },{ "seed": 91318 },{ "seed": 91680 },{ "seed": 91883 },{ "seed": 92033 },{ "seed": 92348 },{ "seed": 92485 },{ "seed": 92660 },{ "seed": 92879 },{ "seed": 93281 },{ "seed": 93296 },{ "seed": 94118 },{ "seed": 94312 },{ "seed": 94664 },{ "seed": 94780 },{ "seed": 94855 },{ "seed": 95017 },{ "seed": 95358 },{ "seed": 95738 },{ "seed": 96153 },{ "seed": 96518 },{ "seed": 96876 },{ "seed": 97084 },{ "seed": 97262 },{ "seed": 97331 },{ "seed": 97460 },{ "seed": 97696 },{ "seed": 97998 },{ "seed": 98460 },{ "seed": 98872 },{ "seed": 99070 },{ "seed": 99168 },{ "seed": 99434 },{ "seed": 99457 },{ "seed": 99598 } ]