[ { "seed": 297 },{ "seed": 411 },{ "seed": 947 },{ "seed": 4256 },{ "seed": 5590 },{ "seed": 6058 },{ "seed": 7667 },{ "seed": 8041 },{ "seed": 8481 },{ "seed": 8690 },{ "seed": 13253 },{ "seed": 15009 },{ "seed": 16152 },{ "seed": 16494 },{ "seed": 16718 },{ "seed": 16787 },{ "seed": 17032 },{ "seed": 17832 },{ "seed": 18327 },{ "seed": 19191 },{ "seed": 19227 },{ "seed": 19288 },{ "seed": 19312 },{ "seed": 20205 },{ "seed": 20594 },{ "seed": 20638 },{ "seed": 21452 },{ "seed": 21511 },{ "seed": 22007 },{ "seed": 22663 },{ "seed": 24548 },{ "seed": 25174 },{ "seed": 25391 },{ "seed": 25575 },{ "seed": 26923 },{ "seed": 27802 },{ "seed": 28646 },{ "seed": 33471 },{ "seed": 33846 },{ "seed": 35730 },{ "seed": 36236 },{ "seed": 36450 },{ "seed": 38732 },{ "seed": 39695 },{ "seed": 41019 },{ "seed": 42110 },{ "seed": 42712 },{ "seed": 42767 },{ "seed": 43004 },{ "seed": 43821 },{ "seed": 44797 },{ "seed": 45865 },{ "seed": 46020 },{ "seed": 46649 },{ "seed": 48595 },{ "seed": 49017 },{ "seed": 49123 },{ "seed": 51205 },{ "seed": 53350 },{ "seed": 54356 },{ "seed": 54409 },{ "seed": 54561 },{ "seed": 55624 },{ "seed": 56400 },{ "seed": 59815 },{ "seed": 61043 },{ "seed": 61098 },{ "seed": 61995 },{ "seed": 63307 },{ "seed": 65165 },{ "seed": 65565 },{ "seed": 68972 },{ "seed": 70911 },{ "seed": 71010 },{ "seed": 71557 },{ "seed": 72055 },{ "seed": 72761 },{ "seed": 73211 },{ "seed": 74205 },{ "seed": 74449 },{ "seed": 75238 },{ "seed": 75448 },{ "seed": 78377 },{ "seed": 80050 },{ "seed": 81591 },{ "seed": 82428 },{ "seed": 84597 },{ "seed": 86226 },{ "seed": 87389 },{ "seed": 87484 },{ "seed": 87516 },{ "seed": 88028 },{ "seed": 88165 },{ "seed": 88882 },{ "seed": 90518 },{ "seed": 90983 },{ "seed": 90991 },{ "seed": 91929 },{ "seed": 92114 },{ "seed": 94319 },{ "seed": 96682 },{ "seed": 97308 },{ "seed": 97847 },{ "seed": 97917 },{ "seed": 98242 },{ "seed": 98402 },{ "seed": 98681 },{ "seed": 99912 } ]