[ { "seed": 1100 },{ "seed": 2628 },{ "seed": 2650 },{ "seed": 3383 },{ "seed": 3752 },{ "seed": 4871 },{ "seed": 8962 },{ "seed": 11289 },{ "seed": 11883 },{ "seed": 13982 },{ "seed": 16410 },{ "seed": 17823 },{ "seed": 19040 },{ "seed": 19669 },{ "seed": 21088 },{ "seed": 24149 },{ "seed": 25432 },{ "seed": 26866 },{ "seed": 27814 },{ "seed": 27998 },{ "seed": 28485 },{ "seed": 30168 },{ "seed": 32029 },{ "seed": 34111 },{ "seed": 35153 },{ "seed": 43329 },{ "seed": 43931 },{ "seed": 44651 },{ "seed": 44684 },{ "seed": 50022 },{ "seed": 50859 },{ "seed": 51394 },{ "seed": 51662 },{ "seed": 51707 },{ "seed": 53298 },{ "seed": 53648 },{ "seed": 54539 },{ "seed": 54642 },{ "seed": 56429 },{ "seed": 56580 },{ "seed": 57507 },{ "seed": 60041 },{ "seed": 60062 },{ "seed": 61086 },{ "seed": 61881 },{ "seed": 61906 },{ "seed": 64667 },{ "seed": 67871 },{ "seed": 69441 },{ "seed": 71260 },{ "seed": 72787 },{ "seed": 72957 },{ "seed": 74013 },{ "seed": 77972 },{ "seed": 79893 },{ "seed": 81668 },{ "seed": 83011 },{ "seed": 85276 },{ "seed": 85434 },{ "seed": 90317 },{ "seed": 91174 },{ "seed": 92931 },{ "seed": 96598 },{ "seed": 97788 },{ "seed": 98277 },{ "seed": 99322 } ]