[ { "seed": 37 },{ "seed": 55 },{ "seed": 73 },{ "seed": 118 },{ "seed": 138 },{ "seed": 201 },{ "seed": 206 },{ "seed": 246 },{ "seed": 330 },{ "seed": 361 },{ "seed": 380 },{ "seed": 382 },{ "seed": 434 },{ "seed": 512 },{ "seed": 513 },{ "seed": 536 },{ "seed": 570 },{ "seed": 589 },{ "seed": 601 },{ "seed": 639 },{ "seed": 751 },{ "seed": 812 },{ "seed": 817 },{ "seed": 832 },{ "seed": 879 },{ "seed": 908 },{ "seed": 910 },{ "seed": 1014 },{ "seed": 1034 },{ "seed": 1040 },{ "seed": 1042 },{ "seed": 1058 },{ "seed": 1109 },{ "seed": 1128 },{ "seed": 1138 },{ "seed": 1145 },{ "seed": 1151 },{ "seed": 1191 },{ "seed": 1204 },{ "seed": 1247 },{ "seed": 1256 },{ "seed": 1269 },{ "seed": 1338 },{ "seed": 1438 },{ "seed": 1441 },{ "seed": 1442 },{ "seed": 1455 },{ "seed": 1468 },{ "seed": 1487 },{ "seed": 1533 },{ "seed": 1625 },{ "seed": 1687 },{ "seed": 1717 },{ "seed": 1763 },{ "seed": 1765 },{ "seed": 1778 },{ "seed": 1841 },{ "seed": 1962 },{ "seed": 1971 },{ "seed": 1979 },{ "seed": 2003 },{ "seed": 2062 },{ "seed": 2077 },{ "seed": 2096 },{ "seed": 2101 },{ "seed": 2109 },{ "seed": 2123 },{ "seed": 2132 },{ "seed": 2181 },{ "seed": 2183 },{ "seed": 2191 },{ "seed": 2198 },{ "seed": 2221 },{ "seed": 2257 },{ "seed": 2287 },{ "seed": 2293 },{ "seed": 2334 },{ "seed": 2349 },{ "seed": 2357 },{ "seed": 2363 },{ "seed": 2471 },{ "seed": 2480 },{ "seed": 2486 },{ "seed": 2512 },{ "seed": 2513 },{ "seed": 2515 },{ "seed": 2531 },{ "seed": 2548 },{ "seed": 2629 },{ "seed": 2651 },{ "seed": 2656 },{ "seed": 2658 },{ "seed": 2664 },{ "seed": 2668 },{ "seed": 2677 },{ "seed": 2688 },{ "seed": 2693 },{ "seed": 2729 },{ "seed": 2730 },{ "seed": 2737 },{ "seed": 2766 },{ "seed": 2767 },{ "seed": 2773 },{ "seed": 2798 },{ "seed": 2823 },{ "seed": 2838 },{ "seed": 2848 },{ "seed": 2862 },{ "seed": 2877 },{ "seed": 2899 },{ "seed": 2917 },{ "seed": 2948 },{ "seed": 2951 },{ "seed": 2955 },{ "seed": 2977 },{ "seed": 3023 },{ "seed": 3039 },{ "seed": 3056 },{ "seed": 3071 },{ "seed": 3083 },{ "seed": 3121 },{ "seed": 3123 },{ "seed": 3176 },{ "seed": 3192 },{ "seed": 3265 },{ "seed": 3282 },{ "seed": 3293 },{ "seed": 3294 },{ "seed": 3307 },{ "seed": 3316 },{ "seed": 3345 },{ "seed": 3346 },{ "seed": 3349 },{ "seed": 3388 },{ "seed": 3453 },{ "seed": 3461 },{ "seed": 3466 },{ "seed": 3467 },{ "seed": 3480 },{ "seed": 3481 },{ "seed": 3482 },{ "seed": 3509 },{ "seed": 3526 },{ "seed": 3582 },{ "seed": 3598 },{ "seed": 3599 },{ "seed": 3622 },{ "seed": 3652 },{ "seed": 3659 },{ "seed": 3667 },{ "seed": 3674 },{ "seed": 3696 },{ "seed": 3713 },{ "seed": 3718 },{ "seed": 3733 },{ "seed": 3763 },{ "seed": 3781 },{ "seed": 3797 },{ "seed": 3837 },{ "seed": 3871 },{ "seed": 3884 },{ "seed": 4022 },{ "seed": 4051 },{ "seed": 4054 },{ "seed": 4064 },{ "seed": 4066 },{ "seed": 4091 },{ "seed": 4093 },{ "seed": 4113 },{ "seed": 4116 },{ "seed": 4215 },{ "seed": 4223 },{ "seed": 4266 },{ "seed": 4272 },{ "seed": 4275 },{ "seed": 4289 },{ "seed": 4292 },{ "seed": 4312 },{ "seed": 4360 },{ "seed": 4465 },{ "seed": 4472 },{ "seed": 4487 },{ "seed": 4494 },{ "seed": 4513 },{ "seed": 4549 },{ "seed": 4601 },{ "seed": 4621 },{ "seed": 4659 },{ "seed": 4706 },{ "seed": 4716 },{ "seed": 4728 },{ "seed": 4913 },{ "seed": 4953 },{ "seed": 4980 },{ "seed": 5005 },{ "seed": 5025 },{ "seed": 5026 },{ "seed": 5043 },{ "seed": 5069 },{ "seed": 5077 },{ "seed": 5082 },{ "seed": 5151 },{ "seed": 5169 },{ "seed": 5185 },{ "seed": 5186 },{ "seed": 5190 },{ "seed": 5209 },{ "seed": 5256 },{ "seed": 5275 },{ "seed": 5279 },{ "seed": 5376 },{ "seed": 5391 },{ "seed": 5392 },{ "seed": 5396 },{ "seed": 5401 },{ "seed": 5408 },{ "seed": 5422 },{ "seed": 5431 },{ "seed": 5433 },{ "seed": 5446 },{ "seed": 5450 },{ "seed": 5510 },{ "seed": 5526 },{ "seed": 5555 },{ "seed": 5568 },{ "seed": 5658 },{ "seed": 5666 },{ "seed": 5668 },{ "seed": 5693 },{ "seed": 5733 },{ "seed": 5735 },{ "seed": 5744 },{ "seed": 5751 },{ "seed": 5779 },{ "seed": 5780 },{ "seed": 5835 },{ "seed": 5838 },{ "seed": 5850 },{ "seed": 5858 },{ "seed": 5862 },{ "seed": 5895 },{ "seed": 5906 },{ "seed": 5931 },{ "seed": 5963 },{ "seed": 5993 },{ "seed": 6017 },{ "seed": 6055 },{ "seed": 6063 },{ "seed": 6095 },{ "seed": 6113 },{ "seed": 6114 },{ "seed": 6129 },{ "seed": 6146 },{ "seed": 6147 },{ "seed": 6217 },{ "seed": 6245 },{ "seed": 6261 },{ "seed": 6326 },{ "seed": 6333 },{ "seed": 6375 },{ "seed": 6390 },{ "seed": 6401 },{ "seed": 6438 },{ "seed": 6459 },{ "seed": 6508 },{ "seed": 6597 },{ "seed": 6610 },{ "seed": 6613 },{ "seed": 6632 },{ "seed": 6634 },{ "seed": 6685 },{ "seed": 6730 },{ "seed": 6743 },{ "seed": 6764 },{ "seed": 6765 },{ "seed": 6779 },{ "seed": 6790 },{ "seed": 6825 },{ "seed": 6877 },{ "seed": 6909 },{ "seed": 6916 },{ "seed": 6926 },{ "seed": 6940 },{ "seed": 6942 },{ "seed": 6958 },{ "seed": 6959 },{ "seed": 6961 },{ "seed": 6991 },{ "seed": 7023 },{ "seed": 7039 },{ "seed": 7068 },{ "seed": 7086 },{ "seed": 7112 },{ "seed": 7131 },{ "seed": 7145 },{ "seed": 7148 },{ "seed": 7196 },{ "seed": 7200 },{ "seed": 7219 },{ "seed": 7242 },{ "seed": 7248 },{ "seed": 7264 },{ "seed": 7267 },{ "seed": 7283 },{ "seed": 7346 },{ "seed": 7356 },{ "seed": 7373 },{ "seed": 7377 },{ "seed": 7428 },{ "seed": 7455 },{ "seed": 7462 },{ "seed": 7465 },{ "seed": 7472 },{ "seed": 7475 },{ "seed": 7480 },{ "seed": 7523 },{ "seed": 7539 },{ "seed": 7584 },{ "seed": 7605 },{ "seed": 7627 },{ "seed": 7638 },{ "seed": 7644 },{ "seed": 7678 },{ "seed": 7685 },{ "seed": 7704 },{ "seed": 7707 },{ "seed": 7724 },{ "seed": 7731 },{ "seed": 7740 },{ "seed": 7753 },{ "seed": 7778 },{ "seed": 7783 },{ "seed": 7849 },{ "seed": 7851 },{ "seed": 7862 },{ "seed": 7883 },{ "seed": 7896 },{ "seed": 7899 },{ "seed": 7909 },{ "seed": 7950 },{ "seed": 7959 },{ "seed": 7982 },{ "seed": 8030 },{ "seed": 8105 },{ "seed": 8123 },{ "seed": 8126 },{ "seed": 8131 },{ "seed": 8146 },{ "seed": 8155 },{ "seed": 8188 },{ "seed": 8221 },{ "seed": 8253 },{ "seed": 8264 },{ "seed": 8275 },{ "seed": 8299 },{ "seed": 8338 },{ "seed": 8355 },{ "seed": 8366 },{ "seed": 8399 },{ "seed": 8435 },{ "seed": 8483 },{ "seed": 8488 },{ "seed": 8493 },{ "seed": 8494 },{ "seed": 8513 },{ "seed": 8562 },{ "seed": 8600 },{ "seed": 8668 },{ "seed": 8756 },{ "seed": 8766 },{ "seed": 8796 },{ "seed": 8810 },{ "seed": 8870 },{ "seed": 8876 },{ "seed": 8893 },{ "seed": 8906 },{ "seed": 8917 },{ "seed": 8927 },{ "seed": 9015 },{ "seed": 9040 },{ "seed": 9042 },{ "seed": 9044 },{ "seed": 9065 },{ "seed": 9067 },{ "seed": 9102 },{ "seed": 9106 },{ "seed": 9139 },{ "seed": 9141 },{ "seed": 9151 },{ "seed": 9170 },{ "seed": 9190 },{ "seed": 9194 },{ "seed": 9198 },{ "seed": 9212 },{ "seed": 9219 },{ "seed": 9256 },{ "seed": 9277 },{ "seed": 9289 },{ "seed": 9304 },{ "seed": 9319 },{ "seed": 9375 },{ "seed": 9396 },{ "seed": 9404 },{ "seed": 9430 },{ "seed": 9445 },{ "seed": 9475 },{ "seed": 9496 },{ "seed": 9502 },{ "seed": 9514 },{ "seed": 9551 },{ "seed": 9568 },{ "seed": 9601 },{ "seed": 9607 },{ "seed": 9662 },{ "seed": 9668 },{ "seed": 9674 },{ "seed": 9705 },{ "seed": 9746 },{ "seed": 9750 },{ "seed": 9752 },{ "seed": 9800 },{ "seed": 9841 },{ "seed": 9879 },{ "seed": 9928 },{ "seed": 9962 },{ "seed": 9996 },{ "seed": 10017 },{ "seed": 10098 },{ "seed": 10100 },{ "seed": 10115 },{ "seed": 10130 },{ "seed": 10140 },{ "seed": 10189 },{ "seed": 10197 },{ "seed": 10259 },{ "seed": 10268 },{ "seed": 10365 },{ "seed": 10375 },{ "seed": 10394 },{ "seed": 10398 },{ "seed": 10405 },{ "seed": 10414 },{ "seed": 10425 },{ "seed": 10441 },{ "seed": 10458 },{ "seed": 10467 },{ "seed": 10477 },{ "seed": 10494 },{ "seed": 10503 },{ "seed": 10516 },{ "seed": 10524 },{ "seed": 10526 },{ "seed": 10546 },{ "seed": 10547 },{ "seed": 10584 },{ "seed": 10590 },{ "seed": 10638 },{ "seed": 10639 },{ "seed": 10662 },{ "seed": 10694 },{ "seed": 10700 },{ "seed": 10730 },{ "seed": 10756 },{ "seed": 10924 },{ "seed": 10983 },{ "seed": 10988 },{ "seed": 10990 },{ "seed": 11023 },{ "seed": 11042 },{ "seed": 11204 },{ "seed": 11219 },{ "seed": 11232 },{ "seed": 11278 },{ "seed": 11293 },{ "seed": 11299 },{ "seed": 11305 },{ "seed": 11322 },{ "seed": 11413 },{ "seed": 11417 },{ "seed": 11575 },{ "seed": 11595 },{ "seed": 11609 },{ "seed": 11633 },{ "seed": 11693 },{ "seed": 11731 },{ "seed": 11771 },{ "seed": 11789 },{ "seed": 11806 },{ "seed": 11832 },{ "seed": 11900 },{ "seed": 11905 },{ "seed": 11906 },{ "seed": 11958 },{ "seed": 11983 },{ "seed": 11988 },{ "seed": 12042 },{ "seed": 12048 },{ "seed": 12098 },{ "seed": 12159 },{ "seed": 12202 },{ "seed": 12231 },{ "seed": 12234 },{ "seed": 12283 },{ "seed": 12302 },{ "seed": 12327 },{ "seed": 12331 },{ "seed": 12347 },{ "seed": 12376 },{ "seed": 12395 },{ "seed": 12415 },{ "seed": 12416 },{ "seed": 12433 },{ "seed": 12447 },{ "seed": 12459 },{ "seed": 12473 },{ "seed": 12492 },{ "seed": 12498 },{ "seed": 12521 },{ "seed": 12529 },{ "seed": 12566 },{ "seed": 12577 },{ "seed": 12591 },{ "seed": 12617 },{ "seed": 12631 },{ "seed": 12642 },{ "seed": 12749 },{ "seed": 12768 },{ "seed": 12789 },{ "seed": 12804 },{ "seed": 12827 },{ "seed": 12829 },{ "seed": 12838 },{ "seed": 12843 },{ "seed": 12859 },{ "seed": 12860 },{ "seed": 12888 },{ "seed": 12913 },{ "seed": 12927 },{ "seed": 12932 },{ "seed": 12998 },{ "seed": 13033 },{ "seed": 13050 },{ "seed": 13058 },{ "seed": 13065 },{ "seed": 13069 },{ "seed": 13092 },{ "seed": 13167 },{ "seed": 13175 },{ "seed": 13186 },{ "seed": 13203 },{ "seed": 13221 },{ "seed": 13237 },{ "seed": 13245 },{ "seed": 13251 },{ "seed": 13274 },{ "seed": 13310 },{ "seed": 13314 },{ "seed": 13407 },{ "seed": 13447 },{ "seed": 13450 },{ "seed": 13488 },{ "seed": 13561 },{ "seed": 13564 },{ "seed": 13569 },{ "seed": 13570 },{ "seed": 13579 },{ "seed": 13599 },{ "seed": 13604 },{ "seed": 13618 },{ "seed": 13648 },{ "seed": 13659 },{ "seed": 13682 },{ "seed": 13687 },{ "seed": 13706 },{ "seed": 13713 },{ "seed": 13723 },{ "seed": 13771 },{ "seed": 13775 },{ "seed": 13793 },{ "seed": 13797 },{ "seed": 13822 },{ "seed": 13834 },{ "seed": 13837 },{ "seed": 13845 },{ "seed": 13901 },{ "seed": 13915 },{ "seed": 14000 },{ "seed": 14005 },{ "seed": 14074 },{ "seed": 14091 },{ "seed": 14212 },{ "seed": 14216 },{ "seed": 14218 },{ "seed": 14249 },{ "seed": 14280 },{ "seed": 14300 },{ "seed": 14309 },{ "seed": 14311 },{ "seed": 14320 },{ "seed": 14345 },{ "seed": 14357 },{ "seed": 14438 },{ "seed": 14446 },{ "seed": 14474 },{ "seed": 14490 },{ "seed": 14499 },{ "seed": 14535 },{ "seed": 14536 },{ "seed": 14580 },{ "seed": 14616 },{ "seed": 14648 },{ "seed": 14663 },{ "seed": 14687 },{ "seed": 14726 },{ "seed": 14749 },{ "seed": 14796 },{ "seed": 14895 },{ "seed": 14896 },{ "seed": 14983 },{ "seed": 15014 },{ "seed": 15018 },{ "seed": 15022 },{ "seed": 15046 },{ "seed": 15055 },{ "seed": 15079 },{ "seed": 15103 },{ "seed": 15107 },{ "seed": 15116 },{ "seed": 15119 },{ "seed": 15134 },{ "seed": 15143 },{ "seed": 15149 },{ "seed": 15154 },{ "seed": 15162 },{ "seed": 15214 },{ "seed": 15229 },{ "seed": 15258 },{ "seed": 15282 },{ "seed": 15344 },{ "seed": 15361 },{ "seed": 15367 },{ "seed": 15409 },{ "seed": 15418 },{ "seed": 15433 },{ "seed": 15435 },{ "seed": 15436 },{ "seed": 15464 },{ "seed": 15466 },{ "seed": 15520 },{ "seed": 15533 },{ "seed": 15536 },{ "seed": 15589 },{ "seed": 15623 },{ "seed": 15637 },{ "seed": 15664 },{ "seed": 15670 },{ "seed": 15695 },{ "seed": 15727 },{ "seed": 15760 },{ "seed": 15775 },{ "seed": 15836 },{ "seed": 15855 },{ "seed": 15875 },{ "seed": 15925 },{ "seed": 15930 },{ "seed": 15940 },{ "seed": 15945 },{ "seed": 15951 },{ "seed": 15970 },{ "seed": 15975 },{ "seed": 15995 },{ "seed": 16031 },{ "seed": 16088 },{ "seed": 16090 },{ "seed": 16094 },{ "seed": 16122 },{ "seed": 16203 },{ "seed": 16228 },{ "seed": 16232 },{ "seed": 16245 },{ "seed": 16259 },{ "seed": 16260 },{ "seed": 16289 },{ "seed": 16305 },{ "seed": 16306 },{ "seed": 16357 },{ "seed": 16395 },{ "seed": 16470 },{ "seed": 16482 },{ "seed": 16500 },{ "seed": 16509 },{ "seed": 16526 },{ "seed": 16558 },{ "seed": 16593 },{ "seed": 16603 },{ "seed": 16616 },{ "seed": 16664 },{ "seed": 16677 },{ "seed": 16716 },{ "seed": 16731 },{ "seed": 16734 },{ "seed": 16739 },{ "seed": 16740 },{ "seed": 16752 },{ "seed": 16764 },{ "seed": 16821 },{ "seed": 16826 },{ "seed": 16874 },{ "seed": 16887 },{ "seed": 16897 },{ "seed": 16898 },{ "seed": 16945 },{ "seed": 16958 },{ "seed": 16968 },{ "seed": 16992 },{ "seed": 17011 },{ "seed": 17019 },{ "seed": 17030 },{ "seed": 17093 },{ "seed": 17110 },{ "seed": 17113 },{ "seed": 17143 },{ "seed": 17146 },{ "seed": 17172 },{ "seed": 17179 },{ "seed": 17185 },{ "seed": 17219 },{ "seed": 17222 },{ "seed": 17231 },{ "seed": 17244 },{ "seed": 17258 },{ "seed": 17334 },{ "seed": 17356 },{ "seed": 17368 },{ "seed": 17434 },{ "seed": 17460 },{ "seed": 17504 },{ "seed": 17505 },{ "seed": 17532 },{ "seed": 17555 },{ "seed": 17565 },{ "seed": 17596 },{ "seed": 17610 },{ "seed": 17657 },{ "seed": 17678 },{ "seed": 17681 },{ "seed": 17746 },{ "seed": 17759 },{ "seed": 17783 },{ "seed": 17836 },{ "seed": 17851 },{ "seed": 17884 },{ "seed": 17885 },{ "seed": 17958 },{ "seed": 17975 },{ "seed": 18076 },{ "seed": 18122 },{ "seed": 18189 },{ "seed": 18194 },{ "seed": 18221 },{ "seed": 18243 },{ "seed": 18339 },{ "seed": 18362 },{ "seed": 18387 },{ "seed": 18390 },{ "seed": 18404 },{ "seed": 18424 },{ "seed": 18477 },{ "seed": 18523 },{ "seed": 18566 },{ "seed": 18619 },{ "seed": 18638 },{ "seed": 18688 },{ "seed": 18696 },{ "seed": 18715 },{ "seed": 18730 },{ "seed": 18753 },{ "seed": 18794 },{ "seed": 18801 },{ "seed": 18825 },{ "seed": 18844 },{ "seed": 18847 },{ "seed": 18877 },{ "seed": 18897 },{ "seed": 18941 },{ "seed": 18972 },{ "seed": 18996 },{ "seed": 18998 },{ "seed": 19018 },{ "seed": 19035 },{ "seed": 19073 },{ "seed": 19076 },{ "seed": 19134 },{ "seed": 19142 },{ "seed": 19153 },{ "seed": 19177 },{ "seed": 19193 },{ "seed": 19195 },{ "seed": 19214 },{ "seed": 19270 },{ "seed": 19301 },{ "seed": 19306 },{ "seed": 19334 },{ "seed": 19335 },{ "seed": 19356 },{ "seed": 19361 },{ "seed": 19366 },{ "seed": 19377 },{ "seed": 19378 },{ "seed": 19421 },{ "seed": 19428 },{ "seed": 19432 },{ "seed": 19469 },{ "seed": 19509 },{ "seed": 19515 },{ "seed": 19531 },{ "seed": 19549 },{ "seed": 19621 },{ "seed": 19675 },{ "seed": 19688 },{ "seed": 19701 },{ "seed": 19708 },{ "seed": 19709 },{ "seed": 19720 },{ "seed": 19767 },{ "seed": 19811 },{ "seed": 19816 },{ "seed": 19865 },{ "seed": 19870 },{ "seed": 19886 },{ "seed": 19903 },{ "seed": 19904 },{ "seed": 19980 },{ "seed": 19988 },{ "seed": 20025 },{ "seed": 20081 },{ "seed": 20096 },{ "seed": 20105 },{ "seed": 20116 },{ "seed": 20154 },{ "seed": 20163 },{ "seed": 20187 },{ "seed": 20225 },{ "seed": 20231 },{ "seed": 20237 },{ "seed": 20250 },{ "seed": 20292 },{ "seed": 20321 },{ "seed": 20334 },{ "seed": 20439 },{ "seed": 20502 },{ "seed": 20531 },{ "seed": 20604 },{ "seed": 20613 },{ "seed": 20632 },{ "seed": 20643 },{ "seed": 20650 },{ "seed": 20678 },{ "seed": 20698 },{ "seed": 20717 },{ "seed": 20735 },{ "seed": 20765 },{ "seed": 20766 },{ "seed": 20840 },{ "seed": 20843 },{ "seed": 20848 },{ "seed": 20851 },{ "seed": 20860 },{ "seed": 20885 },{ "seed": 20916 },{ "seed": 20929 },{ "seed": 20964 },{ "seed": 20981 },{ "seed": 20986 },{ "seed": 21037 },{ "seed": 21072 },{ "seed": 21123 },{ "seed": 21126 },{ "seed": 21142 },{ "seed": 21245 },{ "seed": 21253 },{ "seed": 21262 },{ "seed": 21263 },{ "seed": 21340 },{ "seed": 21346 },{ "seed": 21347 },{ "seed": 21355 },{ "seed": 21383 },{ "seed": 21405 },{ "seed": 21407 },{ "seed": 21461 },{ "seed": 21472 },{ "seed": 21510 },{ "seed": 21533 },{ "seed": 21558 },{ "seed": 21564 },{ "seed": 21590 },{ "seed": 21608 },{ "seed": 21625 },{ "seed": 21666 },{ "seed": 21710 },{ "seed": 21735 },{ "seed": 21763 },{ "seed": 21787 },{ "seed": 21817 },{ "seed": 21820 },{ "seed": 21892 },{ "seed": 21899 },{ "seed": 21903 },{ "seed": 21911 },{ "seed": 21915 },{ "seed": 21946 },{ "seed": 21948 },{ "seed": 21950 },{ "seed": 21976 },{ "seed": 22075 },{ "seed": 22169 },{ "seed": 22188 },{ "seed": 22216 },{ "seed": 22225 },{ "seed": 22296 },{ "seed": 22362 },{ "seed": 22378 },{ "seed": 22406 },{ "seed": 22450 },{ "seed": 22476 },{ "seed": 22488 },{ "seed": 22539 },{ "seed": 22542 },{ "seed": 22563 },{ "seed": 22610 },{ "seed": 22627 },{ "seed": 22647 },{ "seed": 22664 },{ "seed": 22666 },{ "seed": 22678 },{ "seed": 22683 },{ "seed": 22703 },{ "seed": 22706 },{ "seed": 22718 },{ "seed": 22719 },{ "seed": 22732 },{ "seed": 22736 },{ "seed": 22789 },{ "seed": 22791 },{ "seed": 22840 },{ "seed": 22841 },{ "seed": 22860 },{ "seed": 22885 },{ "seed": 22900 },{ "seed": 22928 },{ "seed": 22955 },{ "seed": 22969 },{ "seed": 22992 },{ "seed": 23057 },{ "seed": 23089 },{ "seed": 23111 },{ "seed": 23118 },{ "seed": 23123 },{ "seed": 23230 },{ "seed": 23249 },{ "seed": 23288 },{ "seed": 23310 },{ "seed": 23314 },{ "seed": 23336 },{ "seed": 23337 },{ "seed": 23345 },{ "seed": 23377 },{ "seed": 23378 },{ "seed": 23389 },{ "seed": 23392 },{ "seed": 23426 },{ "seed": 23437 },{ "seed": 23449 },{ "seed": 23450 },{ "seed": 23458 },{ "seed": 23470 },{ "seed": 23485 },{ "seed": 23487 },{ "seed": 23516 },{ "seed": 23517 },{ "seed": 23524 },{ "seed": 23547 },{ "seed": 23557 },{ "seed": 23612 },{ "seed": 23626 },{ "seed": 23705 },{ "seed": 23716 },{ "seed": 23729 },{ "seed": 23765 },{ "seed": 23788 },{ "seed": 23797 },{ "seed": 23816 },{ "seed": 23861 },{ "seed": 23951 },{ "seed": 23993 },{ "seed": 24005 },{ "seed": 24009 },{ "seed": 24011 },{ "seed": 24026 },{ "seed": 24034 },{ "seed": 24038 },{ "seed": 24044 },{ "seed": 24087 },{ "seed": 24094 },{ "seed": 24097 },{ "seed": 24105 },{ "seed": 24106 },{ "seed": 24215 },{ "seed": 24224 },{ "seed": 24240 },{ "seed": 24260 },{ "seed": 24281 },{ "seed": 24287 },{ "seed": 24288 },{ "seed": 24325 },{ "seed": 24336 },{ "seed": 24381 },{ "seed": 24394 },{ "seed": 24438 },{ "seed": 24439 },{ "seed": 24443 },{ "seed": 24476 },{ "seed": 24478 },{ "seed": 24485 },{ "seed": 24509 },{ "seed": 24535 },{ "seed": 24557 },{ "seed": 24579 },{ "seed": 24602 },{ "seed": 24629 },{ "seed": 24707 },{ "seed": 24717 },{ "seed": 24725 },{ "seed": 24746 },{ "seed": 24780 },{ "seed": 24814 },{ "seed": 24831 },{ "seed": 24839 },{ "seed": 24889 },{ "seed": 24903 },{ "seed": 24907 },{ "seed": 24925 },{ "seed": 24969 },{ "seed": 24983 },{ "seed": 24988 },{ "seed": 24995 },{ "seed": 25015 },{ "seed": 25075 },{ "seed": 25114 },{ "seed": 25117 },{ "seed": 25123 },{ "seed": 25137 },{ "seed": 25146 },{ "seed": 25184 },{ "seed": 25204 },{ "seed": 25215 },{ "seed": 25226 },{ "seed": 25247 },{ "seed": 25334 },{ "seed": 25354 },{ "seed": 25360 },{ "seed": 25372 },{ "seed": 25430 },{ "seed": 25437 },{ "seed": 25467 },{ "seed": 25484 },{ "seed": 25489 },{ "seed": 25504 },{ "seed": 25509 },{ "seed": 25537 },{ "seed": 25559 },{ "seed": 25563 },{ "seed": 25629 },{ "seed": 25651 },{ "seed": 25692 },{ "seed": 25702 },{ "seed": 25719 },{ "seed": 25746 },{ "seed": 25755 },{ "seed": 25816 },{ "seed": 25825 },{ "seed": 25865 },{ "seed": 25884 },{ "seed": 25886 },{ "seed": 25890 },{ "seed": 25902 },{ "seed": 25923 },{ "seed": 25938 },{ "seed": 25950 },{ "seed": 25952 },{ "seed": 25960 },{ "seed": 25978 },{ "seed": 26023 },{ "seed": 26033 },{ "seed": 26073 },{ "seed": 26152 },{ "seed": 26190 },{ "seed": 26197 },{ "seed": 26200 },{ "seed": 26207 },{ "seed": 26230 },{ "seed": 26251 },{ "seed": 26255 },{ "seed": 26261 },{ "seed": 26283 },{ "seed": 26321 },{ "seed": 26339 },{ "seed": 26346 },{ "seed": 26377 },{ "seed": 26387 },{ "seed": 26389 },{ "seed": 26396 },{ "seed": 26428 },{ "seed": 26459 },{ "seed": 26479 },{ "seed": 26491 },{ "seed": 26509 },{ "seed": 26528 },{ "seed": 26575 },{ "seed": 26600 },{ "seed": 26609 },{ "seed": 26612 },{ "seed": 26657 },{ "seed": 26671 },{ "seed": 26698 },{ "seed": 26705 },{ "seed": 26752 },{ "seed": 26768 },{ "seed": 26804 },{ "seed": 26828 },{ "seed": 26838 },{ "seed": 26952 },{ "seed": 26957 },{ "seed": 26986 },{ "seed": 27008 },{ "seed": 27013 },{ "seed": 27026 },{ "seed": 27056 },{ "seed": 27099 },{ "seed": 27132 },{ "seed": 27150 },{ "seed": 27154 },{ "seed": 27163 },{ "seed": 27188 },{ "seed": 27199 },{ "seed": 27244 },{ "seed": 27249 },{ "seed": 27260 },{ "seed": 27284 },{ "seed": 27326 },{ "seed": 27337 },{ "seed": 27340 },{ "seed": 27363 },{ "seed": 27382 },{ "seed": 27392 },{ "seed": 27396 },{ "seed": 27407 },{ "seed": 27444 },{ "seed": 27456 },{ "seed": 27457 },{ "seed": 27473 },{ "seed": 27518 },{ "seed": 27534 },{ "seed": 27540 },{ "seed": 27586 },{ "seed": 27590 },{ "seed": 27599 },{ "seed": 27607 },{ "seed": 27616 },{ "seed": 27629 },{ "seed": 27634 },{ "seed": 27637 },{ "seed": 27647 },{ "seed": 27680 },{ "seed": 27694 },{ "seed": 27698 },{ "seed": 27706 },{ "seed": 27716 },{ "seed": 27720 },{ "seed": 27728 },{ "seed": 27794 },{ "seed": 27797 },{ "seed": 27810 },{ "seed": 27818 },{ "seed": 27827 },{ "seed": 27878 },{ "seed": 27881 },{ "seed": 27892 },{ "seed": 27934 },{ "seed": 27946 },{ "seed": 27954 },{ "seed": 27994 },{ "seed": 28024 },{ "seed": 28107 },{ "seed": 28152 },{ "seed": 28155 },{ "seed": 28170 },{ "seed": 28178 },{ "seed": 28208 },{ "seed": 28258 },{ "seed": 28286 },{ "seed": 28294 },{ "seed": 28342 },{ "seed": 28377 },{ "seed": 28401 },{ "seed": 28431 },{ "seed": 28437 },{ "seed": 28449 },{ "seed": 28532 },{ "seed": 28533 },{ "seed": 28563 },{ "seed": 28564 },{ "seed": 28615 },{ "seed": 28656 },{ "seed": 28681 },{ "seed": 28684 },{ "seed": 28710 },{ "seed": 28732 },{ "seed": 28780 },{ "seed": 28788 },{ "seed": 28791 },{ "seed": 28814 },{ "seed": 28823 },{ "seed": 28827 },{ "seed": 28858 },{ "seed": 28886 },{ "seed": 28922 },{ "seed": 28969 },{ "seed": 28976 },{ "seed": 28989 },{ "seed": 29046 },{ "seed": 29067 },{ "seed": 29083 },{ "seed": 29088 },{ "seed": 29099 },{ "seed": 29124 },{ "seed": 29149 },{ "seed": 29161 },{ "seed": 29236 },{ "seed": 29248 },{ "seed": 29289 },{ "seed": 29290 },{ "seed": 29295 },{ "seed": 29307 },{ "seed": 29344 },{ "seed": 29358 },{ "seed": 29369 },{ "seed": 29392 },{ "seed": 29434 },{ "seed": 29436 },{ "seed": 29452 },{ "seed": 29455 },{ "seed": 29480 },{ "seed": 29499 },{ "seed": 29530 },{ "seed": 29543 },{ "seed": 29617 },{ "seed": 29639 },{ "seed": 29644 },{ "seed": 29656 },{ "seed": 29672 },{ "seed": 29674 },{ "seed": 29676 },{ "seed": 29737 },{ "seed": 29744 },{ "seed": 29751 },{ "seed": 29753 },{ "seed": 29786 },{ "seed": 29816 },{ "seed": 29822 },{ "seed": 29871 },{ "seed": 29877 },{ "seed": 30058 },{ "seed": 30066 },{ "seed": 30099 },{ "seed": 30107 },{ "seed": 30119 },{ "seed": 30120 },{ "seed": 30155 },{ "seed": 30166 },{ "seed": 30187 },{ "seed": 30199 },{ "seed": 30202 },{ "seed": 30242 },{ "seed": 30285 },{ "seed": 30347 },{ "seed": 30466 },{ "seed": 30479 },{ "seed": 30540 },{ "seed": 30552 },{ "seed": 30615 },{ "seed": 30672 },{ "seed": 30678 },{ "seed": 30707 },{ "seed": 30732 },{ "seed": 30740 },{ "seed": 30748 },{ "seed": 30765 },{ "seed": 30767 },{ "seed": 30801 },{ "seed": 30875 },{ "seed": 30907 },{ "seed": 30908 },{ "seed": 30914 },{ "seed": 30921 },{ "seed": 30931 },{ "seed": 30938 },{ "seed": 31025 },{ "seed": 31029 },{ "seed": 31094 },{ "seed": 31112 },{ "seed": 31123 },{ "seed": 31135 },{ "seed": 31136 },{ "seed": 31158 },{ "seed": 31173 },{ "seed": 31226 },{ "seed": 31259 },{ "seed": 31296 },{ "seed": 31336 },{ "seed": 31411 },{ "seed": 31486 },{ "seed": 31491 },{ "seed": 31528 },{ "seed": 31545 },{ "seed": 31572 },{ "seed": 31582 },{ "seed": 31624 },{ "seed": 31637 },{ "seed": 31651 },{ "seed": 31658 },{ "seed": 31663 },{ "seed": 31677 },{ "seed": 31685 },{ "seed": 31742 },{ "seed": 31764 },{ "seed": 31799 },{ "seed": 31848 },{ "seed": 31873 },{ "seed": 31911 },{ "seed": 31946 },{ "seed": 31964 },{ "seed": 32009 },{ "seed": 32028 },{ "seed": 32066 },{ "seed": 32075 },{ "seed": 32094 },{ "seed": 32146 },{ "seed": 32156 },{ "seed": 32190 },{ "seed": 32214 },{ "seed": 32229 },{ "seed": 32263 },{ "seed": 32272 },{ "seed": 32310 },{ "seed": 32313 },{ "seed": 32332 },{ "seed": 32335 },{ "seed": 32402 },{ "seed": 32413 },{ "seed": 32418 },{ "seed": 32421 },{ "seed": 32481 },{ "seed": 32498 },{ "seed": 32505 },{ "seed": 32520 },{ "seed": 32548 },{ "seed": 32551 },{ "seed": 32556 },{ "seed": 32575 },{ "seed": 32615 },{ "seed": 32633 },{ "seed": 32647 },{ "seed": 32679 },{ "seed": 32698 },{ "seed": 32711 },{ "seed": 32731 },{ "seed": 32736 },{ "seed": 32759 },{ "seed": 32796 },{ "seed": 32837 },{ "seed": 32850 },{ "seed": 32854 },{ "seed": 32873 },{ "seed": 32887 },{ "seed": 32899 },{ "seed": 32903 },{ "seed": 32905 },{ "seed": 32926 },{ "seed": 32937 },{ "seed": 33038 },{ "seed": 33061 },{ "seed": 33066 },{ "seed": 33069 },{ "seed": 33084 },{ "seed": 33110 },{ "seed": 33113 },{ "seed": 33154 },{ "seed": 33165 },{ "seed": 33191 },{ "seed": 33200 },{ "seed": 33206 },{ "seed": 33257 },{ "seed": 33265 },{ "seed": 33266 },{ "seed": 33272 },{ "seed": 33319 },{ "seed": 33322 },{ "seed": 33379 },{ "seed": 33382 },{ "seed": 33392 },{ "seed": 33394 },{ "seed": 33398 },{ "seed": 33433 },{ "seed": 33454 },{ "seed": 33465 },{ "seed": 33507 },{ "seed": 33530 },{ "seed": 33534 },{ "seed": 33540 },{ "seed": 33605 },{ "seed": 33608 },{ "seed": 33609 },{ "seed": 33621 },{ "seed": 33630 },{ "seed": 33638 },{ "seed": 33651 },{ "seed": 33652 },{ "seed": 33666 },{ "seed": 33702 },{ "seed": 33717 },{ "seed": 33720 },{ "seed": 33757 },{ "seed": 33763 },{ "seed": 33765 },{ "seed": 33771 },{ "seed": 33776 },{ "seed": 33875 },{ "seed": 33915 },{ "seed": 33931 },{ "seed": 33968 },{ "seed": 33981 },{ "seed": 33997 },{ "seed": 34052 },{ "seed": 34054 },{ "seed": 34099 },{ "seed": 34115 },{ "seed": 34138 },{ "seed": 34174 },{ "seed": 34238 },{ "seed": 34239 },{ "seed": 34246 },{ "seed": 34269 },{ "seed": 34296 },{ "seed": 34303 },{ "seed": 34308 },{ "seed": 34357 },{ "seed": 34419 },{ "seed": 34429 },{ "seed": 34448 },{ "seed": 34468 },{ "seed": 34616 },{ "seed": 34630 },{ "seed": 34632 },{ "seed": 34649 },{ "seed": 34678 },{ "seed": 34745 },{ "seed": 34769 },{ "seed": 34809 },{ "seed": 34814 },{ "seed": 34821 },{ "seed": 34889 },{ "seed": 34903 },{ "seed": 34906 },{ "seed": 34916 },{ "seed": 34940 },{ "seed": 34960 },{ "seed": 34963 },{ "seed": 34984 },{ "seed": 35045 },{ "seed": 35047 },{ "seed": 35086 },{ "seed": 35099 },{ "seed": 35203 },{ "seed": 35207 },{ "seed": 35221 },{ "seed": 35240 },{ "seed": 35286 },{ "seed": 35303 },{ "seed": 35313 },{ "seed": 35354 },{ "seed": 35357 },{ "seed": 35372 },{ "seed": 35458 },{ "seed": 35475 },{ "seed": 35493 },{ "seed": 35540 },{ "seed": 35568 },{ "seed": 35570 },{ "seed": 35608 },{ "seed": 35632 },{ "seed": 35635 },{ "seed": 35655 },{ "seed": 35659 },{ "seed": 35713 },{ "seed": 35714 },{ "seed": 35719 },{ "seed": 35727 },{ "seed": 35733 },{ "seed": 35805 },{ "seed": 35865 },{ "seed": 35897 },{ "seed": 35921 },{ "seed": 35932 },{ "seed": 36013 },{ "seed": 36024 },{ "seed": 36030 },{ "seed": 36059 },{ "seed": 36080 },{ "seed": 36113 },{ "seed": 36123 },{ "seed": 36155 },{ "seed": 36163 },{ "seed": 36178 },{ "seed": 36181 },{ "seed": 36225 },{ "seed": 36237 },{ "seed": 36239 },{ "seed": 36291 },{ "seed": 36315 },{ "seed": 36317 },{ "seed": 36335 },{ "seed": 36351 },{ "seed": 36385 },{ "seed": 36405 },{ "seed": 36414 },{ "seed": 36421 },{ "seed": 36487 },{ "seed": 36506 },{ "seed": 36535 },{ "seed": 36555 },{ "seed": 36578 },{ "seed": 36585 },{ "seed": 36587 },{ "seed": 36598 },{ "seed": 36614 },{ "seed": 36627 },{ "seed": 36672 },{ "seed": 36683 },{ "seed": 36723 },{ "seed": 36724 },{ "seed": 36750 },{ "seed": 36752 },{ "seed": 36755 },{ "seed": 36762 },{ "seed": 36771 },{ "seed": 36811 },{ "seed": 36825 },{ "seed": 36834 },{ "seed": 36891 },{ "seed": 36897 },{ "seed": 36909 },{ "seed": 36939 },{ "seed": 36961 },{ "seed": 36982 },{ "seed": 37004 },{ "seed": 37011 },{ "seed": 37013 },{ "seed": 37025 },{ "seed": 37041 },{ "seed": 37057 },{ "seed": 37061 },{ "seed": 37077 },{ "seed": 37085 },{ "seed": 37138 },{ "seed": 37141 },{ "seed": 37144 },{ "seed": 37249 },{ "seed": 37253 },{ "seed": 37259 },{ "seed": 37266 },{ "seed": 37280 },{ "seed": 37283 },{ "seed": 37311 },{ "seed": 37326 },{ "seed": 37363 },{ "seed": 37375 },{ "seed": 37396 },{ "seed": 37414 },{ "seed": 37452 },{ "seed": 37465 },{ "seed": 37572 },{ "seed": 37582 },{ "seed": 37585 },{ "seed": 37622 },{ "seed": 37655 },{ "seed": 37663 },{ "seed": 37670 },{ "seed": 37684 },{ "seed": 37717 },{ "seed": 37748 },{ "seed": 37758 },{ "seed": 37776 },{ "seed": 37824 },{ "seed": 37840 },{ "seed": 37853 },{ "seed": 37854 },{ "seed": 37876 },{ "seed": 37898 },{ "seed": 37904 },{ "seed": 37924 },{ "seed": 37932 },{ "seed": 37933 },{ "seed": 37956 },{ "seed": 38051 },{ "seed": 38067 },{ "seed": 38071 },{ "seed": 38122 },{ "seed": 38123 },{ "seed": 38149 },{ "seed": 38164 },{ "seed": 38172 },{ "seed": 38276 },{ "seed": 38288 },{ "seed": 38295 },{ "seed": 38315 },{ "seed": 38339 },{ "seed": 38349 },{ "seed": 38436 },{ "seed": 38469 },{ "seed": 38474 },{ "seed": 38484 },{ "seed": 38494 },{ "seed": 38511 },{ "seed": 38535 },{ "seed": 38540 },{ "seed": 38566 },{ "seed": 38580 },{ "seed": 38593 },{ "seed": 38599 },{ "seed": 38633 },{ "seed": 38653 },{ "seed": 38678 },{ "seed": 38699 },{ "seed": 38733 },{ "seed": 38738 },{ "seed": 38792 },{ "seed": 38801 },{ "seed": 38861 },{ "seed": 38872 },{ "seed": 38892 },{ "seed": 38896 },{ "seed": 38917 },{ "seed": 38924 },{ "seed": 38938 },{ "seed": 38942 },{ "seed": 38954 },{ "seed": 38960 },{ "seed": 38961 },{ "seed": 38971 },{ "seed": 39064 },{ "seed": 39093 },{ "seed": 39112 },{ "seed": 39114 },{ "seed": 39132 },{ "seed": 39158 },{ "seed": 39188 },{ "seed": 39219 },{ "seed": 39251 },{ "seed": 39263 },{ "seed": 39274 },{ "seed": 39279 },{ "seed": 39321 },{ "seed": 39324 },{ "seed": 39342 },{ "seed": 39344 },{ "seed": 39352 },{ "seed": 39363 },{ "seed": 39379 },{ "seed": 39415 },{ "seed": 39441 },{ "seed": 39448 },{ "seed": 39460 },{ "seed": 39474 },{ "seed": 39481 },{ "seed": 39487 },{ "seed": 39534 },{ "seed": 39628 },{ "seed": 39634 },{ "seed": 39648 },{ "seed": 39655 },{ "seed": 39707 },{ "seed": 39748 },{ "seed": 39755 },{ "seed": 39817 },{ "seed": 39820 },{ "seed": 39874 },{ "seed": 39896 },{ "seed": 39932 },{ "seed": 39943 },{ "seed": 39980 },{ "seed": 39983 },{ "seed": 40011 },{ "seed": 40042 },{ "seed": 40087 },{ "seed": 40102 },{ "seed": 40112 },{ "seed": 40127 },{ "seed": 40159 },{ "seed": 40224 },{ "seed": 40229 },{ "seed": 40237 },{ "seed": 40259 },{ "seed": 40267 },{ "seed": 40288 },{ "seed": 40291 },{ "seed": 40297 },{ "seed": 40304 },{ "seed": 40314 },{ "seed": 40332 },{ "seed": 40341 },{ "seed": 40363 },{ "seed": 40401 },{ "seed": 40414 },{ "seed": 40422 },{ "seed": 40472 },{ "seed": 40482 },{ "seed": 40564 },{ "seed": 40574 },{ "seed": 40605 },{ "seed": 40627 },{ "seed": 40634 },{ "seed": 40692 },{ "seed": 40694 },{ "seed": 40710 },{ "seed": 40725 },{ "seed": 40753 },{ "seed": 40759 },{ "seed": 40784 },{ "seed": 40789 },{ "seed": 40817 },{ "seed": 40821 },{ "seed": 40853 },{ "seed": 40875 },{ "seed": 40878 },{ "seed": 40890 },{ "seed": 40905 },{ "seed": 40913 },{ "seed": 40947 },{ "seed": 40955 },{ "seed": 40973 },{ "seed": 41026 },{ "seed": 41068 },{ "seed": 41133 },{ "seed": 41166 },{ "seed": 41175 },{ "seed": 41203 },{ "seed": 41225 },{ "seed": 41228 },{ "seed": 41242 },{ "seed": 41257 },{ "seed": 41262 },{ "seed": 41272 },{ "seed": 41277 },{ "seed": 41287 },{ "seed": 41295 },{ "seed": 41308 },{ "seed": 41318 },{ "seed": 41328 },{ "seed": 41336 },{ "seed": 41337 },{ "seed": 41341 },{ "seed": 41365 },{ "seed": 41409 },{ "seed": 41426 },{ "seed": 41444 },{ "seed": 41476 },{ "seed": 41508 },{ "seed": 41520 },{ "seed": 41624 },{ "seed": 41679 },{ "seed": 41686 },{ "seed": 41693 },{ "seed": 41754 },{ "seed": 41772 },{ "seed": 41786 },{ "seed": 41801 },{ "seed": 41888 },{ "seed": 41894 },{ "seed": 42169 },{ "seed": 42184 },{ "seed": 42197 },{ "seed": 42231 },{ "seed": 42270 },{ "seed": 42288 },{ "seed": 42298 },{ "seed": 42308 },{ "seed": 42332 },{ "seed": 42338 },{ "seed": 42339 },{ "seed": 42347 },{ "seed": 42447 },{ "seed": 42466 },{ "seed": 42539 },{ "seed": 42560 },{ "seed": 42565 },{ "seed": 42598 },{ "seed": 42605 },{ "seed": 42616 },{ "seed": 42623 },{ "seed": 42646 },{ "seed": 42650 },{ "seed": 42660 },{ "seed": 42716 },{ "seed": 42721 },{ "seed": 42774 },{ "seed": 42798 },{ "seed": 42806 },{ "seed": 42817 },{ "seed": 42834 },{ "seed": 42841 },{ "seed": 42869 },{ "seed": 42878 },{ "seed": 42879 },{ "seed": 42882 },{ "seed": 42900 },{ "seed": 42960 },{ "seed": 42975 },{ "seed": 43018 },{ "seed": 43037 },{ "seed": 43063 },{ "seed": 43069 },{ "seed": 43071 },{ "seed": 43106 },{ "seed": 43128 },{ "seed": 43146 },{ "seed": 43158 },{ "seed": 43249 },{ "seed": 43267 },{ "seed": 43274 },{ "seed": 43281 },{ "seed": 43282 },{ "seed": 43313 },{ "seed": 43326 },{ "seed": 43348 },{ "seed": 43360 },{ "seed": 43429 },{ "seed": 43437 },{ "seed": 43441 },{ "seed": 43453 },{ "seed": 43458 },{ "seed": 43459 },{ "seed": 43460 },{ "seed": 43485 },{ "seed": 43493 },{ "seed": 43498 },{ "seed": 43549 },{ "seed": 43575 },{ "seed": 43576 },{ "seed": 43612 },{ "seed": 43619 },{ "seed": 43624 },{ "seed": 43632 },{ "seed": 43650 },{ "seed": 43680 },{ "seed": 43688 },{ "seed": 43699 },{ "seed": 43703 },{ "seed": 43721 },{ "seed": 43753 },{ "seed": 43843 },{ "seed": 43871 },{ "seed": 43924 },{ "seed": 43933 },{ "seed": 43946 },{ "seed": 43976 },{ "seed": 43996 },{ "seed": 44009 },{ "seed": 44011 },{ "seed": 44012 },{ "seed": 44015 },{ "seed": 44071 },{ "seed": 44077 },{ "seed": 44085 },{ "seed": 44108 },{ "seed": 44128 },{ "seed": 44148 },{ "seed": 44170 },{ "seed": 44205 },{ "seed": 44224 },{ "seed": 44235 },{ "seed": 44238 },{ "seed": 44265 },{ "seed": 44298 },{ "seed": 44303 },{ "seed": 44307 },{ "seed": 44323 },{ "seed": 44344 },{ "seed": 44368 },{ "seed": 44448 },{ "seed": 44457 },{ "seed": 44493 },{ "seed": 44499 },{ "seed": 44515 },{ "seed": 44536 },{ "seed": 44555 },{ "seed": 44562 },{ "seed": 44571 },{ "seed": 44584 },{ "seed": 44605 },{ "seed": 44640 },{ "seed": 44687 },{ "seed": 44703 },{ "seed": 44716 },{ "seed": 44731 },{ "seed": 44733 },{ "seed": 44755 },{ "seed": 44763 },{ "seed": 44806 },{ "seed": 44884 },{ "seed": 44889 },{ "seed": 44937 },{ "seed": 44960 },{ "seed": 44964 },{ "seed": 44990 },{ "seed": 45017 },{ "seed": 45021 },{ "seed": 45029 },{ "seed": 45048 },{ "seed": 45070 },{ "seed": 45090 },{ "seed": 45179 },{ "seed": 45181 },{ "seed": 45186 },{ "seed": 45212 },{ "seed": 45228 },{ "seed": 45331 },{ "seed": 45341 },{ "seed": 45398 },{ "seed": 45406 },{ "seed": 45420 },{ "seed": 45444 },{ "seed": 45476 },{ "seed": 45490 },{ "seed": 45499 },{ "seed": 45540 },{ "seed": 45543 },{ "seed": 45578 },{ "seed": 45601 },{ "seed": 45627 },{ "seed": 45649 },{ "seed": 45653 },{ "seed": 45666 },{ "seed": 45697 },{ "seed": 45714 },{ "seed": 45788 },{ "seed": 45875 },{ "seed": 45979 },{ "seed": 45988 },{ "seed": 46013 },{ "seed": 46021 },{ "seed": 46043 },{ "seed": 46091 },{ "seed": 46122 },{ "seed": 46145 },{ "seed": 46164 },{ "seed": 46184 },{ "seed": 46192 },{ "seed": 46222 },{ "seed": 46224 },{ "seed": 46238 },{ "seed": 46249 },{ "seed": 46263 },{ "seed": 46321 },{ "seed": 46337 },{ "seed": 46359 },{ "seed": 46362 },{ "seed": 46366 },{ "seed": 46372 },{ "seed": 46399 },{ "seed": 46427 },{ "seed": 46526 },{ "seed": 46534 },{ "seed": 46559 },{ "seed": 46609 },{ "seed": 46618 },{ "seed": 46631 },{ "seed": 46659 },{ "seed": 46668 },{ "seed": 46717 },{ "seed": 46738 },{ "seed": 46749 },{ "seed": 46783 },{ "seed": 46823 },{ "seed": 46859 },{ "seed": 46867 },{ "seed": 46880 },{ "seed": 46916 },{ "seed": 46923 },{ "seed": 46941 },{ "seed": 46962 },{ "seed": 46989 },{ "seed": 46991 },{ "seed": 47017 },{ "seed": 47022 },{ "seed": 47033 },{ "seed": 47041 },{ "seed": 47042 },{ "seed": 47043 },{ "seed": 47044 },{ "seed": 47084 },{ "seed": 47093 },{ "seed": 47136 },{ "seed": 47145 },{ "seed": 47148 },{ "seed": 47171 },{ "seed": 47172 },{ "seed": 47228 },{ "seed": 47257 },{ "seed": 47309 },{ "seed": 47314 },{ "seed": 47378 },{ "seed": 47396 },{ "seed": 47397 },{ "seed": 47400 },{ "seed": 47421 },{ "seed": 47441 },{ "seed": 47459 },{ "seed": 47477 },{ "seed": 47505 },{ "seed": 47514 },{ "seed": 47521 },{ "seed": 47536 },{ "seed": 47543 },{ "seed": 47555 },{ "seed": 47556 },{ "seed": 47581 },{ "seed": 47589 },{ "seed": 47604 },{ "seed": 47727 },{ "seed": 47764 },{ "seed": 47785 },{ "seed": 47804 },{ "seed": 47829 },{ "seed": 47854 },{ "seed": 47870 },{ "seed": 47886 },{ "seed": 47926 },{ "seed": 47960 },{ "seed": 47980 },{ "seed": 47995 },{ "seed": 48026 },{ "seed": 48039 },{ "seed": 48045 },{ "seed": 48050 },{ "seed": 48064 },{ "seed": 48090 },{ "seed": 48109 },{ "seed": 48133 },{ "seed": 48175 },{ "seed": 48178 },{ "seed": 48190 },{ "seed": 48195 },{ "seed": 48201 },{ "seed": 48240 },{ "seed": 48279 },{ "seed": 48281 },{ "seed": 48315 },{ "seed": 48319 },{ "seed": 48378 },{ "seed": 48395 },{ "seed": 48434 },{ "seed": 48445 },{ "seed": 48456 },{ "seed": 48471 },{ "seed": 48485 },{ "seed": 48495 },{ "seed": 48498 },{ "seed": 48506 },{ "seed": 48525 },{ "seed": 48537 },{ "seed": 48550 },{ "seed": 48552 },{ "seed": 48626 },{ "seed": 48632 },{ "seed": 48662 },{ "seed": 48663 },{ "seed": 48679 },{ "seed": 48690 },{ "seed": 48691 },{ "seed": 48720 },{ "seed": 48724 },{ "seed": 48729 },{ "seed": 48764 },{ "seed": 48776 },{ "seed": 48822 },{ "seed": 48845 },{ "seed": 48859 },{ "seed": 48898 },{ "seed": 48915 },{ "seed": 48919 },{ "seed": 48948 },{ "seed": 48976 },{ "seed": 49003 },{ "seed": 49004 },{ "seed": 49021 },{ "seed": 49027 },{ "seed": 49031 },{ "seed": 49061 },{ "seed": 49113 },{ "seed": 49120 },{ "seed": 49121 },{ "seed": 49127 },{ "seed": 49131 },{ "seed": 49138 },{ "seed": 49177 },{ "seed": 49181 },{ "seed": 49184 },{ "seed": 49199 },{ "seed": 49200 },{ "seed": 49202 },{ "seed": 49213 },{ "seed": 49220 },{ "seed": 49259 },{ "seed": 49318 },{ "seed": 49331 },{ "seed": 49376 },{ "seed": 49392 },{ "seed": 49405 },{ "seed": 49435 },{ "seed": 49490 },{ "seed": 49494 },{ "seed": 49503 },{ "seed": 49509 },{ "seed": 49522 },{ "seed": 49539 },{ "seed": 49542 },{ "seed": 49557 },{ "seed": 49582 },{ "seed": 49611 },{ "seed": 49627 },{ "seed": 49631 },{ "seed": 49682 },{ "seed": 49704 },{ "seed": 49734 },{ "seed": 49749 },{ "seed": 49796 },{ "seed": 49799 },{ "seed": 49801 },{ "seed": 49842 },{ "seed": 49852 },{ "seed": 49855 },{ "seed": 49860 },{ "seed": 49884 },{ "seed": 49894 },{ "seed": 49919 },{ "seed": 49931 },{ "seed": 49945 },{ "seed": 49964 },{ "seed": 49978 },{ "seed": 49997 },{ "seed": 50065 },{ "seed": 50092 },{ "seed": 50131 },{ "seed": 50177 },{ "seed": 50236 },{ "seed": 50241 },{ "seed": 50274 },{ "seed": 50296 },{ "seed": 50300 },{ "seed": 50315 },{ "seed": 50321 },{ "seed": 50322 },{ "seed": 50356 },{ "seed": 50367 },{ "seed": 50371 },{ "seed": 50374 },{ "seed": 50408 },{ "seed": 50439 },{ "seed": 50469 },{ "seed": 50478 },{ "seed": 50479 },{ "seed": 50535 },{ "seed": 50540 },{ "seed": 50571 },{ "seed": 50605 },{ "seed": 50627 },{ "seed": 50656 },{ "seed": 50708 },{ "seed": 50713 },{ "seed": 50725 },{ "seed": 50780 },{ "seed": 50790 },{ "seed": 50816 },{ "seed": 50869 },{ "seed": 50891 },{ "seed": 50974 },{ "seed": 50983 },{ "seed": 51022 },{ "seed": 51030 },{ "seed": 51042 },{ "seed": 51068 },{ "seed": 51081 },{ "seed": 51090 },{ "seed": 51098 },{ "seed": 51103 },{ "seed": 51115 },{ "seed": 51139 },{ "seed": 51158 },{ "seed": 51219 },{ "seed": 51224 },{ "seed": 51249 },{ "seed": 51266 },{ "seed": 51271 },{ "seed": 51315 },{ "seed": 51327 },{ "seed": 51339 },{ "seed": 51348 },{ "seed": 51357 },{ "seed": 51413 },{ "seed": 51489 },{ "seed": 51554 },{ "seed": 51578 },{ "seed": 51589 },{ "seed": 51669 },{ "seed": 51678 },{ "seed": 51686 },{ "seed": 51701 },{ "seed": 51753 },{ "seed": 51810 },{ "seed": 51835 },{ "seed": 51866 },{ "seed": 51898 },{ "seed": 51904 },{ "seed": 51911 },{ "seed": 51956 },{ "seed": 51966 },{ "seed": 51989 },{ "seed": 51990 },{ "seed": 52009 },{ "seed": 52034 },{ "seed": 52046 },{ "seed": 52081 },{ "seed": 52133 },{ "seed": 52143 },{ "seed": 52152 },{ "seed": 52153 },{ "seed": 52207 },{ "seed": 52219 },{ "seed": 52238 },{ "seed": 52242 },{ "seed": 52270 },{ "seed": 52293 },{ "seed": 52295 },{ "seed": 52313 },{ "seed": 52320 },{ "seed": 52372 },{ "seed": 52373 },{ "seed": 52392 },{ "seed": 52437 },{ "seed": 52457 },{ "seed": 52458 },{ "seed": 52473 },{ "seed": 52481 },{ "seed": 52487 },{ "seed": 52510 },{ "seed": 52526 },{ "seed": 52577 },{ "seed": 52646 },{ "seed": 52651 },{ "seed": 52657 },{ "seed": 52666 },{ "seed": 52669 },{ "seed": 52672 },{ "seed": 52685 },{ "seed": 52705 },{ "seed": 52731 },{ "seed": 52737 },{ "seed": 52755 },{ "seed": 52784 },{ "seed": 52792 },{ "seed": 52797 },{ "seed": 52808 },{ "seed": 52824 },{ "seed": 52832 },{ "seed": 52857 },{ "seed": 52868 },{ "seed": 52890 },{ "seed": 52898 },{ "seed": 52927 },{ "seed": 52928 },{ "seed": 52962 },{ "seed": 53036 },{ "seed": 53037 },{ "seed": 53039 },{ "seed": 53048 },{ "seed": 53060 },{ "seed": 53070 },{ "seed": 53121 },{ "seed": 53128 },{ "seed": 53136 },{ "seed": 53153 },{ "seed": 53168 },{ "seed": 53175 },{ "seed": 53190 },{ "seed": 53213 },{ "seed": 53240 },{ "seed": 53343 },{ "seed": 53390 },{ "seed": 53494 },{ "seed": 53503 },{ "seed": 53543 },{ "seed": 53554 },{ "seed": 53591 },{ "seed": 53614 },{ "seed": 53625 },{ "seed": 53691 },{ "seed": 53693 },{ "seed": 53743 },{ "seed": 53769 },{ "seed": 53836 },{ "seed": 53837 },{ "seed": 53851 },{ "seed": 53854 },{ "seed": 53861 },{ "seed": 53894 },{ "seed": 53904 },{ "seed": 53922 },{ "seed": 53927 },{ "seed": 53984 },{ "seed": 53992 },{ "seed": 54001 },{ "seed": 54007 },{ "seed": 54032 },{ "seed": 54036 },{ "seed": 54073 },{ "seed": 54130 },{ "seed": 54183 },{ "seed": 54202 },{ "seed": 54231 },{ "seed": 54234 },{ "seed": 54287 },{ "seed": 54322 },{ "seed": 54323 },{ "seed": 54335 },{ "seed": 54339 },{ "seed": 54353 },{ "seed": 54378 },{ "seed": 54387 },{ "seed": 54447 },{ "seed": 54468 },{ "seed": 54494 },{ "seed": 54582 },{ "seed": 54598 },{ "seed": 54609 },{ "seed": 54617 },{ "seed": 54619 },{ "seed": 54623 },{ "seed": 54654 },{ "seed": 54705 },{ "seed": 54712 },{ "seed": 54732 },{ "seed": 54759 },{ "seed": 54761 },{ "seed": 54770 },{ "seed": 54779 },{ "seed": 54810 },{ "seed": 54815 },{ "seed": 54834 },{ "seed": 54853 },{ "seed": 54885 },{ "seed": 54890 },{ "seed": 54892 },{ "seed": 54901 },{ "seed": 54902 },{ "seed": 54938 },{ "seed": 54939 },{ "seed": 55009 },{ "seed": 55081 },{ "seed": 55162 },{ "seed": 55191 },{ "seed": 55205 },{ "seed": 55253 },{ "seed": 55271 },{ "seed": 55278 },{ "seed": 55280 },{ "seed": 55302 },{ "seed": 55309 },{ "seed": 55321 },{ "seed": 55405 },{ "seed": 55413 },{ "seed": 55417 },{ "seed": 55440 },{ "seed": 55445 },{ "seed": 55446 },{ "seed": 55475 },{ "seed": 55518 },{ "seed": 55539 },{ "seed": 55652 },{ "seed": 55663 },{ "seed": 55686 },{ "seed": 55721 },{ "seed": 55737 },{ "seed": 55809 },{ "seed": 55811 },{ "seed": 55883 },{ "seed": 55914 },{ "seed": 55936 },{ "seed": 55963 },{ "seed": 55974 },{ "seed": 55991 },{ "seed": 56072 },{ "seed": 56073 },{ "seed": 56074 },{ "seed": 56097 },{ "seed": 56103 },{ "seed": 56139 },{ "seed": 56206 },{ "seed": 56211 },{ "seed": 56251 },{ "seed": 56268 },{ "seed": 56270 },{ "seed": 56272 },{ "seed": 56277 },{ "seed": 56309 },{ "seed": 56339 },{ "seed": 56345 },{ "seed": 56353 },{ "seed": 56395 },{ "seed": 56423 },{ "seed": 56440 },{ "seed": 56464 },{ "seed": 56480 },{ "seed": 56520 },{ "seed": 56530 },{ "seed": 56532 },{ "seed": 56550 },{ "seed": 56572 },{ "seed": 56594 },{ "seed": 56612 },{ "seed": 56624 },{ "seed": 56648 },{ "seed": 56652 },{ "seed": 56674 },{ "seed": 56691 },{ "seed": 56759 },{ "seed": 56772 },{ "seed": 56785 },{ "seed": 56861 },{ "seed": 56866 },{ "seed": 56874 },{ "seed": 56906 },{ "seed": 56929 },{ "seed": 56930 },{ "seed": 56938 },{ "seed": 56972 },{ "seed": 57032 },{ "seed": 57056 },{ "seed": 57103 },{ "seed": 57118 },{ "seed": 57135 },{ "seed": 57136 },{ "seed": 57138 },{ "seed": 57153 },{ "seed": 57173 },{ "seed": 57178 },{ "seed": 57183 },{ "seed": 57239 },{ "seed": 57257 },{ "seed": 57263 },{ "seed": 57275 },{ "seed": 57301 },{ "seed": 57329 },{ "seed": 57348 },{ "seed": 57383 },{ "seed": 57436 },{ "seed": 57453 },{ "seed": 57496 },{ "seed": 57573 },{ "seed": 57574 },{ "seed": 57575 },{ "seed": 57597 },{ "seed": 57620 },{ "seed": 57625 },{ "seed": 57636 },{ "seed": 57637 },{ "seed": 57657 },{ "seed": 57690 },{ "seed": 57698 },{ "seed": 57725 },{ "seed": 57726 },{ "seed": 57734 },{ "seed": 57737 },{ "seed": 57753 },{ "seed": 57754 },{ "seed": 57798 },{ "seed": 57813 },{ "seed": 57823 },{ "seed": 57830 },{ "seed": 57886 },{ "seed": 57901 },{ "seed": 57936 },{ "seed": 58019 },{ "seed": 58046 },{ "seed": 58060 },{ "seed": 58078 },{ "seed": 58094 },{ "seed": 58126 },{ "seed": 58163 },{ "seed": 58175 },{ "seed": 58203 },{ "seed": 58218 },{ "seed": 58227 },{ "seed": 58237 },{ "seed": 58321 },{ "seed": 58347 },{ "seed": 58350 },{ "seed": 58385 },{ "seed": 58391 },{ "seed": 58399 },{ "seed": 58406 },{ "seed": 58409 },{ "seed": 58440 },{ "seed": 58449 },{ "seed": 58510 },{ "seed": 58511 },{ "seed": 58544 },{ "seed": 58545 },{ "seed": 58598 },{ "seed": 58603 },{ "seed": 58635 },{ "seed": 58675 },{ "seed": 58696 },{ "seed": 58722 },{ "seed": 58744 },{ "seed": 58779 },{ "seed": 58791 },{ "seed": 58800 },{ "seed": 58840 },{ "seed": 58844 },{ "seed": 58865 },{ "seed": 58869 },{ "seed": 58959 },{ "seed": 59012 },{ "seed": 59037 },{ "seed": 59054 },{ "seed": 59082 },{ "seed": 59142 },{ "seed": 59170 },{ "seed": 59224 },{ "seed": 59291 },{ "seed": 59352 },{ "seed": 59363 },{ "seed": 59371 },{ "seed": 59388 },{ "seed": 59400 },{ "seed": 59401 },{ "seed": 59405 },{ "seed": 59416 },{ "seed": 59420 },{ "seed": 59460 },{ "seed": 59477 },{ "seed": 59554 },{ "seed": 59593 },{ "seed": 59624 },{ "seed": 59653 },{ "seed": 59654 },{ "seed": 59688 },{ "seed": 59693 },{ "seed": 59715 },{ "seed": 59735 },{ "seed": 59748 },{ "seed": 59782 },{ "seed": 59794 },{ "seed": 59820 },{ "seed": 59832 },{ "seed": 59844 },{ "seed": 59847 },{ "seed": 59849 },{ "seed": 59869 },{ "seed": 59878 },{ "seed": 59903 },{ "seed": 59915 },{ "seed": 59930 },{ "seed": 59946 },{ "seed": 59956 },{ "seed": 59981 },{ "seed": 59998 },{ "seed": 60032 },{ "seed": 60066 },{ "seed": 60086 },{ "seed": 60120 },{ "seed": 60170 },{ "seed": 60188 },{ "seed": 60211 },{ "seed": 60231 },{ "seed": 60242 },{ "seed": 60268 },{ "seed": 60294 },{ "seed": 60366 },{ "seed": 60411 },{ "seed": 60416 },{ "seed": 60500 },{ "seed": 60527 },{ "seed": 60544 },{ "seed": 60569 },{ "seed": 60599 },{ "seed": 60616 },{ "seed": 60627 },{ "seed": 60658 },{ "seed": 60672 },{ "seed": 60689 },{ "seed": 60708 },{ "seed": 60728 },{ "seed": 60743 },{ "seed": 60763 },{ "seed": 60778 },{ "seed": 60811 },{ "seed": 60826 },{ "seed": 60827 },{ "seed": 60850 },{ "seed": 60855 },{ "seed": 60856 },{ "seed": 60870 },{ "seed": 60872 },{ "seed": 60945 },{ "seed": 61002 },{ "seed": 61095 },{ "seed": 61129 },{ "seed": 61141 },{ "seed": 61156 },{ "seed": 61164 },{ "seed": 61287 },{ "seed": 61291 },{ "seed": 61322 },{ "seed": 61341 },{ "seed": 61347 },{ "seed": 61349 },{ "seed": 61352 },{ "seed": 61356 },{ "seed": 61372 },{ "seed": 61377 },{ "seed": 61425 },{ "seed": 61462 },{ "seed": 61484 },{ "seed": 61508 },{ "seed": 61518 },{ "seed": 61526 },{ "seed": 61529 },{ "seed": 61534 },{ "seed": 61541 },{ "seed": 61543 },{ "seed": 61550 },{ "seed": 61586 },{ "seed": 61602 },{ "seed": 61638 },{ "seed": 61652 },{ "seed": 61675 },{ "seed": 61691 },{ "seed": 61708 },{ "seed": 61751 },{ "seed": 61755 },{ "seed": 61782 },{ "seed": 61789 },{ "seed": 61835 },{ "seed": 61878 },{ "seed": 61886 },{ "seed": 61893 },{ "seed": 61898 },{ "seed": 61935 },{ "seed": 61955 },{ "seed": 61973 },{ "seed": 61991 },{ "seed": 62032 },{ "seed": 62039 },{ "seed": 62055 },{ "seed": 62058 },{ "seed": 62063 },{ "seed": 62096 },{ "seed": 62097 },{ "seed": 62099 },{ "seed": 62155 },{ "seed": 62186 },{ "seed": 62217 },{ "seed": 62233 },{ "seed": 62234 },{ "seed": 62284 },{ "seed": 62300 },{ "seed": 62309 },{ "seed": 62314 },{ "seed": 62359 },{ "seed": 62372 },{ "seed": 62376 },{ "seed": 62415 },{ "seed": 62442 },{ "seed": 62455 },{ "seed": 62465 },{ "seed": 62467 },{ "seed": 62489 },{ "seed": 62491 },{ "seed": 62492 },{ "seed": 62506 },{ "seed": 62523 },{ "seed": 62535 },{ "seed": 62546 },{ "seed": 62564 },{ "seed": 62566 },{ "seed": 62620 },{ "seed": 62626 },{ "seed": 62643 },{ "seed": 62658 },{ "seed": 62659 },{ "seed": 62665 },{ "seed": 62730 },{ "seed": 62766 },{ "seed": 62785 },{ "seed": 62849 },{ "seed": 62875 },{ "seed": 62923 },{ "seed": 62967 },{ "seed": 62984 },{ "seed": 63045 },{ "seed": 63081 },{ "seed": 63090 },{ "seed": 63101 },{ "seed": 63115 },{ "seed": 63127 },{ "seed": 63136 },{ "seed": 63150 },{ "seed": 63157 },{ "seed": 63162 },{ "seed": 63177 },{ "seed": 63180 },{ "seed": 63181 },{ "seed": 63221 },{ "seed": 63236 },{ "seed": 63238 },{ "seed": 63252 },{ "seed": 63268 },{ "seed": 63273 },{ "seed": 63309 },{ "seed": 63322 },{ "seed": 63339 },{ "seed": 63343 },{ "seed": 63351 },{ "seed": 63368 },{ "seed": 63373 },{ "seed": 63412 },{ "seed": 63432 },{ "seed": 63445 },{ "seed": 63485 },{ "seed": 63494 },{ "seed": 63517 },{ "seed": 63572 },{ "seed": 63592 },{ "seed": 63602 },{ "seed": 63651 },{ "seed": 63692 },{ "seed": 63702 },{ "seed": 63732 },{ "seed": 63742 },{ "seed": 63765 },{ "seed": 63778 },{ "seed": 63780 },{ "seed": 63803 },{ "seed": 63827 },{ "seed": 63872 },{ "seed": 63883 },{ "seed": 63890 },{ "seed": 63896 },{ "seed": 63942 },{ "seed": 64045 },{ "seed": 64054 },{ "seed": 64079 },{ "seed": 64086 },{ "seed": 64112 },{ "seed": 64125 },{ "seed": 64214 },{ "seed": 64229 },{ "seed": 64234 },{ "seed": 64324 },{ "seed": 64342 },{ "seed": 64356 },{ "seed": 64357 },{ "seed": 64401 },{ "seed": 64408 },{ "seed": 64471 },{ "seed": 64482 },{ "seed": 64485 },{ "seed": 64575 },{ "seed": 64576 },{ "seed": 64610 },{ "seed": 64631 },{ "seed": 64698 },{ "seed": 64740 },{ "seed": 64744 },{ "seed": 64752 },{ "seed": 64840 },{ "seed": 64854 },{ "seed": 64857 },{ "seed": 64864 },{ "seed": 64873 },{ "seed": 64896 },{ "seed": 65017 },{ "seed": 65033 },{ "seed": 65068 },{ "seed": 65102 },{ "seed": 65239 },{ "seed": 65264 },{ "seed": 65313 },{ "seed": 65331 },{ "seed": 65336 },{ "seed": 65339 },{ "seed": 65364 },{ "seed": 65380 },{ "seed": 65408 },{ "seed": 65438 },{ "seed": 65441 },{ "seed": 65483 },{ "seed": 65499 },{ "seed": 65558 },{ "seed": 65572 },{ "seed": 65638 },{ "seed": 65646 },{ "seed": 65666 },{ "seed": 65688 },{ "seed": 65716 },{ "seed": 65741 },{ "seed": 65789 },{ "seed": 65795 },{ "seed": 65830 },{ "seed": 65872 },{ "seed": 65916 },{ "seed": 65924 },{ "seed": 65927 },{ "seed": 65964 },{ "seed": 65966 },{ "seed": 66005 },{ "seed": 66011 },{ "seed": 66033 },{ "seed": 66036 },{ "seed": 66046 },{ "seed": 66052 },{ "seed": 66056 },{ "seed": 66078 },{ "seed": 66150 },{ "seed": 66181 },{ "seed": 66291 },{ "seed": 66325 },{ "seed": 66340 },{ "seed": 66397 },{ "seed": 66430 },{ "seed": 66453 },{ "seed": 66480 },{ "seed": 66520 },{ "seed": 66548 },{ "seed": 66566 },{ "seed": 66594 },{ "seed": 66618 },{ "seed": 66625 },{ "seed": 66652 },{ "seed": 66661 },{ "seed": 66677 },{ "seed": 66685 },{ "seed": 66725 },{ "seed": 66736 },{ "seed": 66760 },{ "seed": 66772 },{ "seed": 66778 },{ "seed": 66796 },{ "seed": 66800 },{ "seed": 66822 },{ "seed": 66901 },{ "seed": 66948 },{ "seed": 66952 },{ "seed": 66988 },{ "seed": 67018 },{ "seed": 67056 },{ "seed": 67111 },{ "seed": 67172 },{ "seed": 67208 },{ "seed": 67330 },{ "seed": 67338 },{ "seed": 67353 },{ "seed": 67375 },{ "seed": 67390 },{ "seed": 67418 },{ "seed": 67421 },{ "seed": 67437 },{ "seed": 67445 },{ "seed": 67446 },{ "seed": 67516 },{ "seed": 67517 },{ "seed": 67546 },{ "seed": 67550 },{ "seed": 67589 },{ "seed": 67599 },{ "seed": 67612 },{ "seed": 67615 },{ "seed": 67624 },{ "seed": 67629 },{ "seed": 67639 },{ "seed": 67644 },{ "seed": 67655 },{ "seed": 67664 },{ "seed": 67670 },{ "seed": 67741 },{ "seed": 67817 },{ "seed": 67825 },{ "seed": 67853 },{ "seed": 67903 },{ "seed": 67971 },{ "seed": 67991 },{ "seed": 67994 },{ "seed": 68007 },{ "seed": 68010 },{ "seed": 68054 },{ "seed": 68056 },{ "seed": 68057 },{ "seed": 68071 },{ "seed": 68145 },{ "seed": 68231 },{ "seed": 68250 },{ "seed": 68286 },{ "seed": 68334 },{ "seed": 68348 },{ "seed": 68387 },{ "seed": 68400 },{ "seed": 68458 },{ "seed": 68477 },{ "seed": 68517 },{ "seed": 68543 },{ "seed": 68577 },{ "seed": 68584 },{ "seed": 68592 },{ "seed": 68607 },{ "seed": 68669 },{ "seed": 68709 },{ "seed": 68723 },{ "seed": 68724 },{ "seed": 68737 },{ "seed": 68744 },{ "seed": 68802 },{ "seed": 68811 },{ "seed": 68816 },{ "seed": 68862 },{ "seed": 68877 },{ "seed": 68894 },{ "seed": 68914 },{ "seed": 68944 },{ "seed": 68996 },{ "seed": 68999 },{ "seed": 69071 },{ "seed": 69094 },{ "seed": 69102 },{ "seed": 69108 },{ "seed": 69189 },{ "seed": 69258 },{ "seed": 69271 },{ "seed": 69294 },{ "seed": 69317 },{ "seed": 69318 },{ "seed": 69341 },{ "seed": 69417 },{ "seed": 69419 },{ "seed": 69463 },{ "seed": 69464 },{ "seed": 69481 },{ "seed": 69512 },{ "seed": 69517 },{ "seed": 69526 },{ "seed": 69555 },{ "seed": 69581 },{ "seed": 69593 },{ "seed": 69641 },{ "seed": 69724 },{ "seed": 69831 },{ "seed": 69834 },{ "seed": 69861 },{ "seed": 69880 },{ "seed": 69899 },{ "seed": 69917 },{ "seed": 69932 },{ "seed": 69996 },{ "seed": 70028 },{ "seed": 70040 },{ "seed": 70092 },{ "seed": 70100 },{ "seed": 70124 },{ "seed": 70214 },{ "seed": 70218 },{ "seed": 70233 },{ "seed": 70251 },{ "seed": 70258 },{ "seed": 70281 },{ "seed": 70287 },{ "seed": 70288 },{ "seed": 70302 },{ "seed": 70316 },{ "seed": 70338 },{ "seed": 70359 },{ "seed": 70370 },{ "seed": 70446 },{ "seed": 70546 },{ "seed": 70570 },{ "seed": 70602 },{ "seed": 70644 },{ "seed": 70646 },{ "seed": 70656 },{ "seed": 70670 },{ "seed": 70699 },{ "seed": 70764 },{ "seed": 70770 },{ "seed": 70773 },{ "seed": 70791 },{ "seed": 70817 },{ "seed": 70819 },{ "seed": 70824 },{ "seed": 70845 },{ "seed": 70849 },{ "seed": 70856 },{ "seed": 70900 },{ "seed": 70909 },{ "seed": 70926 },{ "seed": 70927 },{ "seed": 70944 },{ "seed": 70981 },{ "seed": 71146 },{ "seed": 71193 },{ "seed": 71245 },{ "seed": 71282 },{ "seed": 71330 },{ "seed": 71353 },{ "seed": 71363 },{ "seed": 71442 },{ "seed": 71487 },{ "seed": 71491 },{ "seed": 71494 },{ "seed": 71517 },{ "seed": 71555 },{ "seed": 71565 },{ "seed": 71591 },{ "seed": 71594 },{ "seed": 71606 },{ "seed": 71607 },{ "seed": 71622 },{ "seed": 71644 },{ "seed": 71666 },{ "seed": 71689 },{ "seed": 71716 },{ "seed": 71723 },{ "seed": 71752 },{ "seed": 71755 },{ "seed": 71785 },{ "seed": 71835 },{ "seed": 71837 },{ "seed": 71845 },{ "seed": 71852 },{ "seed": 71876 },{ "seed": 71917 },{ "seed": 71927 },{ "seed": 71945 },{ "seed": 72046 },{ "seed": 72051 },{ "seed": 72070 },{ "seed": 72076 },{ "seed": 72089 },{ "seed": 72096 },{ "seed": 72195 },{ "seed": 72234 },{ "seed": 72252 },{ "seed": 72257 },{ "seed": 72270 },{ "seed": 72295 },{ "seed": 72317 },{ "seed": 72326 },{ "seed": 72417 },{ "seed": 72427 },{ "seed": 72472 },{ "seed": 72482 },{ "seed": 72493 },{ "seed": 72564 },{ "seed": 72581 },{ "seed": 72614 },{ "seed": 72633 },{ "seed": 72727 },{ "seed": 72728 },{ "seed": 72757 },{ "seed": 72759 },{ "seed": 72789 },{ "seed": 72793 },{ "seed": 72828 },{ "seed": 72852 },{ "seed": 72853 },{ "seed": 72868 },{ "seed": 72873 },{ "seed": 72874 },{ "seed": 72908 },{ "seed": 72937 },{ "seed": 72944 },{ "seed": 72961 },{ "seed": 72968 },{ "seed": 72978 },{ "seed": 73013 },{ "seed": 73035 },{ "seed": 73048 },{ "seed": 73073 },{ "seed": 73076 },{ "seed": 73118 },{ "seed": 73130 },{ "seed": 73135 },{ "seed": 73181 },{ "seed": 73223 },{ "seed": 73234 },{ "seed": 73259 },{ "seed": 73263 },{ "seed": 73267 },{ "seed": 73271 },{ "seed": 73294 },{ "seed": 73300 },{ "seed": 73308 },{ "seed": 73352 },{ "seed": 73361 },{ "seed": 73370 },{ "seed": 73375 },{ "seed": 73391 },{ "seed": 73440 },{ "seed": 73443 },{ "seed": 73468 },{ "seed": 73496 },{ "seed": 73507 },{ "seed": 73578 },{ "seed": 73617 },{ "seed": 73629 },{ "seed": 73630 },{ "seed": 73632 },{ "seed": 73635 },{ "seed": 73664 },{ "seed": 73666 },{ "seed": 73688 },{ "seed": 73749 },{ "seed": 73759 },{ "seed": 73792 },{ "seed": 73815 },{ "seed": 73834 },{ "seed": 73858 },{ "seed": 73944 },{ "seed": 73975 },{ "seed": 74018 },{ "seed": 74020 },{ "seed": 74043 },{ "seed": 74079 },{ "seed": 74105 },{ "seed": 74206 },{ "seed": 74246 },{ "seed": 74280 },{ "seed": 74283 },{ "seed": 74284 },{ "seed": 74316 },{ "seed": 74351 },{ "seed": 74377 },{ "seed": 74395 },{ "seed": 74397 },{ "seed": 74414 },{ "seed": 74429 },{ "seed": 74478 },{ "seed": 74554 },{ "seed": 74555 },{ "seed": 74563 },{ "seed": 74593 },{ "seed": 74599 },{ "seed": 74641 },{ "seed": 74647 },{ "seed": 74697 },{ "seed": 74790 },{ "seed": 74837 },{ "seed": 74855 },{ "seed": 74906 },{ "seed": 74915 },{ "seed": 74920 },{ "seed": 74931 },{ "seed": 74933 },{ "seed": 74991 },{ "seed": 74996 },{ "seed": 75020 },{ "seed": 75030 },{ "seed": 75058 },{ "seed": 75176 },{ "seed": 75194 },{ "seed": 75219 },{ "seed": 75260 },{ "seed": 75288 },{ "seed": 75318 },{ "seed": 75374 },{ "seed": 75393 },{ "seed": 75441 },{ "seed": 75497 },{ "seed": 75539 },{ "seed": 75565 },{ "seed": 75585 },{ "seed": 75590 },{ "seed": 75606 },{ "seed": 75653 },{ "seed": 75694 },{ "seed": 75731 },{ "seed": 75736 },{ "seed": 75769 },{ "seed": 75793 },{ "seed": 75802 },{ "seed": 75819 },{ "seed": 75849 },{ "seed": 75857 },{ "seed": 75878 },{ "seed": 75930 },{ "seed": 75986 },{ "seed": 75990 },{ "seed": 76007 },{ "seed": 76037 },{ "seed": 76043 },{ "seed": 76079 },{ "seed": 76149 },{ "seed": 76182 },{ "seed": 76223 },{ "seed": 76242 },{ "seed": 76244 },{ "seed": 76245 },{ "seed": 76252 },{ "seed": 76303 },{ "seed": 76333 },{ "seed": 76357 },{ "seed": 76386 },{ "seed": 76398 },{ "seed": 76452 },{ "seed": 76523 },{ "seed": 76555 },{ "seed": 76560 },{ "seed": 76576 },{ "seed": 76587 },{ "seed": 76598 },{ "seed": 76629 },{ "seed": 76638 },{ "seed": 76682 },{ "seed": 76684 },{ "seed": 76695 },{ "seed": 76696 },{ "seed": 76697 },{ "seed": 76707 },{ "seed": 76745 },{ "seed": 76747 },{ "seed": 76769 },{ "seed": 76798 },{ "seed": 76809 },{ "seed": 76825 },{ "seed": 76828 },{ "seed": 76829 },{ "seed": 76849 },{ "seed": 76859 },{ "seed": 76900 },{ "seed": 76937 },{ "seed": 76947 },{ "seed": 77049 },{ "seed": 77072 },{ "seed": 77094 },{ "seed": 77161 },{ "seed": 77171 },{ "seed": 77233 },{ "seed": 77292 },{ "seed": 77325 },{ "seed": 77332 },{ "seed": 77345 },{ "seed": 77375 },{ "seed": 77381 },{ "seed": 77390 },{ "seed": 77428 },{ "seed": 77441 },{ "seed": 77498 },{ "seed": 77549 },{ "seed": 77551 },{ "seed": 77579 },{ "seed": 77600 },{ "seed": 77605 },{ "seed": 77608 },{ "seed": 77616 },{ "seed": 77619 },{ "seed": 77620 },{ "seed": 77628 },{ "seed": 77631 },{ "seed": 77646 },{ "seed": 77661 },{ "seed": 77666 },{ "seed": 77684 },{ "seed": 77689 },{ "seed": 77734 },{ "seed": 77735 },{ "seed": 77739 },{ "seed": 77751 },{ "seed": 77763 },{ "seed": 77765 },{ "seed": 77798 },{ "seed": 77814 },{ "seed": 77820 },{ "seed": 77836 },{ "seed": 77853 },{ "seed": 77863 },{ "seed": 77897 },{ "seed": 77925 },{ "seed": 77931 },{ "seed": 77935 },{ "seed": 77949 },{ "seed": 77991 },{ "seed": 78030 },{ "seed": 78040 },{ "seed": 78056 },{ "seed": 78090 },{ "seed": 78093 },{ "seed": 78100 },{ "seed": 78191 },{ "seed": 78228 },{ "seed": 78308 },{ "seed": 78337 },{ "seed": 78373 },{ "seed": 78388 },{ "seed": 78431 },{ "seed": 78452 },{ "seed": 78504 },{ "seed": 78531 },{ "seed": 78561 },{ "seed": 78578 },{ "seed": 78582 },{ "seed": 78597 },{ "seed": 78620 },{ "seed": 78623 },{ "seed": 78624 },{ "seed": 78646 },{ "seed": 78671 },{ "seed": 78682 },{ "seed": 78706 },{ "seed": 78720 },{ "seed": 78724 },{ "seed": 78766 },{ "seed": 78774 },{ "seed": 78835 },{ "seed": 78846 },{ "seed": 78864 },{ "seed": 78879 },{ "seed": 78905 },{ "seed": 78949 },{ "seed": 78974 },{ "seed": 78977 },{ "seed": 78983 },{ "seed": 79015 },{ "seed": 79051 },{ "seed": 79054 },{ "seed": 79076 },{ "seed": 79111 },{ "seed": 79148 },{ "seed": 79172 },{ "seed": 79206 },{ "seed": 79242 },{ "seed": 79250 },{ "seed": 79254 },{ "seed": 79259 },{ "seed": 79279 },{ "seed": 79293 },{ "seed": 79308 },{ "seed": 79314 },{ "seed": 79350 },{ "seed": 79358 },{ "seed": 79400 },{ "seed": 79429 },{ "seed": 79444 },{ "seed": 79465 },{ "seed": 79466 },{ "seed": 79469 },{ "seed": 79482 },{ "seed": 79486 },{ "seed": 79572 },{ "seed": 79573 },{ "seed": 79584 },{ "seed": 79616 },{ "seed": 79631 },{ "seed": 79639 },{ "seed": 79678 },{ "seed": 79683 },{ "seed": 79729 },{ "seed": 79738 },{ "seed": 79751 },{ "seed": 79767 },{ "seed": 79775 },{ "seed": 79807 },{ "seed": 79811 },{ "seed": 79820 },{ "seed": 79853 },{ "seed": 79922 },{ "seed": 79945 },{ "seed": 79959 },{ "seed": 79978 },{ "seed": 79998 },{ "seed": 80005 },{ "seed": 80016 },{ "seed": 80038 },{ "seed": 80060 },{ "seed": 80077 },{ "seed": 80081 },{ "seed": 80128 },{ "seed": 80130 },{ "seed": 80141 },{ "seed": 80180 },{ "seed": 80185 },{ "seed": 80203 },{ "seed": 80215 },{ "seed": 80242 },{ "seed": 80243 },{ "seed": 80258 },{ "seed": 80273 },{ "seed": 80290 },{ "seed": 80295 },{ "seed": 80299 },{ "seed": 80328 },{ "seed": 80355 },{ "seed": 80370 },{ "seed": 80391 },{ "seed": 80401 },{ "seed": 80407 },{ "seed": 80424 },{ "seed": 80426 },{ "seed": 80439 },{ "seed": 80450 },{ "seed": 80470 },{ "seed": 80506 },{ "seed": 80521 },{ "seed": 80538 },{ "seed": 80566 },{ "seed": 80578 },{ "seed": 80634 },{ "seed": 80694 },{ "seed": 80712 },{ "seed": 80724 },{ "seed": 80743 },{ "seed": 80775 },{ "seed": 80777 },{ "seed": 80785 },{ "seed": 80797 },{ "seed": 80862 },{ "seed": 80866 },{ "seed": 80868 },{ "seed": 80888 },{ "seed": 80892 },{ "seed": 80896 },{ "seed": 80918 },{ "seed": 80928 },{ "seed": 80953 },{ "seed": 80966 },{ "seed": 81022 },{ "seed": 81033 },{ "seed": 81042 },{ "seed": 81063 },{ "seed": 81067 },{ "seed": 81087 },{ "seed": 81109 },{ "seed": 81114 },{ "seed": 81167 },{ "seed": 81205 },{ "seed": 81210 },{ "seed": 81236 },{ "seed": 81286 },{ "seed": 81315 },{ "seed": 81368 },{ "seed": 81371 },{ "seed": 81379 },{ "seed": 81385 },{ "seed": 81395 },{ "seed": 81407 },{ "seed": 81410 },{ "seed": 81432 },{ "seed": 81636 },{ "seed": 81695 },{ "seed": 81737 },{ "seed": 81883 },{ "seed": 81933 },{ "seed": 81938 },{ "seed": 81955 },{ "seed": 81957 },{ "seed": 81969 },{ "seed": 82053 },{ "seed": 82096 },{ "seed": 82097 },{ "seed": 82182 },{ "seed": 82221 },{ "seed": 82268 },{ "seed": 82269 },{ "seed": 82289 },{ "seed": 82297 },{ "seed": 82321 },{ "seed": 82322 },{ "seed": 82335 },{ "seed": 82336 },{ "seed": 82351 },{ "seed": 82367 },{ "seed": 82370 },{ "seed": 82385 },{ "seed": 82398 },{ "seed": 82413 },{ "seed": 82434 },{ "seed": 82449 },{ "seed": 82458 },{ "seed": 82463 },{ "seed": 82474 },{ "seed": 82516 },{ "seed": 82520 },{ "seed": 82556 },{ "seed": 82562 },{ "seed": 82563 },{ "seed": 82623 },{ "seed": 82638 },{ "seed": 82651 },{ "seed": 82683 },{ "seed": 82694 },{ "seed": 82698 },{ "seed": 82736 },{ "seed": 82773 },{ "seed": 82800 },{ "seed": 82842 },{ "seed": 82890 },{ "seed": 82897 },{ "seed": 82917 },{ "seed": 82944 },{ "seed": 82979 },{ "seed": 82999 },{ "seed": 83008 },{ "seed": 83032 },{ "seed": 83040 },{ "seed": 83102 },{ "seed": 83124 },{ "seed": 83157 },{ "seed": 83160 },{ "seed": 83215 },{ "seed": 83278 },{ "seed": 83314 },{ "seed": 83328 },{ "seed": 83378 },{ "seed": 83395 },{ "seed": 83411 },{ "seed": 83413 },{ "seed": 83416 },{ "seed": 83463 },{ "seed": 83465 },{ "seed": 83474 },{ "seed": 83495 },{ "seed": 83550 },{ "seed": 83570 },{ "seed": 83653 },{ "seed": 83655 },{ "seed": 83662 },{ "seed": 83687 },{ "seed": 83721 },{ "seed": 83727 },{ "seed": 83772 },{ "seed": 83773 },{ "seed": 83775 },{ "seed": 83777 },{ "seed": 83788 },{ "seed": 83819 },{ "seed": 83854 },{ "seed": 83859 },{ "seed": 83897 },{ "seed": 83903 },{ "seed": 83924 },{ "seed": 83949 },{ "seed": 83964 },{ "seed": 83969 },{ "seed": 84024 },{ "seed": 84065 },{ "seed": 84071 },{ "seed": 84134 },{ "seed": 84164 },{ "seed": 84172 },{ "seed": 84196 },{ "seed": 84221 },{ "seed": 84222 },{ "seed": 84236 },{ "seed": 84240 },{ "seed": 84282 },{ "seed": 84299 },{ "seed": 84375 },{ "seed": 84400 },{ "seed": 84417 },{ "seed": 84421 },{ "seed": 84427 },{ "seed": 84439 },{ "seed": 84528 },{ "seed": 84530 },{ "seed": 84579 },{ "seed": 84582 },{ "seed": 84628 },{ "seed": 84685 },{ "seed": 84692 },{ "seed": 84696 },{ "seed": 84715 },{ "seed": 84783 },{ "seed": 84853 },{ "seed": 84861 },{ "seed": 84870 },{ "seed": 84884 },{ "seed": 84886 },{ "seed": 84895 },{ "seed": 84906 },{ "seed": 84911 },{ "seed": 84923 },{ "seed": 84934 },{ "seed": 84936 },{ "seed": 85034 },{ "seed": 85089 },{ "seed": 85170 },{ "seed": 85207 },{ "seed": 85230 },{ "seed": 85236 },{ "seed": 85241 },{ "seed": 85247 },{ "seed": 85252 },{ "seed": 85265 },{ "seed": 85339 },{ "seed": 85387 },{ "seed": 85405 },{ "seed": 85410 },{ "seed": 85420 },{ "seed": 85453 },{ "seed": 85465 },{ "seed": 85471 },{ "seed": 85495 },{ "seed": 85498 },{ "seed": 85504 },{ "seed": 85513 },{ "seed": 85526 },{ "seed": 85557 },{ "seed": 85564 },{ "seed": 85580 },{ "seed": 85586 },{ "seed": 85609 },{ "seed": 85614 },{ "seed": 85624 },{ "seed": 85629 },{ "seed": 85688 },{ "seed": 85699 },{ "seed": 85702 },{ "seed": 85707 },{ "seed": 85711 },{ "seed": 85721 },{ "seed": 85742 },{ "seed": 85756 },{ "seed": 85802 },{ "seed": 85805 },{ "seed": 85838 },{ "seed": 85846 },{ "seed": 85863 },{ "seed": 85874 },{ "seed": 85894 },{ "seed": 85896 },{ "seed": 85911 },{ "seed": 85969 },{ "seed": 85991 },{ "seed": 86002 },{ "seed": 86067 },{ "seed": 86075 },{ "seed": 86077 },{ "seed": 86079 },{ "seed": 86104 },{ "seed": 86188 },{ "seed": 86237 },{ "seed": 86240 },{ "seed": 86261 },{ "seed": 86276 },{ "seed": 86278 },{ "seed": 86289 },{ "seed": 86297 },{ "seed": 86307 },{ "seed": 86350 },{ "seed": 86376 },{ "seed": 86390 },{ "seed": 86408 },{ "seed": 86439 },{ "seed": 86476 },{ "seed": 86489 },{ "seed": 86516 },{ "seed": 86532 },{ "seed": 86533 },{ "seed": 86561 },{ "seed": 86565 },{ "seed": 86577 },{ "seed": 86588 },{ "seed": 86592 },{ "seed": 86599 },{ "seed": 86606 },{ "seed": 86648 },{ "seed": 86671 },{ "seed": 86684 },{ "seed": 86691 },{ "seed": 86697 },{ "seed": 86711 },{ "seed": 86722 },{ "seed": 86727 },{ "seed": 86743 },{ "seed": 86801 },{ "seed": 86854 },{ "seed": 86859 },{ "seed": 86883 },{ "seed": 86896 },{ "seed": 86928 },{ "seed": 86933 },{ "seed": 86943 },{ "seed": 86962 },{ "seed": 87037 },{ "seed": 87153 },{ "seed": 87218 },{ "seed": 87222 },{ "seed": 87229 },{ "seed": 87241 },{ "seed": 87242 },{ "seed": 87296 },{ "seed": 87310 },{ "seed": 87314 },{ "seed": 87327 },{ "seed": 87446 },{ "seed": 87462 },{ "seed": 87476 },{ "seed": 87492 },{ "seed": 87498 },{ "seed": 87507 },{ "seed": 87517 },{ "seed": 87525 },{ "seed": 87552 },{ "seed": 87553 },{ "seed": 87563 },{ "seed": 87583 },{ "seed": 87608 },{ "seed": 87633 },{ "seed": 87637 },{ "seed": 87644 },{ "seed": 87645 },{ "seed": 87655 },{ "seed": 87657 },{ "seed": 87661 },{ "seed": 87680 },{ "seed": 87700 },{ "seed": 87718 },{ "seed": 87723 },{ "seed": 87732 },{ "seed": 87766 },{ "seed": 87799 },{ "seed": 87861 },{ "seed": 87891 },{ "seed": 87896 },{ "seed": 87897 },{ "seed": 87905 },{ "seed": 87909 },{ "seed": 87933 },{ "seed": 87953 },{ "seed": 88019 },{ "seed": 88033 },{ "seed": 88034 },{ "seed": 88042 },{ "seed": 88069 },{ "seed": 88094 },{ "seed": 88147 },{ "seed": 88158 },{ "seed": 88164 },{ "seed": 88173 },{ "seed": 88224 },{ "seed": 88237 },{ "seed": 88248 },{ "seed": 88256 },{ "seed": 88261 },{ "seed": 88277 },{ "seed": 88323 },{ "seed": 88330 },{ "seed": 88338 },{ "seed": 88347 },{ "seed": 88350 },{ "seed": 88372 },{ "seed": 88376 },{ "seed": 88378 },{ "seed": 88415 },{ "seed": 88426 },{ "seed": 88428 },{ "seed": 88433 },{ "seed": 88441 },{ "seed": 88462 },{ "seed": 88479 },{ "seed": 88480 },{ "seed": 88498 },{ "seed": 88557 },{ "seed": 88578 },{ "seed": 88675 },{ "seed": 88717 },{ "seed": 88728 },{ "seed": 88749 },{ "seed": 88756 },{ "seed": 88764 },{ "seed": 88792 },{ "seed": 88812 },{ "seed": 88836 },{ "seed": 88904 },{ "seed": 88925 },{ "seed": 88961 },{ "seed": 89002 },{ "seed": 89015 },{ "seed": 89018 },{ "seed": 89023 },{ "seed": 89028 },{ "seed": 89069 },{ "seed": 89114 },{ "seed": 89134 },{ "seed": 89172 },{ "seed": 89175 },{ "seed": 89210 },{ "seed": 89211 },{ "seed": 89213 },{ "seed": 89247 },{ "seed": 89290 },{ "seed": 89294 },{ "seed": 89310 },{ "seed": 89315 },{ "seed": 89321 },{ "seed": 89322 },{ "seed": 89324 },{ "seed": 89347 },{ "seed": 89412 },{ "seed": 89429 },{ "seed": 89434 },{ "seed": 89452 },{ "seed": 89496 },{ "seed": 89499 },{ "seed": 89532 },{ "seed": 89552 },{ "seed": 89564 },{ "seed": 89613 },{ "seed": 89629 },{ "seed": 89695 },{ "seed": 89717 },{ "seed": 89729 },{ "seed": 89744 },{ "seed": 89771 },{ "seed": 89776 },{ "seed": 89806 },{ "seed": 89818 },{ "seed": 89819 },{ "seed": 89826 },{ "seed": 89830 },{ "seed": 89832 },{ "seed": 89909 },{ "seed": 89949 },{ "seed": 89960 },{ "seed": 89971 },{ "seed": 89994 },{ "seed": 89998 },{ "seed": 90003 },{ "seed": 90085 },{ "seed": 90100 },{ "seed": 90103 },{ "seed": 90148 },{ "seed": 90170 },{ "seed": 90246 },{ "seed": 90363 },{ "seed": 90366 },{ "seed": 90373 },{ "seed": 90404 },{ "seed": 90426 },{ "seed": 90432 },{ "seed": 90492 },{ "seed": 90569 },{ "seed": 90624 },{ "seed": 90653 },{ "seed": 90687 },{ "seed": 90725 },{ "seed": 90770 },{ "seed": 90771 },{ "seed": 90804 },{ "seed": 90822 },{ "seed": 90858 },{ "seed": 90878 },{ "seed": 90917 },{ "seed": 90928 },{ "seed": 90932 },{ "seed": 90945 },{ "seed": 90946 },{ "seed": 91040 },{ "seed": 91053 },{ "seed": 91090 },{ "seed": 91092 },{ "seed": 91129 },{ "seed": 91130 },{ "seed": 91186 },{ "seed": 91190 },{ "seed": 91199 },{ "seed": 91206 },{ "seed": 91240 },{ "seed": 91249 },{ "seed": 91259 },{ "seed": 91272 },{ "seed": 91301 },{ "seed": 91325 },{ "seed": 91335 },{ "seed": 91354 },{ "seed": 91361 },{ "seed": 91385 },{ "seed": 91399 },{ "seed": 91418 },{ "seed": 91419 },{ "seed": 91453 },{ "seed": 91483 },{ "seed": 91486 },{ "seed": 91492 },{ "seed": 91518 },{ "seed": 91576 },{ "seed": 91588 },{ "seed": 91689 },{ "seed": 91690 },{ "seed": 91730 },{ "seed": 91765 },{ "seed": 91773 },{ "seed": 91837 },{ "seed": 91919 },{ "seed": 91955 },{ "seed": 91959 },{ "seed": 91992 },{ "seed": 92002 },{ "seed": 92006 },{ "seed": 92010 },{ "seed": 92040 },{ "seed": 92054 },{ "seed": 92065 },{ "seed": 92079 },{ "seed": 92083 },{ "seed": 92095 },{ "seed": 92121 },{ "seed": 92151 },{ "seed": 92155 },{ "seed": 92194 },{ "seed": 92218 },{ "seed": 92231 },{ "seed": 92264 },{ "seed": 92286 },{ "seed": 92322 },{ "seed": 92359 },{ "seed": 92369 },{ "seed": 92372 },{ "seed": 92380 },{ "seed": 92384 },{ "seed": 92419 },{ "seed": 92426 },{ "seed": 92566 },{ "seed": 92589 },{ "seed": 92590 },{ "seed": 92620 },{ "seed": 92648 },{ "seed": 92663 },{ "seed": 92676 },{ "seed": 92684 },{ "seed": 92712 },{ "seed": 92725 },{ "seed": 92740 },{ "seed": 92747 },{ "seed": 92776 },{ "seed": 92782 },{ "seed": 92794 },{ "seed": 92808 },{ "seed": 92817 },{ "seed": 92837 },{ "seed": 92852 },{ "seed": 92854 },{ "seed": 92893 },{ "seed": 92910 },{ "seed": 92928 },{ "seed": 92954 },{ "seed": 93008 },{ "seed": 93017 },{ "seed": 93024 },{ "seed": 93034 },{ "seed": 93050 },{ "seed": 93058 },{ "seed": 93075 },{ "seed": 93083 },{ "seed": 93086 },{ "seed": 93096 },{ "seed": 93109 },{ "seed": 93139 },{ "seed": 93144 },{ "seed": 93172 },{ "seed": 93211 },{ "seed": 93225 },{ "seed": 93309 },{ "seed": 93319 },{ "seed": 93348 },{ "seed": 93361 },{ "seed": 93405 },{ "seed": 93451 },{ "seed": 93470 },{ "seed": 93508 },{ "seed": 93551 },{ "seed": 93555 },{ "seed": 93574 },{ "seed": 93587 },{ "seed": 93602 },{ "seed": 93617 },{ "seed": 93627 },{ "seed": 93630 },{ "seed": 93638 },{ "seed": 93655 },{ "seed": 93676 },{ "seed": 93686 },{ "seed": 93710 },{ "seed": 93724 },{ "seed": 93769 },{ "seed": 93801 },{ "seed": 93810 },{ "seed": 93819 },{ "seed": 93833 },{ "seed": 93860 },{ "seed": 93863 },{ "seed": 93891 },{ "seed": 93898 },{ "seed": 93907 },{ "seed": 93911 },{ "seed": 93923 },{ "seed": 93934 },{ "seed": 93956 },{ "seed": 93962 },{ "seed": 94085 },{ "seed": 94128 },{ "seed": 94204 },{ "seed": 94206 },{ "seed": 94219 },{ "seed": 94221 },{ "seed": 94282 },{ "seed": 94308 },{ "seed": 94336 },{ "seed": 94340 },{ "seed": 94354 },{ "seed": 94389 },{ "seed": 94412 },{ "seed": 94428 },{ "seed": 94479 },{ "seed": 94502 },{ "seed": 94513 },{ "seed": 94543 },{ "seed": 94550 },{ "seed": 94569 },{ "seed": 94602 },{ "seed": 94619 },{ "seed": 94654 },{ "seed": 94817 },{ "seed": 94818 },{ "seed": 94842 },{ "seed": 94854 },{ "seed": 94860 },{ "seed": 94868 },{ "seed": 94905 },{ "seed": 94922 },{ "seed": 94937 },{ "seed": 94981 },{ "seed": 95057 },{ "seed": 95058 },{ "seed": 95083 },{ "seed": 95084 },{ "seed": 95087 },{ "seed": 95091 },{ "seed": 95129 },{ "seed": 95146 },{ "seed": 95152 },{ "seed": 95205 },{ "seed": 95249 },{ "seed": 95253 },{ "seed": 95255 },{ "seed": 95276 },{ "seed": 95343 },{ "seed": 95374 },{ "seed": 95439 },{ "seed": 95516 },{ "seed": 95527 },{ "seed": 95537 },{ "seed": 95575 },{ "seed": 95583 },{ "seed": 95615 },{ "seed": 95624 },{ "seed": 95643 },{ "seed": 95653 },{ "seed": 95685 },{ "seed": 95719 },{ "seed": 95731 },{ "seed": 95756 },{ "seed": 95797 },{ "seed": 95817 },{ "seed": 95837 },{ "seed": 95851 },{ "seed": 95858 },{ "seed": 95890 },{ "seed": 95949 },{ "seed": 96015 },{ "seed": 96031 },{ "seed": 96062 },{ "seed": 96127 },{ "seed": 96144 },{ "seed": 96185 },{ "seed": 96188 },{ "seed": 96222 },{ "seed": 96267 },{ "seed": 96319 },{ "seed": 96387 },{ "seed": 96415 },{ "seed": 96426 },{ "seed": 96443 },{ "seed": 96469 },{ "seed": 96479 },{ "seed": 96490 },{ "seed": 96510 },{ "seed": 96511 },{ "seed": 96514 },{ "seed": 96561 },{ "seed": 96564 },{ "seed": 96593 },{ "seed": 96594 },{ "seed": 96611 },{ "seed": 96631 },{ "seed": 96647 },{ "seed": 96649 },{ "seed": 96654 },{ "seed": 96674 },{ "seed": 96813 },{ "seed": 96816 },{ "seed": 96826 },{ "seed": 96829 },{ "seed": 96841 },{ "seed": 96873 },{ "seed": 96894 },{ "seed": 96911 },{ "seed": 96921 },{ "seed": 96933 },{ "seed": 96939 },{ "seed": 96967 },{ "seed": 96977 },{ "seed": 97001 },{ "seed": 97021 },{ "seed": 97032 },{ "seed": 97038 },{ "seed": 97056 },{ "seed": 97057 },{ "seed": 97060 },{ "seed": 97082 },{ "seed": 97091 },{ "seed": 97094 },{ "seed": 97096 },{ "seed": 97107 },{ "seed": 97112 },{ "seed": 97126 },{ "seed": 97227 },{ "seed": 97236 },{ "seed": 97245 },{ "seed": 97298 },{ "seed": 97332 },{ "seed": 97338 },{ "seed": 97349 },{ "seed": 97374 },{ "seed": 97410 },{ "seed": 97419 },{ "seed": 97471 },{ "seed": 97472 },{ "seed": 97527 },{ "seed": 97531 },{ "seed": 97565 },{ "seed": 97567 },{ "seed": 97603 },{ "seed": 97645 },{ "seed": 97670 },{ "seed": 97688 },{ "seed": 97709 },{ "seed": 97762 },{ "seed": 97779 },{ "seed": 97902 },{ "seed": 97937 },{ "seed": 97939 },{ "seed": 97951 },{ "seed": 97975 },{ "seed": 97997 },{ "seed": 98014 },{ "seed": 98045 },{ "seed": 98060 },{ "seed": 98076 },{ "seed": 98116 },{ "seed": 98141 },{ "seed": 98143 },{ "seed": 98164 },{ "seed": 98212 },{ "seed": 98228 },{ "seed": 98231 },{ "seed": 98248 },{ "seed": 98290 },{ "seed": 98332 },{ "seed": 98353 },{ "seed": 98380 },{ "seed": 98385 },{ "seed": 98396 },{ "seed": 98403 },{ "seed": 98408 },{ "seed": 98461 },{ "seed": 98494 },{ "seed": 98504 },{ "seed": 98535 },{ "seed": 98546 },{ "seed": 98580 },{ "seed": 98591 },{ "seed": 98642 },{ "seed": 98679 },{ "seed": 98753 },{ "seed": 98776 },{ "seed": 98797 },{ "seed": 98800 },{ "seed": 98834 },{ "seed": 98835 },{ "seed": 98885 },{ "seed": 98892 },{ "seed": 98899 },{ "seed": 98906 },{ "seed": 98920 },{ "seed": 98956 },{ "seed": 98966 },{ "seed": 98967 },{ "seed": 98973 },{ "seed": 98999 },{ "seed": 99059 },{ "seed": 99071 },{ "seed": 99090 },{ "seed": 99113 },{ "seed": 99116 },{ "seed": 99130 },{ "seed": 99170 },{ "seed": 99171 },{ "seed": 99207 },{ "seed": 99209 },{ "seed": 99236 },{ "seed": 99239 },{ "seed": 99246 },{ "seed": 99265 },{ "seed": 99321 },{ "seed": 99332 },{ "seed": 99336 },{ "seed": 99337 },{ "seed": 99403 },{ "seed": 99408 },{ "seed": 99423 },{ "seed": 99432 },{ "seed": 99448 },{ "seed": 99449 },{ "seed": 99464 },{ "seed": 99484 },{ "seed": 99492 },{ "seed": 99507 },{ "seed": 99525 },{ "seed": 99534 },{ "seed": 99543 },{ "seed": 99571 },{ "seed": 99599 },{ "seed": 99620 },{ "seed": 99660 },{ "seed": 99684 },{ "seed": 99717 },{ "seed": 99752 },{ "seed": 99796 },{ "seed": 99815 },{ "seed": 99866 },{ "seed": 99870 },{ "seed": 99937 },{ "seed": 99969 },{ "seed": 99975 } ]