[ { "seed": 65 },{ "seed": 80 },{ "seed": 132 },{ "seed": 164 },{ "seed": 177 },{ "seed": 188 },{ "seed": 228 },{ "seed": 239 },{ "seed": 310 },{ "seed": 314 },{ "seed": 343 },{ "seed": 357 },{ "seed": 371 },{ "seed": 373 },{ "seed": 456 },{ "seed": 482 },{ "seed": 526 },{ "seed": 561 },{ "seed": 575 },{ "seed": 610 },{ "seed": 665 },{ "seed": 703 },{ "seed": 709 },{ "seed": 736 },{ "seed": 766 },{ "seed": 848 },{ "seed": 849 },{ "seed": 880 },{ "seed": 912 },{ "seed": 923 },{ "seed": 952 },{ "seed": 954 },{ "seed": 977 },{ "seed": 1007 },{ "seed": 1094 },{ "seed": 1125 },{ "seed": 1144 },{ "seed": 1153 },{ "seed": 1180 },{ "seed": 1183 },{ "seed": 1222 },{ "seed": 1240 },{ "seed": 1377 },{ "seed": 1420 },{ "seed": 1445 },{ "seed": 1453 },{ "seed": 1521 },{ "seed": 1567 },{ "seed": 1582 },{ "seed": 1589 },{ "seed": 1601 },{ "seed": 1616 },{ "seed": 1635 },{ "seed": 1646 },{ "seed": 1690 },{ "seed": 1702 },{ "seed": 1727 },{ "seed": 1752 },{ "seed": 1842 },{ "seed": 1866 },{ "seed": 1881 },{ "seed": 1942 },{ "seed": 1966 },{ "seed": 1973 },{ "seed": 2006 },{ "seed": 2147 },{ "seed": 2156 },{ "seed": 2187 },{ "seed": 2244 },{ "seed": 2304 },{ "seed": 2311 },{ "seed": 2387 },{ "seed": 2391 },{ "seed": 2399 },{ "seed": 2421 },{ "seed": 2461 },{ "seed": 2468 },{ "seed": 2496 },{ "seed": 2502 },{ "seed": 2521 },{ "seed": 2535 },{ "seed": 2546 },{ "seed": 2603 },{ "seed": 2661 },{ "seed": 2686 },{ "seed": 2851 },{ "seed": 3013 },{ "seed": 3058 },{ "seed": 3072 },{ "seed": 3077 },{ "seed": 3108 },{ "seed": 3132 },{ "seed": 3154 },{ "seed": 3165 },{ "seed": 3169 },{ "seed": 3189 },{ "seed": 3206 },{ "seed": 3236 },{ "seed": 3239 },{ "seed": 3262 },{ "seed": 3281 },{ "seed": 3284 },{ "seed": 3309 },{ "seed": 3393 },{ "seed": 3400 },{ "seed": 3415 },{ "seed": 3425 },{ "seed": 3449 },{ "seed": 3479 },{ "seed": 3513 },{ "seed": 3530 },{ "seed": 3542 },{ "seed": 3574 },{ "seed": 3592 },{ "seed": 3635 },{ "seed": 3648 },{ "seed": 3705 },{ "seed": 3710 },{ "seed": 3716 },{ "seed": 3729 },{ "seed": 3744 },{ "seed": 3764 },{ "seed": 3802 },{ "seed": 3824 },{ "seed": 3839 },{ "seed": 3867 },{ "seed": 3894 },{ "seed": 3897 },{ "seed": 3917 },{ "seed": 3991 },{ "seed": 4014 },{ "seed": 4025 },{ "seed": 4038 },{ "seed": 4088 },{ "seed": 4089 },{ "seed": 4159 },{ "seed": 4239 },{ "seed": 4283 },{ "seed": 4323 },{ "seed": 4343 },{ "seed": 4351 },{ "seed": 4380 },{ "seed": 4584 },{ "seed": 4664 },{ "seed": 4719 },{ "seed": 4756 },{ "seed": 4757 },{ "seed": 4758 },{ "seed": 4763 },{ "seed": 4782 },{ "seed": 4833 },{ "seed": 4880 },{ "seed": 5016 },{ "seed": 5019 },{ "seed": 5050 },{ "seed": 5104 },{ "seed": 5112 },{ "seed": 5197 },{ "seed": 5203 },{ "seed": 5253 },{ "seed": 5303 },{ "seed": 5321 },{ "seed": 5371 },{ "seed": 5385 },{ "seed": 5427 },{ "seed": 5447 },{ "seed": 5457 },{ "seed": 5460 },{ "seed": 5487 },{ "seed": 5490 },{ "seed": 5530 },{ "seed": 5535 },{ "seed": 5563 },{ "seed": 5601 },{ "seed": 5602 },{ "seed": 5645 },{ "seed": 5648 },{ "seed": 5680 },{ "seed": 5690 },{ "seed": 5721 },{ "seed": 5729 },{ "seed": 5730 },{ "seed": 5773 },{ "seed": 5792 },{ "seed": 5799 },{ "seed": 5816 },{ "seed": 5851 },{ "seed": 5915 },{ "seed": 5949 },{ "seed": 5983 },{ "seed": 6049 },{ "seed": 6073 },{ "seed": 6082 },{ "seed": 6109 },{ "seed": 6186 },{ "seed": 6204 },{ "seed": 6256 },{ "seed": 6295 },{ "seed": 6341 },{ "seed": 6348 },{ "seed": 6396 },{ "seed": 6421 },{ "seed": 6449 },{ "seed": 6454 },{ "seed": 6458 },{ "seed": 6624 },{ "seed": 6627 },{ "seed": 6629 },{ "seed": 6700 },{ "seed": 6762 },{ "seed": 6771 },{ "seed": 6785 },{ "seed": 6832 },{ "seed": 6868 },{ "seed": 6880 },{ "seed": 6911 },{ "seed": 6923 },{ "seed": 6934 },{ "seed": 6998 },{ "seed": 7001 },{ "seed": 7014 },{ "seed": 7015 },{ "seed": 7019 },{ "seed": 7024 },{ "seed": 7080 },{ "seed": 7158 },{ "seed": 7193 },{ "seed": 7210 },{ "seed": 7313 },{ "seed": 7332 },{ "seed": 7334 },{ "seed": 7335 },{ "seed": 7439 },{ "seed": 7522 },{ "seed": 7524 },{ "seed": 7608 },{ "seed": 7619 },{ "seed": 7669 },{ "seed": 7787 },{ "seed": 7801 },{ "seed": 7810 },{ "seed": 7816 },{ "seed": 7864 },{ "seed": 7931 },{ "seed": 7936 },{ "seed": 7968 },{ "seed": 7979 },{ "seed": 7993 },{ "seed": 7994 },{ "seed": 8024 },{ "seed": 8098 },{ "seed": 8122 },{ "seed": 8135 },{ "seed": 8196 },{ "seed": 8201 },{ "seed": 8289 },{ "seed": 8290 },{ "seed": 8335 },{ "seed": 8416 },{ "seed": 8434 },{ "seed": 8460 },{ "seed": 8475 },{ "seed": 8499 },{ "seed": 8505 },{ "seed": 8554 },{ "seed": 8555 },{ "seed": 8611 },{ "seed": 8637 },{ "seed": 8647 },{ "seed": 8687 },{ "seed": 8728 },{ "seed": 8729 },{ "seed": 8779 },{ "seed": 8800 },{ "seed": 8827 },{ "seed": 8828 },{ "seed": 8835 },{ "seed": 8938 },{ "seed": 8945 },{ "seed": 8946 },{ "seed": 8949 },{ "seed": 8978 },{ "seed": 8984 },{ "seed": 8990 },{ "seed": 9020 },{ "seed": 9026 },{ "seed": 9052 },{ "seed": 9064 },{ "seed": 9073 },{ "seed": 9083 },{ "seed": 9121 },{ "seed": 9135 },{ "seed": 9181 },{ "seed": 9217 },{ "seed": 9220 },{ "seed": 9271 },{ "seed": 9274 },{ "seed": 9278 },{ "seed": 9296 },{ "seed": 9345 },{ "seed": 9367 },{ "seed": 9382 },{ "seed": 9415 },{ "seed": 9450 },{ "seed": 9493 },{ "seed": 9530 },{ "seed": 9585 },{ "seed": 9609 },{ "seed": 9612 },{ "seed": 9628 },{ "seed": 9671 },{ "seed": 9685 },{ "seed": 9686 },{ "seed": 9712 },{ "seed": 9731 },{ "seed": 9737 },{ "seed": 9831 },{ "seed": 9843 },{ "seed": 9869 },{ "seed": 9876 },{ "seed": 9934 },{ "seed": 9953 },{ "seed": 10054 },{ "seed": 10072 },{ "seed": 10073 },{ "seed": 10087 },{ "seed": 10105 },{ "seed": 10151 },{ "seed": 10160 },{ "seed": 10169 },{ "seed": 10176 },{ "seed": 10178 },{ "seed": 10229 },{ "seed": 10449 },{ "seed": 10455 },{ "seed": 10456 },{ "seed": 10463 },{ "seed": 10493 },{ "seed": 10510 },{ "seed": 10597 },{ "seed": 10705 },{ "seed": 10729 },{ "seed": 10745 },{ "seed": 10785 },{ "seed": 10806 },{ "seed": 10809 },{ "seed": 10810 },{ "seed": 10817 },{ "seed": 10882 },{ "seed": 10903 },{ "seed": 10993 },{ "seed": 11008 },{ "seed": 11029 },{ "seed": 11069 },{ "seed": 11092 },{ "seed": 11110 },{ "seed": 11179 },{ "seed": 11209 },{ "seed": 11249 },{ "seed": 11300 },{ "seed": 11430 },{ "seed": 11434 },{ "seed": 11475 },{ "seed": 11507 },{ "seed": 11617 },{ "seed": 11635 },{ "seed": 11746 },{ "seed": 11764 },{ "seed": 11807 },{ "seed": 11808 },{ "seed": 11869 },{ "seed": 11903 },{ "seed": 11907 },{ "seed": 11923 },{ "seed": 11947 },{ "seed": 11965 },{ "seed": 11969 },{ "seed": 11973 },{ "seed": 11987 },{ "seed": 11992 },{ "seed": 12003 },{ "seed": 12006 },{ "seed": 12069 },{ "seed": 12122 },{ "seed": 12128 },{ "seed": 12157 },{ "seed": 12165 },{ "seed": 12218 },{ "seed": 12409 },{ "seed": 12411 },{ "seed": 12518 },{ "seed": 12522 },{ "seed": 12534 },{ "seed": 12543 },{ "seed": 12553 },{ "seed": 12556 },{ "seed": 12616 },{ "seed": 12623 },{ "seed": 12704 },{ "seed": 12720 },{ "seed": 12737 },{ "seed": 12744 },{ "seed": 12746 },{ "seed": 12769 },{ "seed": 12776 },{ "seed": 12824 },{ "seed": 12917 },{ "seed": 12931 },{ "seed": 12962 },{ "seed": 12982 },{ "seed": 13028 },{ "seed": 13039 },{ "seed": 13083 },{ "seed": 13088 },{ "seed": 13131 },{ "seed": 13181 },{ "seed": 13195 },{ "seed": 13227 },{ "seed": 13236 },{ "seed": 13311 },{ "seed": 13320 },{ "seed": 13357 },{ "seed": 13372 },{ "seed": 13377 },{ "seed": 13390 },{ "seed": 13393 },{ "seed": 13402 },{ "seed": 13413 },{ "seed": 13440 },{ "seed": 13456 },{ "seed": 13472 },{ "seed": 13483 },{ "seed": 13490 },{ "seed": 13539 },{ "seed": 13554 },{ "seed": 13576 },{ "seed": 13585 },{ "seed": 13641 },{ "seed": 13654 },{ "seed": 13672 },{ "seed": 13700 },{ "seed": 13722 },{ "seed": 13727 },{ "seed": 13730 },{ "seed": 13744 },{ "seed": 13766 },{ "seed": 13769 },{ "seed": 13789 },{ "seed": 13799 },{ "seed": 13849 },{ "seed": 13955 },{ "seed": 13959 },{ "seed": 13966 },{ "seed": 13990 },{ "seed": 14080 },{ "seed": 14095 },{ "seed": 14147 },{ "seed": 14149 },{ "seed": 14160 },{ "seed": 14189 },{ "seed": 14215 },{ "seed": 14220 },{ "seed": 14234 },{ "seed": 14272 },{ "seed": 14282 },{ "seed": 14287 },{ "seed": 14292 },{ "seed": 14342 },{ "seed": 14364 },{ "seed": 14402 },{ "seed": 14455 },{ "seed": 14554 },{ "seed": 14600 },{ "seed": 14617 },{ "seed": 14684 },{ "seed": 14712 },{ "seed": 14734 },{ "seed": 14760 },{ "seed": 14822 },{ "seed": 14835 },{ "seed": 14986 },{ "seed": 15032 },{ "seed": 15041 },{ "seed": 15052 },{ "seed": 15113 },{ "seed": 15141 },{ "seed": 15148 },{ "seed": 15153 },{ "seed": 15193 },{ "seed": 15218 },{ "seed": 15267 },{ "seed": 15277 },{ "seed": 15325 },{ "seed": 15370 },{ "seed": 15405 },{ "seed": 15446 },{ "seed": 15532 },{ "seed": 15565 },{ "seed": 15680 },{ "seed": 15706 },{ "seed": 15707 },{ "seed": 15725 },{ "seed": 15753 },{ "seed": 15804 },{ "seed": 15812 },{ "seed": 15818 },{ "seed": 15819 },{ "seed": 15827 },{ "seed": 15861 },{ "seed": 15882 },{ "seed": 15906 },{ "seed": 15916 },{ "seed": 15931 },{ "seed": 15959 },{ "seed": 15966 },{ "seed": 15980 },{ "seed": 15989 },{ "seed": 16007 },{ "seed": 16018 },{ "seed": 16052 },{ "seed": 16079 },{ "seed": 16096 },{ "seed": 16100 },{ "seed": 16119 },{ "seed": 16180 },{ "seed": 16193 },{ "seed": 16200 },{ "seed": 16286 },{ "seed": 16335 },{ "seed": 16389 },{ "seed": 16391 },{ "seed": 16415 },{ "seed": 16452 },{ "seed": 16492 },{ "seed": 16501 },{ "seed": 16511 },{ "seed": 16514 },{ "seed": 16527 },{ "seed": 16572 },{ "seed": 16599 },{ "seed": 16618 },{ "seed": 16619 },{ "seed": 16638 },{ "seed": 16646 },{ "seed": 16696 },{ "seed": 16800 },{ "seed": 16868 },{ "seed": 16910 },{ "seed": 17004 },{ "seed": 17018 },{ "seed": 17048 },{ "seed": 17060 },{ "seed": 17082 },{ "seed": 17088 },{ "seed": 17107 },{ "seed": 17157 },{ "seed": 17197 },{ "seed": 17201 },{ "seed": 17203 },{ "seed": 17205 },{ "seed": 17220 },{ "seed": 17260 },{ "seed": 17279 },{ "seed": 17322 },{ "seed": 17350 },{ "seed": 17360 },{ "seed": 17367 },{ "seed": 17396 },{ "seed": 17428 },{ "seed": 17429 },{ "seed": 17462 },{ "seed": 17476 },{ "seed": 17517 },{ "seed": 17539 },{ "seed": 17571 },{ "seed": 17578 },{ "seed": 17588 },{ "seed": 17593 },{ "seed": 17595 },{ "seed": 17624 },{ "seed": 17655 },{ "seed": 17661 },{ "seed": 17679 },{ "seed": 17686 },{ "seed": 17702 },{ "seed": 17718 },{ "seed": 17744 },{ "seed": 17784 },{ "seed": 17834 },{ "seed": 17853 },{ "seed": 17905 },{ "seed": 17910 },{ "seed": 17971 },{ "seed": 17993 },{ "seed": 17996 },{ "seed": 18026 },{ "seed": 18048 },{ "seed": 18053 },{ "seed": 18101 },{ "seed": 18102 },{ "seed": 18129 },{ "seed": 18138 },{ "seed": 18158 },{ "seed": 18181 },{ "seed": 18271 },{ "seed": 18287 },{ "seed": 18305 },{ "seed": 18309 },{ "seed": 18321 },{ "seed": 18353 },{ "seed": 18380 },{ "seed": 18405 },{ "seed": 18410 },{ "seed": 18459 },{ "seed": 18500 },{ "seed": 18514 },{ "seed": 18541 },{ "seed": 18581 },{ "seed": 18629 },{ "seed": 18647 },{ "seed": 18650 },{ "seed": 18714 },{ "seed": 18729 },{ "seed": 18752 },{ "seed": 18823 },{ "seed": 19023 },{ "seed": 19030 },{ "seed": 19070 },{ "seed": 19089 },{ "seed": 19098 },{ "seed": 19135 },{ "seed": 19179 },{ "seed": 19189 },{ "seed": 19196 },{ "seed": 19315 },{ "seed": 19346 },{ "seed": 19389 },{ "seed": 19398 },{ "seed": 19425 },{ "seed": 19446 },{ "seed": 19487 },{ "seed": 19496 },{ "seed": 19537 },{ "seed": 19555 },{ "seed": 19585 },{ "seed": 19589 },{ "seed": 19601 },{ "seed": 19616 },{ "seed": 19640 },{ "seed": 19665 },{ "seed": 19715 },{ "seed": 19777 },{ "seed": 19823 },{ "seed": 19840 },{ "seed": 19890 },{ "seed": 19920 },{ "seed": 19944 },{ "seed": 20026 },{ "seed": 20045 },{ "seed": 20172 },{ "seed": 20199 },{ "seed": 20260 },{ "seed": 20285 },{ "seed": 20300 },{ "seed": 20317 },{ "seed": 20433 },{ "seed": 20460 },{ "seed": 20470 },{ "seed": 20542 },{ "seed": 20565 },{ "seed": 20570 },{ "seed": 20605 },{ "seed": 20620 },{ "seed": 20667 },{ "seed": 20674 },{ "seed": 20688 },{ "seed": 20719 },{ "seed": 20746 },{ "seed": 20781 },{ "seed": 20784 },{ "seed": 20810 },{ "seed": 20833 },{ "seed": 20882 },{ "seed": 20887 },{ "seed": 20906 },{ "seed": 20917 },{ "seed": 20940 },{ "seed": 20966 },{ "seed": 21034 },{ "seed": 21036 },{ "seed": 21048 },{ "seed": 21080 },{ "seed": 21091 },{ "seed": 21102 },{ "seed": 21103 },{ "seed": 21169 },{ "seed": 21202 },{ "seed": 21212 },{ "seed": 21214 },{ "seed": 21272 },{ "seed": 21273 },{ "seed": 21320 },{ "seed": 21324 },{ "seed": 21335 },{ "seed": 21402 },{ "seed": 21448 },{ "seed": 21451 },{ "seed": 21456 },{ "seed": 21490 },{ "seed": 21549 },{ "seed": 21603 },{ "seed": 21649 },{ "seed": 21653 },{ "seed": 21694 },{ "seed": 21699 },{ "seed": 21734 },{ "seed": 21843 },{ "seed": 21852 },{ "seed": 21891 },{ "seed": 21912 },{ "seed": 21981 },{ "seed": 21994 },{ "seed": 22000 },{ "seed": 22038 },{ "seed": 22076 },{ "seed": 22100 },{ "seed": 22102 },{ "seed": 22178 },{ "seed": 22192 },{ "seed": 22221 },{ "seed": 22248 },{ "seed": 22269 },{ "seed": 22281 },{ "seed": 22380 },{ "seed": 22399 },{ "seed": 22431 },{ "seed": 22447 },{ "seed": 22462 },{ "seed": 22494 },{ "seed": 22496 },{ "seed": 22564 },{ "seed": 22604 },{ "seed": 22617 },{ "seed": 22631 },{ "seed": 22668 },{ "seed": 22670 },{ "seed": 22704 },{ "seed": 22716 },{ "seed": 22778 },{ "seed": 22804 },{ "seed": 22824 },{ "seed": 22849 },{ "seed": 22865 },{ "seed": 22869 },{ "seed": 22901 },{ "seed": 22906 },{ "seed": 22938 },{ "seed": 22943 },{ "seed": 22953 },{ "seed": 22997 },{ "seed": 23025 },{ "seed": 23030 },{ "seed": 23048 },{ "seed": 23086 },{ "seed": 23134 },{ "seed": 23148 },{ "seed": 23161 },{ "seed": 23162 },{ "seed": 23181 },{ "seed": 23187 },{ "seed": 23193 },{ "seed": 23238 },{ "seed": 23356 },{ "seed": 23359 },{ "seed": 23369 },{ "seed": 23455 },{ "seed": 23459 },{ "seed": 23460 },{ "seed": 23488 },{ "seed": 23501 },{ "seed": 23509 },{ "seed": 23596 },{ "seed": 23603 },{ "seed": 23671 },{ "seed": 23686 },{ "seed": 23723 },{ "seed": 23749 },{ "seed": 23750 },{ "seed": 23783 },{ "seed": 23784 },{ "seed": 23811 },{ "seed": 23817 },{ "seed": 23837 },{ "seed": 23845 },{ "seed": 23864 },{ "seed": 23929 },{ "seed": 24066 },{ "seed": 24084 },{ "seed": 24107 },{ "seed": 24123 },{ "seed": 24138 },{ "seed": 24185 },{ "seed": 24191 },{ "seed": 24249 },{ "seed": 24262 },{ "seed": 24266 },{ "seed": 24282 },{ "seed": 24290 },{ "seed": 24299 },{ "seed": 24539 },{ "seed": 24558 },{ "seed": 24571 },{ "seed": 24576 },{ "seed": 24655 },{ "seed": 24700 },{ "seed": 24743 },{ "seed": 24829 },{ "seed": 24830 },{ "seed": 24854 },{ "seed": 24887 },{ "seed": 24895 },{ "seed": 24902 },{ "seed": 24914 },{ "seed": 24931 },{ "seed": 24940 },{ "seed": 25004 },{ "seed": 25013 },{ "seed": 25016 },{ "seed": 25081 },{ "seed": 25090 },{ "seed": 25126 },{ "seed": 25136 },{ "seed": 25143 },{ "seed": 25151 },{ "seed": 25210 },{ "seed": 25243 },{ "seed": 25310 },{ "seed": 25356 },{ "seed": 25431 },{ "seed": 25445 },{ "seed": 25476 },{ "seed": 25568 },{ "seed": 25592 },{ "seed": 25604 },{ "seed": 25650 },{ "seed": 25653 },{ "seed": 25732 },{ "seed": 25763 },{ "seed": 25785 },{ "seed": 25818 },{ "seed": 25842 },{ "seed": 25844 },{ "seed": 25870 },{ "seed": 25927 },{ "seed": 25989 },{ "seed": 25995 },{ "seed": 26029 },{ "seed": 26057 },{ "seed": 26082 },{ "seed": 26083 },{ "seed": 26110 },{ "seed": 26195 },{ "seed": 26284 },{ "seed": 26285 },{ "seed": 26295 },{ "seed": 26299 },{ "seed": 26304 },{ "seed": 26362 },{ "seed": 26364 },{ "seed": 26369 },{ "seed": 26416 },{ "seed": 26441 },{ "seed": 26493 },{ "seed": 26518 },{ "seed": 26527 },{ "seed": 26582 },{ "seed": 26607 },{ "seed": 26614 },{ "seed": 26644 },{ "seed": 26668 },{ "seed": 26737 },{ "seed": 26749 },{ "seed": 26751 },{ "seed": 26783 },{ "seed": 26807 },{ "seed": 26955 },{ "seed": 27012 },{ "seed": 27016 },{ "seed": 27038 },{ "seed": 27039 },{ "seed": 27066 },{ "seed": 27130 },{ "seed": 27139 },{ "seed": 27168 },{ "seed": 27173 },{ "seed": 27216 },{ "seed": 27222 },{ "seed": 27251 },{ "seed": 27438 },{ "seed": 27447 },{ "seed": 27458 },{ "seed": 27467 },{ "seed": 27489 },{ "seed": 27490 },{ "seed": 27510 },{ "seed": 27528 },{ "seed": 27557 },{ "seed": 27578 },{ "seed": 27604 },{ "seed": 27619 },{ "seed": 27662 },{ "seed": 27663 },{ "seed": 27736 },{ "seed": 27749 },{ "seed": 27805 },{ "seed": 27828 },{ "seed": 27832 },{ "seed": 27836 },{ "seed": 27849 },{ "seed": 27864 },{ "seed": 27897 },{ "seed": 27937 },{ "seed": 27965 },{ "seed": 27992 },{ "seed": 28000 },{ "seed": 28025 },{ "seed": 28030 },{ "seed": 28079 },{ "seed": 28098 },{ "seed": 28109 },{ "seed": 28137 },{ "seed": 28171 },{ "seed": 28187 },{ "seed": 28189 },{ "seed": 28284 },{ "seed": 28362 },{ "seed": 28371 },{ "seed": 28470 },{ "seed": 28498 },{ "seed": 28547 },{ "seed": 28550 },{ "seed": 28617 },{ "seed": 28634 },{ "seed": 28696 },{ "seed": 28750 },{ "seed": 28772 },{ "seed": 28818 },{ "seed": 28835 },{ "seed": 28884 },{ "seed": 28896 },{ "seed": 28910 },{ "seed": 28935 },{ "seed": 28942 },{ "seed": 28946 },{ "seed": 28950 },{ "seed": 28977 },{ "seed": 29026 },{ "seed": 29082 },{ "seed": 29130 },{ "seed": 29173 },{ "seed": 29196 },{ "seed": 29200 },{ "seed": 29282 },{ "seed": 29303 },{ "seed": 29334 },{ "seed": 29383 },{ "seed": 29389 },{ "seed": 29391 },{ "seed": 29399 },{ "seed": 29412 },{ "seed": 29460 },{ "seed": 29505 },{ "seed": 29580 },{ "seed": 29586 },{ "seed": 29622 },{ "seed": 29625 },{ "seed": 29673 },{ "seed": 29694 },{ "seed": 29736 },{ "seed": 29778 },{ "seed": 29802 },{ "seed": 29817 },{ "seed": 29845 },{ "seed": 29859 },{ "seed": 29874 },{ "seed": 29876 },{ "seed": 29884 },{ "seed": 29901 },{ "seed": 29905 },{ "seed": 29998 },{ "seed": 30001 },{ "seed": 30019 },{ "seed": 30023 },{ "seed": 30040 },{ "seed": 30051 },{ "seed": 30088 },{ "seed": 30118 },{ "seed": 30176 },{ "seed": 30237 },{ "seed": 30286 },{ "seed": 30287 },{ "seed": 30288 },{ "seed": 30295 },{ "seed": 30341 },{ "seed": 30402 },{ "seed": 30432 },{ "seed": 30460 },{ "seed": 30462 },{ "seed": 30551 },{ "seed": 30558 },{ "seed": 30566 },{ "seed": 30580 },{ "seed": 30627 },{ "seed": 30652 },{ "seed": 30687 },{ "seed": 30691 },{ "seed": 30778 },{ "seed": 30783 },{ "seed": 30824 },{ "seed": 30832 },{ "seed": 30852 },{ "seed": 30857 },{ "seed": 30860 },{ "seed": 30909 },{ "seed": 30919 },{ "seed": 30953 },{ "seed": 30968 },{ "seed": 30998 },{ "seed": 31019 },{ "seed": 31035 },{ "seed": 31048 },{ "seed": 31080 },{ "seed": 31086 },{ "seed": 31129 },{ "seed": 31139 },{ "seed": 31159 },{ "seed": 31181 },{ "seed": 31202 },{ "seed": 31207 },{ "seed": 31208 },{ "seed": 31306 },{ "seed": 31331 },{ "seed": 31334 },{ "seed": 31373 },{ "seed": 31465 },{ "seed": 31485 },{ "seed": 31497 },{ "seed": 31532 },{ "seed": 31537 },{ "seed": 31586 },{ "seed": 31681 },{ "seed": 31720 },{ "seed": 31769 },{ "seed": 31807 },{ "seed": 31810 },{ "seed": 31821 },{ "seed": 31831 },{ "seed": 31856 },{ "seed": 31950 },{ "seed": 31955 },{ "seed": 31968 },{ "seed": 31969 },{ "seed": 31996 },{ "seed": 32030 },{ "seed": 32032 },{ "seed": 32105 },{ "seed": 32113 },{ "seed": 32120 },{ "seed": 32152 },{ "seed": 32171 },{ "seed": 32175 },{ "seed": 32314 },{ "seed": 32342 },{ "seed": 32429 },{ "seed": 32500 },{ "seed": 32564 },{ "seed": 32605 },{ "seed": 32646 },{ "seed": 32717 },{ "seed": 32745 },{ "seed": 32760 },{ "seed": 32815 },{ "seed": 32876 },{ "seed": 32923 },{ "seed": 32944 },{ "seed": 32984 },{ "seed": 33015 },{ "seed": 33077 },{ "seed": 33104 },{ "seed": 33106 },{ "seed": 33144 },{ "seed": 33175 },{ "seed": 33178 },{ "seed": 33210 },{ "seed": 33224 },{ "seed": 33226 },{ "seed": 33239 },{ "seed": 33284 },{ "seed": 33292 },{ "seed": 33295 },{ "seed": 33308 },{ "seed": 33370 },{ "seed": 33393 },{ "seed": 33397 },{ "seed": 33424 },{ "seed": 33430 },{ "seed": 33475 },{ "seed": 33480 },{ "seed": 33497 },{ "seed": 33538 },{ "seed": 33626 },{ "seed": 33635 },{ "seed": 33758 },{ "seed": 33794 },{ "seed": 33812 },{ "seed": 33825 },{ "seed": 33838 },{ "seed": 33850 },{ "seed": 33861 },{ "seed": 33877 },{ "seed": 33935 },{ "seed": 33943 },{ "seed": 33962 },{ "seed": 33996 },{ "seed": 34069 },{ "seed": 34089 },{ "seed": 34132 },{ "seed": 34159 },{ "seed": 34161 },{ "seed": 34168 },{ "seed": 34170 },{ "seed": 34219 },{ "seed": 34223 },{ "seed": 34252 },{ "seed": 34320 },{ "seed": 34338 },{ "seed": 34371 },{ "seed": 34423 },{ "seed": 34459 },{ "seed": 34497 },{ "seed": 34509 },{ "seed": 34555 },{ "seed": 34564 },{ "seed": 34574 },{ "seed": 34611 },{ "seed": 34716 },{ "seed": 34726 },{ "seed": 34774 },{ "seed": 34790 },{ "seed": 34796 },{ "seed": 34826 },{ "seed": 34868 },{ "seed": 34891 },{ "seed": 34895 },{ "seed": 34987 },{ "seed": 34995 },{ "seed": 35022 },{ "seed": 35051 },{ "seed": 35056 },{ "seed": 35060 },{ "seed": 35079 },{ "seed": 35105 },{ "seed": 35118 },{ "seed": 35146 },{ "seed": 35168 },{ "seed": 35234 },{ "seed": 35252 },{ "seed": 35263 },{ "seed": 35315 },{ "seed": 35327 },{ "seed": 35360 },{ "seed": 35361 },{ "seed": 35413 },{ "seed": 35444 },{ "seed": 35463 },{ "seed": 35512 },{ "seed": 35535 },{ "seed": 35557 },{ "seed": 35569 },{ "seed": 35616 },{ "seed": 35624 },{ "seed": 35646 },{ "seed": 35672 },{ "seed": 35676 },{ "seed": 35686 },{ "seed": 35740 },{ "seed": 35766 },{ "seed": 35776 },{ "seed": 35811 },{ "seed": 35814 },{ "seed": 35848 },{ "seed": 35890 },{ "seed": 35904 },{ "seed": 35931 },{ "seed": 35994 },{ "seed": 36001 },{ "seed": 36110 },{ "seed": 36135 },{ "seed": 36149 },{ "seed": 36156 },{ "seed": 36169 },{ "seed": 36254 },{ "seed": 36282 },{ "seed": 36307 },{ "seed": 36340 },{ "seed": 36384 },{ "seed": 36491 },{ "seed": 36534 },{ "seed": 36571 },{ "seed": 36589 },{ "seed": 36611 },{ "seed": 36738 },{ "seed": 36757 },{ "seed": 36836 },{ "seed": 36849 },{ "seed": 36850 },{ "seed": 36898 },{ "seed": 36949 },{ "seed": 36968 },{ "seed": 36983 },{ "seed": 36998 },{ "seed": 37010 },{ "seed": 37017 },{ "seed": 37071 },{ "seed": 37100 },{ "seed": 37111 },{ "seed": 37188 },{ "seed": 37242 },{ "seed": 37298 },{ "seed": 37324 },{ "seed": 37377 },{ "seed": 37378 },{ "seed": 37388 },{ "seed": 37528 },{ "seed": 37529 },{ "seed": 37539 },{ "seed": 37563 },{ "seed": 37574 },{ "seed": 37650 },{ "seed": 37683 },{ "seed": 37708 },{ "seed": 37732 },{ "seed": 37740 },{ "seed": 37742 },{ "seed": 37744 },{ "seed": 37766 },{ "seed": 37782 },{ "seed": 37790 },{ "seed": 37813 },{ "seed": 37838 },{ "seed": 37857 },{ "seed": 37871 },{ "seed": 37920 },{ "seed": 37938 },{ "seed": 38042 },{ "seed": 38046 },{ "seed": 38090 },{ "seed": 38142 },{ "seed": 38146 },{ "seed": 38176 },{ "seed": 38184 },{ "seed": 38186 },{ "seed": 38212 },{ "seed": 38227 },{ "seed": 38262 },{ "seed": 38323 },{ "seed": 38332 },{ "seed": 38419 },{ "seed": 38455 },{ "seed": 38464 },{ "seed": 38515 },{ "seed": 38574 },{ "seed": 38581 },{ "seed": 38643 },{ "seed": 38665 },{ "seed": 38670 },{ "seed": 38680 },{ "seed": 38688 },{ "seed": 38710 },{ "seed": 38769 },{ "seed": 38805 },{ "seed": 38821 },{ "seed": 38827 },{ "seed": 38882 },{ "seed": 38895 },{ "seed": 38900 },{ "seed": 38902 },{ "seed": 38950 },{ "seed": 38963 },{ "seed": 38967 },{ "seed": 39020 },{ "seed": 39030 },{ "seed": 39045 },{ "seed": 39068 },{ "seed": 39069 },{ "seed": 39118 },{ "seed": 39127 },{ "seed": 39157 },{ "seed": 39159 },{ "seed": 39173 },{ "seed": 39182 },{ "seed": 39184 },{ "seed": 39202 },{ "seed": 39225 },{ "seed": 39264 },{ "seed": 39285 },{ "seed": 39334 },{ "seed": 39422 },{ "seed": 39473 },{ "seed": 39599 },{ "seed": 39602 },{ "seed": 39606 },{ "seed": 39617 },{ "seed": 39621 },{ "seed": 39638 },{ "seed": 39653 },{ "seed": 39674 },{ "seed": 39676 },{ "seed": 39698 },{ "seed": 39780 },{ "seed": 39801 },{ "seed": 39863 },{ "seed": 39908 },{ "seed": 39937 },{ "seed": 39950 },{ "seed": 39968 },{ "seed": 39969 },{ "seed": 40023 },{ "seed": 40036 },{ "seed": 40055 },{ "seed": 40091 },{ "seed": 40100 },{ "seed": 40136 },{ "seed": 40166 },{ "seed": 40168 },{ "seed": 40212 },{ "seed": 40248 },{ "seed": 40263 },{ "seed": 40296 },{ "seed": 40321 },{ "seed": 40344 },{ "seed": 40362 },{ "seed": 40390 },{ "seed": 40419 },{ "seed": 40429 },{ "seed": 40462 },{ "seed": 40501 },{ "seed": 40519 },{ "seed": 40535 },{ "seed": 40585 },{ "seed": 40588 },{ "seed": 40600 },{ "seed": 40669 },{ "seed": 40670 },{ "seed": 40672 },{ "seed": 40701 },{ "seed": 40712 },{ "seed": 40752 },{ "seed": 40757 },{ "seed": 40775 },{ "seed": 40779 },{ "seed": 40858 },{ "seed": 40908 },{ "seed": 40926 },{ "seed": 40930 },{ "seed": 41023 },{ "seed": 41054 },{ "seed": 41069 },{ "seed": 41115 },{ "seed": 41123 },{ "seed": 41170 },{ "seed": 41174 },{ "seed": 41240 },{ "seed": 41292 },{ "seed": 41306 },{ "seed": 41329 },{ "seed": 41361 },{ "seed": 41404 },{ "seed": 41419 },{ "seed": 41440 },{ "seed": 41480 },{ "seed": 41495 },{ "seed": 41510 },{ "seed": 41527 },{ "seed": 41541 },{ "seed": 41552 },{ "seed": 41591 },{ "seed": 41700 },{ "seed": 41701 },{ "seed": 41721 },{ "seed": 41727 },{ "seed": 41733 },{ "seed": 41787 },{ "seed": 41808 },{ "seed": 41819 },{ "seed": 41831 },{ "seed": 41869 },{ "seed": 41882 },{ "seed": 41918 },{ "seed": 41936 },{ "seed": 42039 },{ "seed": 42051 },{ "seed": 42210 },{ "seed": 42230 },{ "seed": 42266 },{ "seed": 42289 },{ "seed": 42295 },{ "seed": 42331 },{ "seed": 42385 },{ "seed": 42420 },{ "seed": 42459 },{ "seed": 42488 },{ "seed": 42528 },{ "seed": 42529 },{ "seed": 42551 },{ "seed": 42665 },{ "seed": 42706 },{ "seed": 42729 },{ "seed": 42731 },{ "seed": 42743 },{ "seed": 42753 },{ "seed": 42778 },{ "seed": 42787 },{ "seed": 42832 },{ "seed": 42876 },{ "seed": 42904 },{ "seed": 42924 },{ "seed": 42948 },{ "seed": 42951 },{ "seed": 42985 },{ "seed": 42996 },{ "seed": 43028 },{ "seed": 43033 },{ "seed": 43054 },{ "seed": 43149 },{ "seed": 43155 },{ "seed": 43171 },{ "seed": 43172 },{ "seed": 43196 },{ "seed": 43246 },{ "seed": 43297 },{ "seed": 43315 },{ "seed": 43353 },{ "seed": 43362 },{ "seed": 43418 },{ "seed": 43544 },{ "seed": 43556 },{ "seed": 43583 },{ "seed": 43634 },{ "seed": 43661 },{ "seed": 43715 },{ "seed": 43729 },{ "seed": 43730 },{ "seed": 43755 },{ "seed": 43760 },{ "seed": 43788 },{ "seed": 43851 },{ "seed": 43875 },{ "seed": 43889 },{ "seed": 43917 },{ "seed": 43930 },{ "seed": 43965 },{ "seed": 44067 },{ "seed": 44084 },{ "seed": 44087 },{ "seed": 44089 },{ "seed": 44133 },{ "seed": 44183 },{ "seed": 44200 },{ "seed": 44201 },{ "seed": 44252 },{ "seed": 44333 },{ "seed": 44433 },{ "seed": 44461 },{ "seed": 44475 },{ "seed": 44521 },{ "seed": 44522 },{ "seed": 44532 },{ "seed": 44579 },{ "seed": 44671 },{ "seed": 44686 },{ "seed": 44698 },{ "seed": 44732 },{ "seed": 44803 },{ "seed": 44858 },{ "seed": 44892 },{ "seed": 44940 },{ "seed": 44966 },{ "seed": 45079 },{ "seed": 45086 },{ "seed": 45134 },{ "seed": 45139 },{ "seed": 45143 },{ "seed": 45173 },{ "seed": 45187 },{ "seed": 45189 },{ "seed": 45190 },{ "seed": 45223 },{ "seed": 45282 },{ "seed": 45309 },{ "seed": 45317 },{ "seed": 45335 },{ "seed": 45347 },{ "seed": 45350 },{ "seed": 45355 },{ "seed": 45358 },{ "seed": 45383 },{ "seed": 45397 },{ "seed": 45436 },{ "seed": 45459 },{ "seed": 45508 },{ "seed": 45536 },{ "seed": 45545 },{ "seed": 45574 },{ "seed": 45600 },{ "seed": 45630 },{ "seed": 45668 },{ "seed": 45672 },{ "seed": 45681 },{ "seed": 45704 },{ "seed": 45740 },{ "seed": 45817 },{ "seed": 45832 },{ "seed": 45840 },{ "seed": 45860 },{ "seed": 45870 },{ "seed": 45953 },{ "seed": 45961 },{ "seed": 45969 },{ "seed": 46011 },{ "seed": 46023 },{ "seed": 46076 },{ "seed": 46105 },{ "seed": 46177 },{ "seed": 46214 },{ "seed": 46221 },{ "seed": 46230 },{ "seed": 46244 },{ "seed": 46256 },{ "seed": 46270 },{ "seed": 46285 },{ "seed": 46293 },{ "seed": 46407 },{ "seed": 46411 },{ "seed": 46423 },{ "seed": 46429 },{ "seed": 46441 },{ "seed": 46463 },{ "seed": 46479 },{ "seed": 46494 },{ "seed": 46498 },{ "seed": 46519 },{ "seed": 46540 },{ "seed": 46600 },{ "seed": 46616 },{ "seed": 46619 },{ "seed": 46669 },{ "seed": 46687 },{ "seed": 46702 },{ "seed": 46712 },{ "seed": 46760 },{ "seed": 46804 },{ "seed": 46814 },{ "seed": 46845 },{ "seed": 46918 },{ "seed": 46936 },{ "seed": 46956 },{ "seed": 46975 },{ "seed": 47096 },{ "seed": 47103 },{ "seed": 47130 },{ "seed": 47149 },{ "seed": 47154 },{ "seed": 47181 },{ "seed": 47236 },{ "seed": 47240 },{ "seed": 47244 },{ "seed": 47270 },{ "seed": 47272 },{ "seed": 47275 },{ "seed": 47278 },{ "seed": 47288 },{ "seed": 47321 },{ "seed": 47384 },{ "seed": 47387 },{ "seed": 47418 },{ "seed": 47430 },{ "seed": 47541 },{ "seed": 47549 },{ "seed": 47568 },{ "seed": 47655 },{ "seed": 47666 },{ "seed": 47743 },{ "seed": 47771 },{ "seed": 47778 },{ "seed": 47792 },{ "seed": 47823 },{ "seed": 47876 },{ "seed": 47892 },{ "seed": 47935 },{ "seed": 47941 },{ "seed": 47947 },{ "seed": 47971 },{ "seed": 47989 },{ "seed": 48040 },{ "seed": 48066 },{ "seed": 48104 },{ "seed": 48110 },{ "seed": 48165 },{ "seed": 48177 },{ "seed": 48185 },{ "seed": 48215 },{ "seed": 48232 },{ "seed": 48234 },{ "seed": 48237 },{ "seed": 48272 },{ "seed": 48283 },{ "seed": 48294 },{ "seed": 48322 },{ "seed": 48328 },{ "seed": 48332 },{ "seed": 48336 },{ "seed": 48345 },{ "seed": 48347 },{ "seed": 48430 },{ "seed": 48497 },{ "seed": 48524 },{ "seed": 48539 },{ "seed": 48568 },{ "seed": 48571 },{ "seed": 48596 },{ "seed": 48613 },{ "seed": 48619 },{ "seed": 48636 },{ "seed": 48669 },{ "seed": 48670 },{ "seed": 48702 },{ "seed": 48707 },{ "seed": 48759 },{ "seed": 48836 },{ "seed": 48856 },{ "seed": 48896 },{ "seed": 48928 },{ "seed": 48965 },{ "seed": 48980 },{ "seed": 48983 },{ "seed": 49010 },{ "seed": 49013 },{ "seed": 49019 },{ "seed": 49033 },{ "seed": 49112 },{ "seed": 49240 },{ "seed": 49245 },{ "seed": 49258 },{ "seed": 49281 },{ "seed": 49286 },{ "seed": 49401 },{ "seed": 49411 },{ "seed": 49431 },{ "seed": 49501 },{ "seed": 49533 },{ "seed": 49534 },{ "seed": 49536 },{ "seed": 49668 },{ "seed": 49684 },{ "seed": 49768 },{ "seed": 49807 },{ "seed": 49824 },{ "seed": 49901 },{ "seed": 49903 },{ "seed": 49909 },{ "seed": 49916 },{ "seed": 49965 },{ "seed": 49979 },{ "seed": 50043 },{ "seed": 50045 },{ "seed": 50056 },{ "seed": 50063 },{ "seed": 50073 },{ "seed": 50141 },{ "seed": 50184 },{ "seed": 50188 },{ "seed": 50202 },{ "seed": 50252 },{ "seed": 50287 },{ "seed": 50352 },{ "seed": 50420 },{ "seed": 50456 },{ "seed": 50484 },{ "seed": 50504 },{ "seed": 50512 },{ "seed": 50513 },{ "seed": 50564 },{ "seed": 50614 },{ "seed": 50620 },{ "seed": 50625 },{ "seed": 50626 },{ "seed": 50645 },{ "seed": 50649 },{ "seed": 50672 },{ "seed": 50675 },{ "seed": 50731 },{ "seed": 50734 },{ "seed": 50753 },{ "seed": 50754 },{ "seed": 50764 },{ "seed": 50776 },{ "seed": 50797 },{ "seed": 50834 },{ "seed": 50863 },{ "seed": 50898 },{ "seed": 50960 },{ "seed": 50985 },{ "seed": 50988 },{ "seed": 51004 },{ "seed": 51006 },{ "seed": 51040 },{ "seed": 51144 },{ "seed": 51155 },{ "seed": 51161 },{ "seed": 51200 },{ "seed": 51202 },{ "seed": 51214 },{ "seed": 51223 },{ "seed": 51226 },{ "seed": 51227 },{ "seed": 51250 },{ "seed": 51290 },{ "seed": 51395 },{ "seed": 51405 },{ "seed": 51406 },{ "seed": 51425 },{ "seed": 51466 },{ "seed": 51473 },{ "seed": 51518 },{ "seed": 51542 },{ "seed": 51550 },{ "seed": 51555 },{ "seed": 51576 },{ "seed": 51577 },{ "seed": 51601 },{ "seed": 51689 },{ "seed": 51700 },{ "seed": 51726 },{ "seed": 51742 },{ "seed": 51755 },{ "seed": 51784 },{ "seed": 51797 },{ "seed": 51836 },{ "seed": 51852 },{ "seed": 51878 },{ "seed": 52006 },{ "seed": 52049 },{ "seed": 52063 },{ "seed": 52087 },{ "seed": 52097 },{ "seed": 52154 },{ "seed": 52194 },{ "seed": 52229 },{ "seed": 52235 },{ "seed": 52236 },{ "seed": 52249 },{ "seed": 52258 },{ "seed": 52326 },{ "seed": 52371 },{ "seed": 52419 },{ "seed": 52463 },{ "seed": 52480 },{ "seed": 52541 },{ "seed": 52550 },{ "seed": 52563 },{ "seed": 52565 },{ "seed": 52580 },{ "seed": 52599 },{ "seed": 52616 },{ "seed": 52643 },{ "seed": 52732 },{ "seed": 52801 },{ "seed": 52870 },{ "seed": 52900 },{ "seed": 52909 },{ "seed": 52988 },{ "seed": 52998 },{ "seed": 53015 },{ "seed": 53044 },{ "seed": 53193 },{ "seed": 53232 },{ "seed": 53270 },{ "seed": 53287 },{ "seed": 53291 },{ "seed": 53307 },{ "seed": 53402 },{ "seed": 53455 },{ "seed": 53481 },{ "seed": 53483 },{ "seed": 53495 },{ "seed": 53528 },{ "seed": 53545 },{ "seed": 53566 },{ "seed": 53607 },{ "seed": 53719 },{ "seed": 53750 },{ "seed": 53831 },{ "seed": 53838 },{ "seed": 53841 },{ "seed": 53853 },{ "seed": 53934 },{ "seed": 53948 },{ "seed": 53954 },{ "seed": 53973 },{ "seed": 54019 },{ "seed": 54064 },{ "seed": 54105 },{ "seed": 54155 },{ "seed": 54168 },{ "seed": 54193 },{ "seed": 54200 },{ "seed": 54211 },{ "seed": 54256 },{ "seed": 54283 },{ "seed": 54345 },{ "seed": 54372 },{ "seed": 54374 },{ "seed": 54398 },{ "seed": 54446 },{ "seed": 54478 },{ "seed": 54516 },{ "seed": 54528 },{ "seed": 54534 },{ "seed": 54560 },{ "seed": 54563 },{ "seed": 54567 },{ "seed": 54577 },{ "seed": 54586 },{ "seed": 54595 },{ "seed": 54703 },{ "seed": 54736 },{ "seed": 54846 },{ "seed": 54872 },{ "seed": 54898 },{ "seed": 54927 },{ "seed": 54970 },{ "seed": 54981 },{ "seed": 55046 },{ "seed": 55051 },{ "seed": 55103 },{ "seed": 55107 },{ "seed": 55137 },{ "seed": 55158 },{ "seed": 55159 },{ "seed": 55188 },{ "seed": 55189 },{ "seed": 55218 },{ "seed": 55225 },{ "seed": 55227 },{ "seed": 55255 },{ "seed": 55275 },{ "seed": 55350 },{ "seed": 55441 },{ "seed": 55643 },{ "seed": 55700 },{ "seed": 55703 },{ "seed": 55717 },{ "seed": 55747 },{ "seed": 55810 },{ "seed": 55836 },{ "seed": 55864 },{ "seed": 55882 },{ "seed": 55903 },{ "seed": 55911 },{ "seed": 55912 },{ "seed": 55975 },{ "seed": 55987 },{ "seed": 55989 },{ "seed": 56031 },{ "seed": 56059 },{ "seed": 56088 },{ "seed": 56115 },{ "seed": 56149 },{ "seed": 56190 },{ "seed": 56240 },{ "seed": 56279 },{ "seed": 56286 },{ "seed": 56303 },{ "seed": 56359 },{ "seed": 56373 },{ "seed": 56457 },{ "seed": 56459 },{ "seed": 56496 },{ "seed": 56533 },{ "seed": 56575 },{ "seed": 56595 },{ "seed": 56662 },{ "seed": 56699 },{ "seed": 56706 },{ "seed": 56738 },{ "seed": 56749 },{ "seed": 56752 },{ "seed": 56771 },{ "seed": 56775 },{ "seed": 56780 },{ "seed": 56798 },{ "seed": 56813 },{ "seed": 56819 },{ "seed": 56827 },{ "seed": 56829 },{ "seed": 56836 },{ "seed": 56864 },{ "seed": 56869 },{ "seed": 56878 },{ "seed": 56886 },{ "seed": 56900 },{ "seed": 56907 },{ "seed": 56968 },{ "seed": 56979 },{ "seed": 56989 },{ "seed": 57059 },{ "seed": 57069 },{ "seed": 57148 },{ "seed": 57156 },{ "seed": 57161 },{ "seed": 57234 },{ "seed": 57309 },{ "seed": 57381 },{ "seed": 57386 },{ "seed": 57399 },{ "seed": 57429 },{ "seed": 57434 },{ "seed": 57446 },{ "seed": 57487 },{ "seed": 57586 },{ "seed": 57621 },{ "seed": 57622 },{ "seed": 57662 },{ "seed": 57689 },{ "seed": 57707 },{ "seed": 57709 },{ "seed": 57718 },{ "seed": 57769 },{ "seed": 57778 },{ "seed": 57848 },{ "seed": 57899 },{ "seed": 57902 },{ "seed": 57982 },{ "seed": 57984 },{ "seed": 57999 },{ "seed": 58005 },{ "seed": 58013 },{ "seed": 58061 },{ "seed": 58090 },{ "seed": 58119 },{ "seed": 58120 },{ "seed": 58145 },{ "seed": 58187 },{ "seed": 58234 },{ "seed": 58259 },{ "seed": 58262 },{ "seed": 58283 },{ "seed": 58289 },{ "seed": 58329 },{ "seed": 58388 },{ "seed": 58438 },{ "seed": 58455 },{ "seed": 58488 },{ "seed": 58493 },{ "seed": 58496 },{ "seed": 58503 },{ "seed": 58523 },{ "seed": 58528 },{ "seed": 58582 },{ "seed": 58609 },{ "seed": 58633 },{ "seed": 58648 },{ "seed": 58661 },{ "seed": 58682 },{ "seed": 58693 },{ "seed": 58715 },{ "seed": 58755 },{ "seed": 58768 },{ "seed": 58784 },{ "seed": 58807 },{ "seed": 58831 },{ "seed": 58859 },{ "seed": 58873 },{ "seed": 58875 },{ "seed": 58901 },{ "seed": 58907 },{ "seed": 58937 },{ "seed": 59016 },{ "seed": 59032 },{ "seed": 59072 },{ "seed": 59081 },{ "seed": 59158 },{ "seed": 59166 },{ "seed": 59182 },{ "seed": 59214 },{ "seed": 59228 },{ "seed": 59268 },{ "seed": 59304 },{ "seed": 59332 },{ "seed": 59343 },{ "seed": 59346 },{ "seed": 59382 },{ "seed": 59384 },{ "seed": 59444 },{ "seed": 59462 },{ "seed": 59463 },{ "seed": 59486 },{ "seed": 59540 },{ "seed": 59545 },{ "seed": 59557 },{ "seed": 59565 },{ "seed": 59573 },{ "seed": 59580 },{ "seed": 59612 },{ "seed": 59634 },{ "seed": 59763 },{ "seed": 59777 },{ "seed": 59866 },{ "seed": 59910 },{ "seed": 59941 },{ "seed": 60033 },{ "seed": 60104 },{ "seed": 60181 },{ "seed": 60192 },{ "seed": 60193 },{ "seed": 60253 },{ "seed": 60258 },{ "seed": 60283 },{ "seed": 60301 },{ "seed": 60306 },{ "seed": 60363 },{ "seed": 60364 },{ "seed": 60396 },{ "seed": 60406 },{ "seed": 60486 },{ "seed": 60491 },{ "seed": 60513 },{ "seed": 60610 },{ "seed": 60630 },{ "seed": 60633 },{ "seed": 60634 },{ "seed": 60636 },{ "seed": 60676 },{ "seed": 60688 },{ "seed": 60698 },{ "seed": 60724 },{ "seed": 60748 },{ "seed": 60794 },{ "seed": 60803 },{ "seed": 60823 },{ "seed": 60832 },{ "seed": 60841 },{ "seed": 60867 },{ "seed": 60880 },{ "seed": 60932 },{ "seed": 60936 },{ "seed": 60957 },{ "seed": 61070 },{ "seed": 61085 },{ "seed": 61102 },{ "seed": 61185 },{ "seed": 61190 },{ "seed": 61197 },{ "seed": 61225 },{ "seed": 61264 },{ "seed": 61330 },{ "seed": 61334 },{ "seed": 61343 },{ "seed": 61360 },{ "seed": 61392 },{ "seed": 61424 },{ "seed": 61510 },{ "seed": 61528 },{ "seed": 61535 },{ "seed": 61570 },{ "seed": 61653 },{ "seed": 61679 },{ "seed": 61733 },{ "seed": 61800 },{ "seed": 61859 },{ "seed": 61931 },{ "seed": 61964 },{ "seed": 61992 },{ "seed": 62064 },{ "seed": 62085 },{ "seed": 62240 },{ "seed": 62250 },{ "seed": 62275 },{ "seed": 62392 },{ "seed": 62437 },{ "seed": 62462 },{ "seed": 62513 },{ "seed": 62515 },{ "seed": 62581 },{ "seed": 62596 },{ "seed": 62630 },{ "seed": 62636 },{ "seed": 62664 },{ "seed": 62706 },{ "seed": 62749 },{ "seed": 62771 },{ "seed": 62844 },{ "seed": 62854 },{ "seed": 62855 },{ "seed": 62862 },{ "seed": 62871 },{ "seed": 62882 },{ "seed": 62884 },{ "seed": 62988 },{ "seed": 62994 },{ "seed": 63042 },{ "seed": 63046 },{ "seed": 63117 },{ "seed": 63132 },{ "seed": 63151 },{ "seed": 63166 },{ "seed": 63225 },{ "seed": 63228 },{ "seed": 63267 },{ "seed": 63270 },{ "seed": 63330 },{ "seed": 63364 },{ "seed": 63392 },{ "seed": 63428 },{ "seed": 63549 },{ "seed": 63551 },{ "seed": 63565 },{ "seed": 63573 },{ "seed": 63588 },{ "seed": 63599 },{ "seed": 63607 },{ "seed": 63645 },{ "seed": 63693 },{ "seed": 63725 },{ "seed": 63730 },{ "seed": 63789 },{ "seed": 63794 },{ "seed": 63795 },{ "seed": 63817 },{ "seed": 63828 },{ "seed": 63853 },{ "seed": 63859 },{ "seed": 63880 },{ "seed": 63923 },{ "seed": 63933 },{ "seed": 64068 },{ "seed": 64119 },{ "seed": 64194 },{ "seed": 64215 },{ "seed": 64265 },{ "seed": 64282 },{ "seed": 64317 },{ "seed": 64325 },{ "seed": 64334 },{ "seed": 64414 },{ "seed": 64433 },{ "seed": 64472 },{ "seed": 64478 },{ "seed": 64537 },{ "seed": 64565 },{ "seed": 64569 },{ "seed": 64583 },{ "seed": 64664 },{ "seed": 64665 },{ "seed": 64731 },{ "seed": 64784 },{ "seed": 64830 },{ "seed": 64880 },{ "seed": 64904 },{ "seed": 64907 },{ "seed": 64913 },{ "seed": 64966 },{ "seed": 64977 },{ "seed": 65073 },{ "seed": 65088 },{ "seed": 65110 },{ "seed": 65144 },{ "seed": 65153 },{ "seed": 65211 },{ "seed": 65333 },{ "seed": 65368 },{ "seed": 65424 },{ "seed": 65425 },{ "seed": 65453 },{ "seed": 65533 },{ "seed": 65586 },{ "seed": 65593 },{ "seed": 65606 },{ "seed": 65612 },{ "seed": 65678 },{ "seed": 65710 },{ "seed": 65718 },{ "seed": 65737 },{ "seed": 65743 },{ "seed": 65759 },{ "seed": 65770 },{ "seed": 65804 },{ "seed": 65833 },{ "seed": 65854 },{ "seed": 65876 },{ "seed": 65883 },{ "seed": 65889 },{ "seed": 65910 },{ "seed": 65919 },{ "seed": 66047 },{ "seed": 66070 },{ "seed": 66091 },{ "seed": 66140 },{ "seed": 66192 },{ "seed": 66307 },{ "seed": 66324 },{ "seed": 66330 },{ "seed": 66376 },{ "seed": 66411 },{ "seed": 66437 },{ "seed": 66441 },{ "seed": 66482 },{ "seed": 66492 },{ "seed": 66527 },{ "seed": 66531 },{ "seed": 66549 },{ "seed": 66592 },{ "seed": 66657 },{ "seed": 66799 },{ "seed": 66823 },{ "seed": 66829 },{ "seed": 66839 },{ "seed": 66849 },{ "seed": 66861 },{ "seed": 66875 },{ "seed": 66911 },{ "seed": 66917 },{ "seed": 66924 },{ "seed": 66936 },{ "seed": 66943 },{ "seed": 67005 },{ "seed": 67012 },{ "seed": 67030 },{ "seed": 67090 },{ "seed": 67109 },{ "seed": 67152 },{ "seed": 67248 },{ "seed": 67270 },{ "seed": 67271 },{ "seed": 67273 },{ "seed": 67311 },{ "seed": 67335 },{ "seed": 67347 },{ "seed": 67378 },{ "seed": 67442 },{ "seed": 67487 },{ "seed": 67495 },{ "seed": 67540 },{ "seed": 67592 },{ "seed": 67657 },{ "seed": 67684 },{ "seed": 67786 },{ "seed": 67807 },{ "seed": 67818 },{ "seed": 67840 },{ "seed": 67910 },{ "seed": 67928 },{ "seed": 67936 },{ "seed": 67942 },{ "seed": 67955 },{ "seed": 67958 },{ "seed": 68013 },{ "seed": 68037 },{ "seed": 68042 },{ "seed": 68114 },{ "seed": 68144 },{ "seed": 68168 },{ "seed": 68200 },{ "seed": 68262 },{ "seed": 68265 },{ "seed": 68287 },{ "seed": 68290 },{ "seed": 68365 },{ "seed": 68376 },{ "seed": 68385 },{ "seed": 68396 },{ "seed": 68427 },{ "seed": 68504 },{ "seed": 68625 },{ "seed": 68704 },{ "seed": 68707 },{ "seed": 68708 },{ "seed": 68750 },{ "seed": 68793 },{ "seed": 68820 },{ "seed": 68837 },{ "seed": 68855 },{ "seed": 68871 },{ "seed": 68920 },{ "seed": 68940 },{ "seed": 68979 },{ "seed": 68994 },{ "seed": 69029 },{ "seed": 69069 },{ "seed": 69134 },{ "seed": 69155 },{ "seed": 69172 },{ "seed": 69180 },{ "seed": 69207 },{ "seed": 69225 },{ "seed": 69245 },{ "seed": 69313 },{ "seed": 69374 },{ "seed": 69395 },{ "seed": 69480 },{ "seed": 69551 },{ "seed": 69579 },{ "seed": 69644 },{ "seed": 69660 },{ "seed": 69666 },{ "seed": 69685 },{ "seed": 69688 },{ "seed": 69689 },{ "seed": 69702 },{ "seed": 69742 },{ "seed": 69767 },{ "seed": 69816 },{ "seed": 69869 },{ "seed": 69886 },{ "seed": 69918 },{ "seed": 69975 },{ "seed": 70017 },{ "seed": 70051 },{ "seed": 70103 },{ "seed": 70107 },{ "seed": 70166 },{ "seed": 70173 },{ "seed": 70183 },{ "seed": 70228 },{ "seed": 70242 },{ "seed": 70255 },{ "seed": 70347 },{ "seed": 70385 },{ "seed": 70399 },{ "seed": 70407 },{ "seed": 70555 },{ "seed": 70566 },{ "seed": 70611 },{ "seed": 70678 },{ "seed": 70679 },{ "seed": 70682 },{ "seed": 70685 },{ "seed": 70743 },{ "seed": 70763 },{ "seed": 70777 },{ "seed": 70786 },{ "seed": 70940 },{ "seed": 70957 },{ "seed": 70987 },{ "seed": 71014 },{ "seed": 71059 },{ "seed": 71099 },{ "seed": 71156 },{ "seed": 71174 },{ "seed": 71191 },{ "seed": 71209 },{ "seed": 71294 },{ "seed": 71300 },{ "seed": 71340 },{ "seed": 71348 },{ "seed": 71368 },{ "seed": 71424 },{ "seed": 71450 },{ "seed": 71459 },{ "seed": 71476 },{ "seed": 71492 },{ "seed": 71495 },{ "seed": 71558 },{ "seed": 71572 },{ "seed": 71588 },{ "seed": 71597 },{ "seed": 71602 },{ "seed": 71612 },{ "seed": 71681 },{ "seed": 71688 },{ "seed": 71706 },{ "seed": 71711 },{ "seed": 71712 },{ "seed": 71770 },{ "seed": 71774 },{ "seed": 71832 },{ "seed": 71897 },{ "seed": 71914 },{ "seed": 71922 },{ "seed": 71930 },{ "seed": 72009 },{ "seed": 72047 },{ "seed": 72063 },{ "seed": 72109 },{ "seed": 72132 },{ "seed": 72150 },{ "seed": 72156 },{ "seed": 72181 },{ "seed": 72194 },{ "seed": 72212 },{ "seed": 72281 },{ "seed": 72284 },{ "seed": 72321 },{ "seed": 72428 },{ "seed": 72440 },{ "seed": 72447 },{ "seed": 72452 },{ "seed": 72509 },{ "seed": 72523 },{ "seed": 72527 },{ "seed": 72569 },{ "seed": 72594 },{ "seed": 72647 },{ "seed": 72650 },{ "seed": 72688 },{ "seed": 72754 },{ "seed": 72780 },{ "seed": 72790 },{ "seed": 72839 },{ "seed": 72840 },{ "seed": 72849 },{ "seed": 72861 },{ "seed": 72864 },{ "seed": 72936 },{ "seed": 72941 },{ "seed": 72948 },{ "seed": 72949 },{ "seed": 72990 },{ "seed": 73011 },{ "seed": 73014 },{ "seed": 73037 },{ "seed": 73050 },{ "seed": 73087 },{ "seed": 73148 },{ "seed": 73185 },{ "seed": 73193 },{ "seed": 73202 },{ "seed": 73219 },{ "seed": 73262 },{ "seed": 73265 },{ "seed": 73320 },{ "seed": 73324 },{ "seed": 73366 },{ "seed": 73384 },{ "seed": 73392 },{ "seed": 73463 },{ "seed": 73470 },{ "seed": 73517 },{ "seed": 73552 },{ "seed": 73581 },{ "seed": 73592 },{ "seed": 73788 },{ "seed": 73860 },{ "seed": 73868 },{ "seed": 73890 },{ "seed": 73976 },{ "seed": 74007 },{ "seed": 74009 },{ "seed": 74010 },{ "seed": 74111 },{ "seed": 74118 },{ "seed": 74125 },{ "seed": 74133 },{ "seed": 74151 },{ "seed": 74157 },{ "seed": 74177 },{ "seed": 74188 },{ "seed": 74232 },{ "seed": 74274 },{ "seed": 74298 },{ "seed": 74301 },{ "seed": 74322 },{ "seed": 74365 },{ "seed": 74383 },{ "seed": 74446 },{ "seed": 74450 },{ "seed": 74469 },{ "seed": 74473 },{ "seed": 74476 },{ "seed": 74486 },{ "seed": 74512 },{ "seed": 74549 },{ "seed": 74556 },{ "seed": 74567 },{ "seed": 74636 },{ "seed": 74668 },{ "seed": 74710 },{ "seed": 74739 },{ "seed": 74762 },{ "seed": 74804 },{ "seed": 74824 },{ "seed": 74864 },{ "seed": 74869 },{ "seed": 74955 },{ "seed": 74956 },{ "seed": 74966 },{ "seed": 74967 },{ "seed": 75002 },{ "seed": 75022 },{ "seed": 75074 },{ "seed": 75081 },{ "seed": 75095 },{ "seed": 75110 },{ "seed": 75121 },{ "seed": 75126 },{ "seed": 75171 },{ "seed": 75184 },{ "seed": 75304 },{ "seed": 75361 },{ "seed": 75373 },{ "seed": 75395 },{ "seed": 75411 },{ "seed": 75433 },{ "seed": 75494 },{ "seed": 75502 },{ "seed": 75508 },{ "seed": 75516 },{ "seed": 75541 },{ "seed": 75622 },{ "seed": 75629 },{ "seed": 75669 },{ "seed": 75688 },{ "seed": 75750 },{ "seed": 75775 },{ "seed": 75799 },{ "seed": 75853 },{ "seed": 75899 },{ "seed": 75972 },{ "seed": 75980 },{ "seed": 75987 },{ "seed": 76029 },{ "seed": 76055 },{ "seed": 76095 },{ "seed": 76158 },{ "seed": 76178 },{ "seed": 76217 },{ "seed": 76269 },{ "seed": 76286 },{ "seed": 76299 },{ "seed": 76304 },{ "seed": 76351 },{ "seed": 76355 },{ "seed": 76395 },{ "seed": 76414 },{ "seed": 76415 },{ "seed": 76448 },{ "seed": 76459 },{ "seed": 76474 },{ "seed": 76512 },{ "seed": 76644 },{ "seed": 76673 },{ "seed": 76677 },{ "seed": 76687 },{ "seed": 76720 },{ "seed": 76851 },{ "seed": 76864 },{ "seed": 76871 },{ "seed": 76902 },{ "seed": 76903 },{ "seed": 76927 },{ "seed": 76955 },{ "seed": 76967 },{ "seed": 77039 },{ "seed": 77044 },{ "seed": 77052 },{ "seed": 77056 },{ "seed": 77067 },{ "seed": 77117 },{ "seed": 77122 },{ "seed": 77138 },{ "seed": 77140 },{ "seed": 77150 },{ "seed": 77174 },{ "seed": 77222 },{ "seed": 77244 },{ "seed": 77267 },{ "seed": 77271 },{ "seed": 77342 },{ "seed": 77347 },{ "seed": 77359 },{ "seed": 77502 },{ "seed": 77570 },{ "seed": 77586 },{ "seed": 77603 },{ "seed": 77607 },{ "seed": 77617 },{ "seed": 77635 },{ "seed": 77693 },{ "seed": 77758 },{ "seed": 77761 },{ "seed": 77776 },{ "seed": 77781 },{ "seed": 77833 },{ "seed": 77880 },{ "seed": 77893 },{ "seed": 77934 },{ "seed": 77955 },{ "seed": 78036 },{ "seed": 78051 },{ "seed": 78068 },{ "seed": 78232 },{ "seed": 78235 },{ "seed": 78239 },{ "seed": 78247 },{ "seed": 78262 },{ "seed": 78358 },{ "seed": 78371 },{ "seed": 78448 },{ "seed": 78465 },{ "seed": 78499 },{ "seed": 78662 },{ "seed": 78737 },{ "seed": 78776 },{ "seed": 78827 },{ "seed": 78877 },{ "seed": 78878 },{ "seed": 78881 },{ "seed": 78892 },{ "seed": 78897 },{ "seed": 78942 },{ "seed": 78954 },{ "seed": 78966 },{ "seed": 79021 },{ "seed": 79097 },{ "seed": 79117 },{ "seed": 79119 },{ "seed": 79121 },{ "seed": 79144 },{ "seed": 79157 },{ "seed": 79176 },{ "seed": 79177 },{ "seed": 79181 },{ "seed": 79215 },{ "seed": 79222 },{ "seed": 79253 },{ "seed": 79290 },{ "seed": 79340 },{ "seed": 79356 },{ "seed": 79362 },{ "seed": 79414 },{ "seed": 79464 },{ "seed": 79467 },{ "seed": 79474 },{ "seed": 79483 },{ "seed": 79484 },{ "seed": 79499 },{ "seed": 79547 },{ "seed": 79620 },{ "seed": 79635 },{ "seed": 79657 },{ "seed": 79681 },{ "seed": 79694 },{ "seed": 79869 },{ "seed": 79955 },{ "seed": 79997 },{ "seed": 80083 },{ "seed": 80150 },{ "seed": 80155 },{ "seed": 80159 },{ "seed": 80233 },{ "seed": 80238 },{ "seed": 80263 },{ "seed": 80302 },{ "seed": 80320 },{ "seed": 80428 },{ "seed": 80429 },{ "seed": 80471 },{ "seed": 80496 },{ "seed": 80553 },{ "seed": 80564 },{ "seed": 80585 },{ "seed": 80632 },{ "seed": 80644 },{ "seed": 80658 },{ "seed": 80670 },{ "seed": 80677 },{ "seed": 80696 },{ "seed": 80698 },{ "seed": 80699 },{ "seed": 80711 },{ "seed": 80718 },{ "seed": 80757 },{ "seed": 80821 },{ "seed": 80831 },{ "seed": 80842 },{ "seed": 80913 },{ "seed": 80925 },{ "seed": 81015 },{ "seed": 81036 },{ "seed": 81048 },{ "seed": 81094 },{ "seed": 81119 },{ "seed": 81150 },{ "seed": 81162 },{ "seed": 81165 },{ "seed": 81197 },{ "seed": 81270 },{ "seed": 81319 },{ "seed": 81323 },{ "seed": 81355 },{ "seed": 81372 },{ "seed": 81375 },{ "seed": 81460 },{ "seed": 81490 },{ "seed": 81491 },{ "seed": 81508 },{ "seed": 81512 },{ "seed": 81514 },{ "seed": 81633 },{ "seed": 81649 },{ "seed": 81689 },{ "seed": 81710 },{ "seed": 81762 },{ "seed": 81778 },{ "seed": 81783 },{ "seed": 81788 },{ "seed": 81796 },{ "seed": 81797 },{ "seed": 81816 },{ "seed": 81831 },{ "seed": 81864 },{ "seed": 81877 },{ "seed": 81900 },{ "seed": 81936 },{ "seed": 81943 },{ "seed": 82064 },{ "seed": 82066 },{ "seed": 82070 },{ "seed": 82101 },{ "seed": 82104 },{ "seed": 82125 },{ "seed": 82192 },{ "seed": 82244 },{ "seed": 82300 },{ "seed": 82301 },{ "seed": 82307 },{ "seed": 82341 },{ "seed": 82343 },{ "seed": 82344 },{ "seed": 82345 },{ "seed": 82389 },{ "seed": 82412 },{ "seed": 82452 },{ "seed": 82490 },{ "seed": 82550 },{ "seed": 82626 },{ "seed": 82637 },{ "seed": 82640 },{ "seed": 82658 },{ "seed": 82667 },{ "seed": 82674 },{ "seed": 82752 },{ "seed": 82764 },{ "seed": 82811 },{ "seed": 82823 },{ "seed": 82841 },{ "seed": 82901 },{ "seed": 82904 },{ "seed": 82908 },{ "seed": 82925 },{ "seed": 82946 },{ "seed": 82947 },{ "seed": 82962 },{ "seed": 82976 },{ "seed": 83061 },{ "seed": 83141 },{ "seed": 83199 },{ "seed": 83223 },{ "seed": 83227 },{ "seed": 83251 },{ "seed": 83282 },{ "seed": 83288 },{ "seed": 83297 },{ "seed": 83391 },{ "seed": 83480 },{ "seed": 83484 },{ "seed": 83487 },{ "seed": 83493 },{ "seed": 83507 },{ "seed": 83549 },{ "seed": 83551 },{ "seed": 83582 },{ "seed": 83591 },{ "seed": 83616 },{ "seed": 83633 },{ "seed": 83639 },{ "seed": 83647 },{ "seed": 83659 },{ "seed": 83661 },{ "seed": 83666 },{ "seed": 83674 },{ "seed": 83683 },{ "seed": 83716 },{ "seed": 83722 },{ "seed": 83757 },{ "seed": 83797 },{ "seed": 83831 },{ "seed": 83908 },{ "seed": 83915 },{ "seed": 83967 },{ "seed": 83968 },{ "seed": 84033 },{ "seed": 84075 },{ "seed": 84193 },{ "seed": 84212 },{ "seed": 84223 },{ "seed": 84265 },{ "seed": 84289 },{ "seed": 84385 },{ "seed": 84403 },{ "seed": 84491 },{ "seed": 84550 },{ "seed": 84612 },{ "seed": 84686 },{ "seed": 84702 },{ "seed": 84740 },{ "seed": 84751 },{ "seed": 84752 },{ "seed": 84753 },{ "seed": 84776 },{ "seed": 84792 },{ "seed": 84806 },{ "seed": 84808 },{ "seed": 84809 },{ "seed": 84877 },{ "seed": 84890 },{ "seed": 84893 },{ "seed": 85050 },{ "seed": 85076 },{ "seed": 85078 },{ "seed": 85110 },{ "seed": 85116 },{ "seed": 85121 },{ "seed": 85172 },{ "seed": 85181 },{ "seed": 85182 },{ "seed": 85190 },{ "seed": 85195 },{ "seed": 85223 },{ "seed": 85238 },{ "seed": 85259 },{ "seed": 85266 },{ "seed": 85298 },{ "seed": 85322 },{ "seed": 85334 },{ "seed": 85380 },{ "seed": 85430 },{ "seed": 85451 },{ "seed": 85480 },{ "seed": 85481 },{ "seed": 85532 },{ "seed": 85576 },{ "seed": 85598 },{ "seed": 85622 },{ "seed": 85653 },{ "seed": 85672 },{ "seed": 85709 },{ "seed": 85710 },{ "seed": 85814 },{ "seed": 85839 },{ "seed": 85994 },{ "seed": 86007 },{ "seed": 86025 },{ "seed": 86066 },{ "seed": 86072 },{ "seed": 86127 },{ "seed": 86133 },{ "seed": 86171 },{ "seed": 86191 },{ "seed": 86208 },{ "seed": 86265 },{ "seed": 86326 },{ "seed": 86333 },{ "seed": 86334 },{ "seed": 86392 },{ "seed": 86416 },{ "seed": 86434 },{ "seed": 86436 },{ "seed": 86467 },{ "seed": 86501 },{ "seed": 86513 },{ "seed": 86525 },{ "seed": 86538 },{ "seed": 86590 },{ "seed": 86611 },{ "seed": 86614 },{ "seed": 86639 },{ "seed": 86736 },{ "seed": 86755 },{ "seed": 86788 },{ "seed": 86820 },{ "seed": 86838 },{ "seed": 86846 },{ "seed": 87036 },{ "seed": 87051 },{ "seed": 87149 },{ "seed": 87201 },{ "seed": 87226 },{ "seed": 87249 },{ "seed": 87316 },{ "seed": 87386 },{ "seed": 87392 },{ "seed": 87393 },{ "seed": 87417 },{ "seed": 87418 },{ "seed": 87424 },{ "seed": 87480 },{ "seed": 87488 },{ "seed": 87489 },{ "seed": 87513 },{ "seed": 87515 },{ "seed": 87519 },{ "seed": 87578 },{ "seed": 87656 },{ "seed": 87721 },{ "seed": 87734 },{ "seed": 87748 },{ "seed": 87775 },{ "seed": 87834 },{ "seed": 87846 },{ "seed": 87874 },{ "seed": 87876 },{ "seed": 87880 },{ "seed": 87899 },{ "seed": 87977 },{ "seed": 88010 },{ "seed": 88070 },{ "seed": 88120 },{ "seed": 88175 },{ "seed": 88176 },{ "seed": 88222 },{ "seed": 88231 },{ "seed": 88281 },{ "seed": 88283 },{ "seed": 88312 },{ "seed": 88341 },{ "seed": 88489 },{ "seed": 88502 },{ "seed": 88520 },{ "seed": 88551 },{ "seed": 88571 },{ "seed": 88576 },{ "seed": 88586 },{ "seed": 88612 },{ "seed": 88618 },{ "seed": 88634 },{ "seed": 88687 },{ "seed": 88700 },{ "seed": 88732 },{ "seed": 88765 },{ "seed": 88771 },{ "seed": 88786 },{ "seed": 88818 },{ "seed": 88848 },{ "seed": 88849 },{ "seed": 88866 },{ "seed": 88879 },{ "seed": 88903 },{ "seed": 88981 },{ "seed": 89013 },{ "seed": 89047 },{ "seed": 89118 },{ "seed": 89133 },{ "seed": 89176 },{ "seed": 89205 },{ "seed": 89302 },{ "seed": 89371 },{ "seed": 89399 },{ "seed": 89447 },{ "seed": 89474 },{ "seed": 89489 },{ "seed": 89576 },{ "seed": 89592 },{ "seed": 89604 },{ "seed": 89647 },{ "seed": 89674 },{ "seed": 89680 },{ "seed": 89696 },{ "seed": 89743 },{ "seed": 89755 },{ "seed": 89760 },{ "seed": 89795 },{ "seed": 89815 },{ "seed": 89822 },{ "seed": 89844 },{ "seed": 89875 },{ "seed": 89942 },{ "seed": 89976 },{ "seed": 89996 },{ "seed": 90107 },{ "seed": 90126 },{ "seed": 90134 },{ "seed": 90165 },{ "seed": 90177 },{ "seed": 90199 },{ "seed": 90233 },{ "seed": 90248 },{ "seed": 90249 },{ "seed": 90251 },{ "seed": 90253 },{ "seed": 90318 },{ "seed": 90327 },{ "seed": 90346 },{ "seed": 90392 },{ "seed": 90393 },{ "seed": 90403 },{ "seed": 90451 },{ "seed": 90531 },{ "seed": 90565 },{ "seed": 90620 },{ "seed": 90643 },{ "seed": 90667 },{ "seed": 90674 },{ "seed": 90698 },{ "seed": 90766 },{ "seed": 90835 },{ "seed": 90846 },{ "seed": 90937 },{ "seed": 90996 },{ "seed": 91012 },{ "seed": 91035 },{ "seed": 91109 },{ "seed": 91156 },{ "seed": 91194 },{ "seed": 91200 },{ "seed": 91237 },{ "seed": 91289 },{ "seed": 91293 },{ "seed": 91314 },{ "seed": 91320 },{ "seed": 91351 },{ "seed": 91358 },{ "seed": 91360 },{ "seed": 91369 },{ "seed": 91370 },{ "seed": 91377 },{ "seed": 91424 },{ "seed": 91455 },{ "seed": 91491 },{ "seed": 91513 },{ "seed": 91514 },{ "seed": 91523 },{ "seed": 91541 },{ "seed": 91553 },{ "seed": 91562 },{ "seed": 91564 },{ "seed": 91568 },{ "seed": 91607 },{ "seed": 91661 },{ "seed": 91753 },{ "seed": 91768 },{ "seed": 91786 },{ "seed": 91792 },{ "seed": 91819 },{ "seed": 91822 },{ "seed": 91842 },{ "seed": 91855 },{ "seed": 91881 },{ "seed": 91907 },{ "seed": 91939 },{ "seed": 91948 },{ "seed": 92034 },{ "seed": 92111 },{ "seed": 92166 },{ "seed": 92173 },{ "seed": 92179 },{ "seed": 92184 },{ "seed": 92229 },{ "seed": 92271 },{ "seed": 92277 },{ "seed": 92354 },{ "seed": 92358 },{ "seed": 92443 },{ "seed": 92456 },{ "seed": 92457 },{ "seed": 92463 },{ "seed": 92479 },{ "seed": 92493 },{ "seed": 92500 },{ "seed": 92547 },{ "seed": 92580 },{ "seed": 92598 },{ "seed": 92600 },{ "seed": 92626 },{ "seed": 92759 },{ "seed": 92769 },{ "seed": 92781 },{ "seed": 92824 },{ "seed": 92864 },{ "seed": 92911 },{ "seed": 92914 },{ "seed": 92979 },{ "seed": 92989 },{ "seed": 93000 },{ "seed": 93032 },{ "seed": 93090 },{ "seed": 93106 },{ "seed": 93168 },{ "seed": 93207 },{ "seed": 93208 },{ "seed": 93218 },{ "seed": 93233 },{ "seed": 93267 },{ "seed": 93306 },{ "seed": 93323 },{ "seed": 93362 },{ "seed": 93423 },{ "seed": 93427 },{ "seed": 93440 },{ "seed": 93446 },{ "seed": 93448 },{ "seed": 93476 },{ "seed": 93491 },{ "seed": 93535 },{ "seed": 93537 },{ "seed": 93549 },{ "seed": 93564 },{ "seed": 93567 },{ "seed": 93579 },{ "seed": 93647 },{ "seed": 93666 },{ "seed": 93683 },{ "seed": 93685 },{ "seed": 93728 },{ "seed": 93749 },{ "seed": 93856 },{ "seed": 93875 },{ "seed": 93924 },{ "seed": 93969 },{ "seed": 93972 },{ "seed": 93986 },{ "seed": 93998 },{ "seed": 94016 },{ "seed": 94057 },{ "seed": 94138 },{ "seed": 94201 },{ "seed": 94224 },{ "seed": 94288 },{ "seed": 94316 },{ "seed": 94373 },{ "seed": 94384 },{ "seed": 94398 },{ "seed": 94490 },{ "seed": 94492 },{ "seed": 94495 },{ "seed": 94555 },{ "seed": 94570 },{ "seed": 94575 },{ "seed": 94583 },{ "seed": 94629 },{ "seed": 94636 },{ "seed": 94639 },{ "seed": 94804 },{ "seed": 94831 },{ "seed": 94902 },{ "seed": 94935 },{ "seed": 94958 },{ "seed": 94979 },{ "seed": 95045 },{ "seed": 95119 },{ "seed": 95134 },{ "seed": 95154 },{ "seed": 95183 },{ "seed": 95220 },{ "seed": 95265 },{ "seed": 95300 },{ "seed": 95305 },{ "seed": 95344 },{ "seed": 95349 },{ "seed": 95350 },{ "seed": 95351 },{ "seed": 95363 },{ "seed": 95392 },{ "seed": 95393 },{ "seed": 95419 },{ "seed": 95485 },{ "seed": 95490 },{ "seed": 95551 },{ "seed": 95579 },{ "seed": 95587 },{ "seed": 95604 },{ "seed": 95630 },{ "seed": 95665 },{ "seed": 95733 },{ "seed": 95762 },{ "seed": 95767 },{ "seed": 95821 },{ "seed": 95822 },{ "seed": 95903 },{ "seed": 95947 },{ "seed": 95958 },{ "seed": 95994 },{ "seed": 95996 },{ "seed": 96066 },{ "seed": 96156 },{ "seed": 96163 },{ "seed": 96233 },{ "seed": 96240 },{ "seed": 96262 },{ "seed": 96273 },{ "seed": 96320 },{ "seed": 96322 },{ "seed": 96363 },{ "seed": 96384 },{ "seed": 96441 },{ "seed": 96465 },{ "seed": 96559 },{ "seed": 96585 },{ "seed": 96606 },{ "seed": 96745 },{ "seed": 96746 },{ "seed": 96783 },{ "seed": 96812 },{ "seed": 96828 },{ "seed": 96844 },{ "seed": 96863 },{ "seed": 96871 },{ "seed": 96893 },{ "seed": 96917 },{ "seed": 96927 },{ "seed": 96938 },{ "seed": 96943 },{ "seed": 96962 },{ "seed": 96975 },{ "seed": 97053 },{ "seed": 97139 },{ "seed": 97148 },{ "seed": 97171 },{ "seed": 97175 },{ "seed": 97176 },{ "seed": 97194 },{ "seed": 97203 },{ "seed": 97244 },{ "seed": 97250 },{ "seed": 97258 },{ "seed": 97260 },{ "seed": 97277 },{ "seed": 97294 },{ "seed": 97358 },{ "seed": 97366 },{ "seed": 97372 },{ "seed": 97381 },{ "seed": 97384 },{ "seed": 97385 },{ "seed": 97412 },{ "seed": 97485 },{ "seed": 97573 },{ "seed": 97582 },{ "seed": 97642 },{ "seed": 97689 },{ "seed": 97703 },{ "seed": 97768 },{ "seed": 97823 },{ "seed": 97824 },{ "seed": 97835 },{ "seed": 97845 },{ "seed": 97869 },{ "seed": 97915 },{ "seed": 97933 },{ "seed": 97944 },{ "seed": 97957 },{ "seed": 97982 },{ "seed": 97994 },{ "seed": 98036 },{ "seed": 98101 },{ "seed": 98114 },{ "seed": 98118 },{ "seed": 98146 },{ "seed": 98161 },{ "seed": 98168 },{ "seed": 98211 },{ "seed": 98236 },{ "seed": 98252 },{ "seed": 98256 },{ "seed": 98311 },{ "seed": 98345 },{ "seed": 98420 },{ "seed": 98456 },{ "seed": 98612 },{ "seed": 98613 },{ "seed": 98647 },{ "seed": 98697 },{ "seed": 98705 },{ "seed": 98724 },{ "seed": 98728 },{ "seed": 98749 },{ "seed": 98774 },{ "seed": 98811 },{ "seed": 98817 },{ "seed": 98847 },{ "seed": 98860 },{ "seed": 98869 },{ "seed": 99000 },{ "seed": 99001 },{ "seed": 99008 },{ "seed": 99012 },{ "seed": 99062 },{ "seed": 99069 },{ "seed": 99075 },{ "seed": 99104 },{ "seed": 99106 },{ "seed": 99135 },{ "seed": 99137 },{ "seed": 99143 },{ "seed": 99152 },{ "seed": 99186 },{ "seed": 99289 },{ "seed": 99300 },{ "seed": 99388 },{ "seed": 99437 },{ "seed": 99474 },{ "seed": 99508 },{ "seed": 99537 },{ "seed": 99609 },{ "seed": 99622 },{ "seed": 99644 },{ "seed": 99693 },{ "seed": 99699 },{ "seed": 99762 },{ "seed": 99778 },{ "seed": 99816 },{ "seed": 99894 },{ "seed": 99903 },{ "seed": 99919 },{ "seed": 99928 },{ "seed": 99967 },{ "seed": 99971 },{ "seed": 99985 } ]