[ { "seed": 41 },{ "seed": 172 },{ "seed": 204 },{ "seed": 340 },{ "seed": 620 },{ "seed": 845 },{ "seed": 870 },{ "seed": 958 },{ "seed": 961 },{ "seed": 1008 },{ "seed": 1069 },{ "seed": 1083 },{ "seed": 1084 },{ "seed": 1230 },{ "seed": 1422 },{ "seed": 1558 },{ "seed": 1570 },{ "seed": 1628 },{ "seed": 2372 },{ "seed": 2406 },{ "seed": 2408 },{ "seed": 2429 },{ "seed": 2462 },{ "seed": 2520 },{ "seed": 2536 },{ "seed": 2639 },{ "seed": 2641 },{ "seed": 3324 },{ "seed": 3487 },{ "seed": 3540 },{ "seed": 3854 },{ "seed": 3986 },{ "seed": 4280 },{ "seed": 4964 },{ "seed": 5113 },{ "seed": 5133 },{ "seed": 5474 },{ "seed": 5650 },{ "seed": 5677 },{ "seed": 5714 },{ "seed": 6091 },{ "seed": 6241 },{ "seed": 6826 },{ "seed": 6846 },{ "seed": 6892 },{ "seed": 6907 },{ "seed": 7197 },{ "seed": 7407 },{ "seed": 7515 },{ "seed": 8028 },{ "seed": 8200 },{ "seed": 8522 },{ "seed": 8572 },{ "seed": 8657 },{ "seed": 8830 },{ "seed": 9001 },{ "seed": 9018 },{ "seed": 9302 },{ "seed": 9409 },{ "seed": 9516 },{ "seed": 10555 },{ "seed": 11106 },{ "seed": 11148 },{ "seed": 11500 },{ "seed": 11506 },{ "seed": 11517 },{ "seed": 11717 },{ "seed": 11725 },{ "seed": 11867 },{ "seed": 12077 },{ "seed": 12328 },{ "seed": 12722 },{ "seed": 12864 },{ "seed": 13057 },{ "seed": 13099 },{ "seed": 13506 },{ "seed": 13531 },{ "seed": 13602 },{ "seed": 13831 },{ "seed": 14028 },{ "seed": 14408 },{ "seed": 14609 },{ "seed": 15275 },{ "seed": 15625 },{ "seed": 15852 },{ "seed": 16041 },{ "seed": 16087 },{ "seed": 16485 },{ "seed": 16510 },{ "seed": 16799 },{ "seed": 17028 },{ "seed": 17164 },{ "seed": 17276 },{ "seed": 17381 },{ "seed": 17567 },{ "seed": 17599 },{ "seed": 17787 },{ "seed": 17967 },{ "seed": 18099 },{ "seed": 18318 },{ "seed": 18486 },{ "seed": 18497 },{ "seed": 19667 },{ "seed": 19855 },{ "seed": 20018 },{ "seed": 20152 },{ "seed": 20866 },{ "seed": 21010 },{ "seed": 21030 },{ "seed": 21538 },{ "seed": 21728 },{ "seed": 21932 },{ "seed": 22035 },{ "seed": 22232 },{ "seed": 22320 },{ "seed": 22979 },{ "seed": 23006 },{ "seed": 23024 },{ "seed": 23457 },{ "seed": 23471 },{ "seed": 23688 },{ "seed": 23741 },{ "seed": 23857 },{ "seed": 23904 },{ "seed": 23936 },{ "seed": 23990 },{ "seed": 24326 },{ "seed": 24379 },{ "seed": 24534 },{ "seed": 24953 },{ "seed": 25122 },{ "seed": 25678 },{ "seed": 25879 },{ "seed": 25907 },{ "seed": 25949 },{ "seed": 26410 },{ "seed": 26638 },{ "seed": 26650 },{ "seed": 26690 },{ "seed": 26848 },{ "seed": 27365 },{ "seed": 27750 },{ "seed": 28266 },{ "seed": 28414 },{ "seed": 28749 },{ "seed": 29119 },{ "seed": 29719 },{ "seed": 29750 },{ "seed": 29985 },{ "seed": 30037 },{ "seed": 30575 },{ "seed": 30835 },{ "seed": 30848 },{ "seed": 30927 },{ "seed": 31200 },{ "seed": 31262 },{ "seed": 31349 },{ "seed": 31391 },{ "seed": 31413 },{ "seed": 31519 },{ "seed": 31523 },{ "seed": 31599 },{ "seed": 31691 },{ "seed": 31834 },{ "seed": 31973 },{ "seed": 31974 },{ "seed": 32273 },{ "seed": 33088 },{ "seed": 33301 },{ "seed": 33681 },{ "seed": 33777 },{ "seed": 33789 },{ "seed": 34085 },{ "seed": 34394 },{ "seed": 34644 },{ "seed": 34837 },{ "seed": 34874 },{ "seed": 34965 },{ "seed": 35317 },{ "seed": 35393 },{ "seed": 35524 },{ "seed": 36107 },{ "seed": 36726 },{ "seed": 36950 },{ "seed": 36990 },{ "seed": 37897 },{ "seed": 38011 },{ "seed": 38216 },{ "seed": 38230 },{ "seed": 38296 },{ "seed": 38361 },{ "seed": 38749 },{ "seed": 38852 },{ "seed": 39269 },{ "seed": 39872 },{ "seed": 40240 },{ "seed": 40353 },{ "seed": 40475 },{ "seed": 40768 },{ "seed": 40780 },{ "seed": 41200 },{ "seed": 41439 },{ "seed": 41654 },{ "seed": 41709 },{ "seed": 41843 },{ "seed": 41910 },{ "seed": 42896 },{ "seed": 43198 },{ "seed": 43403 },{ "seed": 43520 },{ "seed": 43881 },{ "seed": 43927 },{ "seed": 44060 },{ "seed": 44331 },{ "seed": 44370 },{ "seed": 44719 },{ "seed": 45380 },{ "seed": 45631 },{ "seed": 46367 },{ "seed": 46569 },{ "seed": 46921 },{ "seed": 46946 },{ "seed": 47083 },{ "seed": 47329 },{ "seed": 47473 },{ "seed": 47825 },{ "seed": 48074 },{ "seed": 48096 },{ "seed": 48295 },{ "seed": 48310 },{ "seed": 48323 },{ "seed": 48529 },{ "seed": 48837 },{ "seed": 49223 },{ "seed": 49622 },{ "seed": 50224 },{ "seed": 50324 },{ "seed": 50333 },{ "seed": 50916 },{ "seed": 51243 },{ "seed": 51781 },{ "seed": 51930 },{ "seed": 52089 },{ "seed": 52123 },{ "seed": 52587 },{ "seed": 52652 },{ "seed": 52785 },{ "seed": 52858 },{ "seed": 53018 },{ "seed": 53051 },{ "seed": 53166 },{ "seed": 53601 },{ "seed": 53966 },{ "seed": 54046 },{ "seed": 54305 },{ "seed": 54380 },{ "seed": 54533 },{ "seed": 54701 },{ "seed": 54920 },{ "seed": 55194 },{ "seed": 55300 },{ "seed": 55310 },{ "seed": 55395 },{ "seed": 55555 },{ "seed": 56013 },{ "seed": 56188 },{ "seed": 56391 },{ "seed": 56688 },{ "seed": 57247 },{ "seed": 57372 },{ "seed": 57831 },{ "seed": 58113 },{ "seed": 58115 },{ "seed": 58233 },{ "seed": 58495 },{ "seed": 58838 },{ "seed": 59026 },{ "seed": 59161 },{ "seed": 59169 },{ "seed": 59176 },{ "seed": 59376 },{ "seed": 59402 },{ "seed": 59443 },{ "seed": 59534 },{ "seed": 59708 },{ "seed": 59804 },{ "seed": 60407 },{ "seed": 60515 },{ "seed": 60666 },{ "seed": 60825 },{ "seed": 60891 },{ "seed": 61546 },{ "seed": 61562 },{ "seed": 61693 },{ "seed": 62313 },{ "seed": 62395 },{ "seed": 62526 },{ "seed": 62572 },{ "seed": 62672 },{ "seed": 62804 },{ "seed": 62906 },{ "seed": 63398 },{ "seed": 63456 },{ "seed": 63866 },{ "seed": 63922 },{ "seed": 63982 },{ "seed": 64035 },{ "seed": 64428 },{ "seed": 64521 },{ "seed": 64545 },{ "seed": 65426 },{ "seed": 65650 },{ "seed": 65860 },{ "seed": 66072 },{ "seed": 66439 },{ "seed": 66510 },{ "seed": 66581 },{ "seed": 66774 },{ "seed": 66848 },{ "seed": 67336 },{ "seed": 67519 },{ "seed": 67642 },{ "seed": 67729 },{ "seed": 67801 },{ "seed": 67950 },{ "seed": 68192 },{ "seed": 68221 },{ "seed": 68310 },{ "seed": 68339 },{ "seed": 68535 },{ "seed": 68618 },{ "seed": 68821 },{ "seed": 68831 },{ "seed": 68872 },{ "seed": 68882 },{ "seed": 69304 },{ "seed": 69794 },{ "seed": 69823 },{ "seed": 70117 },{ "seed": 70292 },{ "seed": 70363 },{ "seed": 70376 },{ "seed": 70464 },{ "seed": 70976 },{ "seed": 71365 },{ "seed": 71599 },{ "seed": 71683 },{ "seed": 71905 },{ "seed": 71923 },{ "seed": 72058 },{ "seed": 72170 },{ "seed": 72307 },{ "seed": 72359 },{ "seed": 72366 },{ "seed": 72660 },{ "seed": 72819 },{ "seed": 72909 },{ "seed": 72965 },{ "seed": 73100 },{ "seed": 73378 },{ "seed": 73593 },{ "seed": 73627 },{ "seed": 73783 },{ "seed": 73882 },{ "seed": 74369 },{ "seed": 74408 },{ "seed": 74504 },{ "seed": 74514 },{ "seed": 74796 },{ "seed": 75037 },{ "seed": 75220 },{ "seed": 75319 },{ "seed": 75890 },{ "seed": 76220 },{ "seed": 76234 },{ "seed": 77788 },{ "seed": 77872 },{ "seed": 78659 },{ "seed": 79034 },{ "seed": 79060 },{ "seed": 79403 },{ "seed": 79421 },{ "seed": 79538 },{ "seed": 79789 },{ "seed": 80094 },{ "seed": 80206 },{ "seed": 80394 },{ "seed": 80710 },{ "seed": 80851 },{ "seed": 80937 },{ "seed": 81032 },{ "seed": 81365 },{ "seed": 81401 },{ "seed": 81434 },{ "seed": 81442 },{ "seed": 81517 },{ "seed": 81726 },{ "seed": 81756 },{ "seed": 81866 },{ "seed": 82009 },{ "seed": 82118 },{ "seed": 82401 },{ "seed": 82592 },{ "seed": 82795 },{ "seed": 83448 },{ "seed": 83691 },{ "seed": 83816 },{ "seed": 83920 },{ "seed": 83928 },{ "seed": 84059 },{ "seed": 84206 },{ "seed": 85005 },{ "seed": 85016 },{ "seed": 85258 },{ "seed": 85357 },{ "seed": 85588 },{ "seed": 85670 },{ "seed": 85764 },{ "seed": 86099 },{ "seed": 86118 },{ "seed": 86124 },{ "seed": 86979 },{ "seed": 87010 },{ "seed": 87075 },{ "seed": 87146 },{ "seed": 87181 },{ "seed": 87232 },{ "seed": 87631 },{ "seed": 87752 },{ "seed": 87801 },{ "seed": 87815 },{ "seed": 88102 },{ "seed": 88411 },{ "seed": 88416 },{ "seed": 88515 },{ "seed": 88601 },{ "seed": 89207 },{ "seed": 89979 },{ "seed": 89989 },{ "seed": 90796 },{ "seed": 90817 },{ "seed": 90967 },{ "seed": 91028 },{ "seed": 91054 },{ "seed": 91207 },{ "seed": 91262 },{ "seed": 91291 },{ "seed": 91359 },{ "seed": 91402 },{ "seed": 91430 },{ "seed": 91477 },{ "seed": 91612 },{ "seed": 91725 },{ "seed": 91762 },{ "seed": 91916 },{ "seed": 92018 },{ "seed": 92201 },{ "seed": 92232 },{ "seed": 92417 },{ "seed": 92545 },{ "seed": 92622 },{ "seed": 92659 },{ "seed": 92823 },{ "seed": 92956 },{ "seed": 92999 },{ "seed": 93160 },{ "seed": 93226 },{ "seed": 93246 },{ "seed": 93462 },{ "seed": 93509 },{ "seed": 93725 },{ "seed": 94031 },{ "seed": 94193 },{ "seed": 94405 },{ "seed": 94458 },{ "seed": 94501 },{ "seed": 94573 },{ "seed": 94651 },{ "seed": 94677 },{ "seed": 94871 },{ "seed": 94873 },{ "seed": 94881 },{ "seed": 95128 },{ "seed": 95163 },{ "seed": 95212 },{ "seed": 95219 },{ "seed": 95447 },{ "seed": 95882 },{ "seed": 95897 },{ "seed": 95930 },{ "seed": 96353 },{ "seed": 96486 },{ "seed": 96558 },{ "seed": 96602 },{ "seed": 96792 },{ "seed": 96870 },{ "seed": 96949 },{ "seed": 96974 },{ "seed": 97110 },{ "seed": 97315 },{ "seed": 97559 },{ "seed": 97760 },{ "seed": 97854 },{ "seed": 97996 },{ "seed": 98037 },{ "seed": 98812 },{ "seed": 98939 },{ "seed": 99365 },{ "seed": 99982 } ]