[ { "seed": 13 },{ "seed": 33 },{ "seed": 79 },{ "seed": 86 },{ "seed": 107 },{ "seed": 151 },{ "seed": 154 },{ "seed": 184 },{ "seed": 254 },{ "seed": 269 },{ "seed": 283 },{ "seed": 287 },{ "seed": 334 },{ "seed": 349 },{ "seed": 438 },{ "seed": 446 },{ "seed": 477 },{ "seed": 480 },{ "seed": 486 },{ "seed": 492 },{ "seed": 552 },{ "seed": 569 },{ "seed": 574 },{ "seed": 594 },{ "seed": 617 },{ "seed": 630 },{ "seed": 649 },{ "seed": 682 },{ "seed": 685 },{ "seed": 688 },{ "seed": 719 },{ "seed": 737 },{ "seed": 759 },{ "seed": 776 },{ "seed": 777 },{ "seed": 785 },{ "seed": 835 },{ "seed": 843 },{ "seed": 875 },{ "seed": 884 },{ "seed": 892 },{ "seed": 918 },{ "seed": 919 },{ "seed": 966 },{ "seed": 1009 },{ "seed": 1043 },{ "seed": 1049 },{ "seed": 1056 },{ "seed": 1117 },{ "seed": 1203 },{ "seed": 1212 },{ "seed": 1259 },{ "seed": 1387 },{ "seed": 1411 },{ "seed": 1419 },{ "seed": 1452 },{ "seed": 1479 },{ "seed": 1486 },{ "seed": 1515 },{ "seed": 1573 },{ "seed": 1574 },{ "seed": 1585 },{ "seed": 1596 },{ "seed": 1649 },{ "seed": 1654 },{ "seed": 1661 },{ "seed": 1680 },{ "seed": 1693 },{ "seed": 1698 },{ "seed": 1719 },{ "seed": 1779 },{ "seed": 1818 },{ "seed": 1825 },{ "seed": 1844 },{ "seed": 1852 },{ "seed": 1865 },{ "seed": 1903 },{ "seed": 1975 },{ "seed": 1980 },{ "seed": 1985 },{ "seed": 2000 },{ "seed": 2043 },{ "seed": 2046 },{ "seed": 2229 },{ "seed": 2249 },{ "seed": 2255 },{ "seed": 2266 },{ "seed": 2271 },{ "seed": 2282 },{ "seed": 2332 },{ "seed": 2404 },{ "seed": 2407 },{ "seed": 2424 },{ "seed": 2439 },{ "seed": 2518 },{ "seed": 2524 },{ "seed": 2525 },{ "seed": 2547 },{ "seed": 2550 },{ "seed": 2565 },{ "seed": 2572 },{ "seed": 2676 },{ "seed": 2683 },{ "seed": 2721 },{ "seed": 2755 },{ "seed": 2790 },{ "seed": 2849 },{ "seed": 2858 },{ "seed": 2901 },{ "seed": 2984 },{ "seed": 2990 },{ "seed": 3042 },{ "seed": 3053 },{ "seed": 3093 },{ "seed": 3094 },{ "seed": 3107 },{ "seed": 3133 },{ "seed": 3160 },{ "seed": 3183 },{ "seed": 3184 },{ "seed": 3191 },{ "seed": 3199 },{ "seed": 3204 },{ "seed": 3238 },{ "seed": 3242 },{ "seed": 3246 },{ "seed": 3308 },{ "seed": 3435 },{ "seed": 3440 },{ "seed": 3448 },{ "seed": 3559 },{ "seed": 3568 },{ "seed": 3595 },{ "seed": 3634 },{ "seed": 3638 },{ "seed": 3661 },{ "seed": 3816 },{ "seed": 3838 },{ "seed": 3906 },{ "seed": 3973 },{ "seed": 3977 },{ "seed": 3992 },{ "seed": 4024 },{ "seed": 4029 },{ "seed": 4053 },{ "seed": 4073 },{ "seed": 4078 },{ "seed": 4134 },{ "seed": 4163 },{ "seed": 4166 },{ "seed": 4260 },{ "seed": 4315 },{ "seed": 4393 },{ "seed": 4419 },{ "seed": 4420 },{ "seed": 4462 },{ "seed": 4488 },{ "seed": 4517 },{ "seed": 4576 },{ "seed": 4591 },{ "seed": 4597 },{ "seed": 4607 },{ "seed": 4656 },{ "seed": 4691 },{ "seed": 4738 },{ "seed": 4748 },{ "seed": 4774 },{ "seed": 4797 },{ "seed": 4799 },{ "seed": 4831 },{ "seed": 4849 },{ "seed": 4919 },{ "seed": 4926 },{ "seed": 4976 },{ "seed": 5003 },{ "seed": 5013 },{ "seed": 5041 },{ "seed": 5071 },{ "seed": 5086 },{ "seed": 5124 },{ "seed": 5161 },{ "seed": 5173 },{ "seed": 5194 },{ "seed": 5201 },{ "seed": 5302 },{ "seed": 5322 },{ "seed": 5345 },{ "seed": 5349 },{ "seed": 5358 },{ "seed": 5393 },{ "seed": 5414 },{ "seed": 5436 },{ "seed": 5478 },{ "seed": 5483 },{ "seed": 5506 },{ "seed": 5529 },{ "seed": 5532 },{ "seed": 5594 },{ "seed": 5687 },{ "seed": 5703 },{ "seed": 5716 },{ "seed": 5722 },{ "seed": 5757 },{ "seed": 5811 },{ "seed": 5836 },{ "seed": 5843 },{ "seed": 5885 },{ "seed": 5904 },{ "seed": 5950 },{ "seed": 5954 },{ "seed": 5956 },{ "seed": 5957 },{ "seed": 5975 },{ "seed": 6031 },{ "seed": 6077 },{ "seed": 6108 },{ "seed": 6111 },{ "seed": 6116 },{ "seed": 6125 },{ "seed": 6168 },{ "seed": 6178 },{ "seed": 6277 },{ "seed": 6291 },{ "seed": 6294 },{ "seed": 6366 },{ "seed": 6400 },{ "seed": 6412 },{ "seed": 6414 },{ "seed": 6432 },{ "seed": 6466 },{ "seed": 6474 },{ "seed": 6488 },{ "seed": 6554 },{ "seed": 6565 },{ "seed": 6580 },{ "seed": 6599 },{ "seed": 6687 },{ "seed": 6720 },{ "seed": 6740 },{ "seed": 6756 },{ "seed": 6777 },{ "seed": 6788 },{ "seed": 6793 },{ "seed": 6839 },{ "seed": 6840 },{ "seed": 6972 },{ "seed": 6995 },{ "seed": 7052 },{ "seed": 7057 },{ "seed": 7066 },{ "seed": 7067 },{ "seed": 7079 },{ "seed": 7117 },{ "seed": 7125 },{ "seed": 7183 },{ "seed": 7262 },{ "seed": 7315 },{ "seed": 7336 },{ "seed": 7343 },{ "seed": 7379 },{ "seed": 7397 },{ "seed": 7412 },{ "seed": 7444 },{ "seed": 7466 },{ "seed": 7529 },{ "seed": 7545 },{ "seed": 7576 },{ "seed": 7642 },{ "seed": 7701 },{ "seed": 7705 },{ "seed": 7706 },{ "seed": 7711 },{ "seed": 7754 },{ "seed": 7771 },{ "seed": 7773 },{ "seed": 7814 },{ "seed": 7832 },{ "seed": 7919 },{ "seed": 7926 },{ "seed": 7930 },{ "seed": 8002 },{ "seed": 8016 },{ "seed": 8037 },{ "seed": 8080 },{ "seed": 8082 },{ "seed": 8089 },{ "seed": 8090 },{ "seed": 8127 },{ "seed": 8145 },{ "seed": 8147 },{ "seed": 8170 },{ "seed": 8231 },{ "seed": 8236 },{ "seed": 8237 },{ "seed": 8262 },{ "seed": 8311 },{ "seed": 8329 },{ "seed": 8339 },{ "seed": 8433 },{ "seed": 8458 },{ "seed": 8485 },{ "seed": 8557 },{ "seed": 8569 },{ "seed": 8605 },{ "seed": 8671 },{ "seed": 8681 },{ "seed": 8700 },{ "seed": 8759 },{ "seed": 8787 },{ "seed": 8829 },{ "seed": 8877 },{ "seed": 8943 },{ "seed": 8951 },{ "seed": 8994 },{ "seed": 9022 },{ "seed": 9046 },{ "seed": 9059 },{ "seed": 9063 },{ "seed": 9131 },{ "seed": 9137 },{ "seed": 9158 },{ "seed": 9171 },{ "seed": 9222 },{ "seed": 9238 },{ "seed": 9254 },{ "seed": 9260 },{ "seed": 9336 },{ "seed": 9360 },{ "seed": 9418 },{ "seed": 9482 },{ "seed": 9484 },{ "seed": 9538 },{ "seed": 9571 },{ "seed": 9594 },{ "seed": 9598 },{ "seed": 9655 },{ "seed": 9659 },{ "seed": 9660 },{ "seed": 9766 },{ "seed": 9771 },{ "seed": 9790 },{ "seed": 9824 },{ "seed": 9850 },{ "seed": 9855 },{ "seed": 9896 },{ "seed": 9927 },{ "seed": 9957 },{ "seed": 10027 },{ "seed": 10035 },{ "seed": 10063 },{ "seed": 10067 },{ "seed": 10081 },{ "seed": 10104 },{ "seed": 10123 },{ "seed": 10194 },{ "seed": 10213 },{ "seed": 10235 },{ "seed": 10250 },{ "seed": 10296 },{ "seed": 10298 },{ "seed": 10366 },{ "seed": 10379 },{ "seed": 10395 },{ "seed": 10442 },{ "seed": 10443 },{ "seed": 10459 },{ "seed": 10498 },{ "seed": 10511 },{ "seed": 10521 },{ "seed": 10631 },{ "seed": 10665 },{ "seed": 10689 },{ "seed": 10720 },{ "seed": 10724 },{ "seed": 10727 },{ "seed": 10744 },{ "seed": 10757 },{ "seed": 10814 },{ "seed": 10815 },{ "seed": 10911 },{ "seed": 10922 },{ "seed": 10931 },{ "seed": 10943 },{ "seed": 11031 },{ "seed": 11074 },{ "seed": 11085 },{ "seed": 11149 },{ "seed": 11180 },{ "seed": 11193 },{ "seed": 11205 },{ "seed": 11231 },{ "seed": 11275 },{ "seed": 11308 },{ "seed": 11377 },{ "seed": 11379 },{ "seed": 11381 },{ "seed": 11441 },{ "seed": 11465 },{ "seed": 11482 },{ "seed": 11492 },{ "seed": 11505 },{ "seed": 11516 },{ "seed": 11549 },{ "seed": 11551 },{ "seed": 11572 },{ "seed": 11582 },{ "seed": 11594 },{ "seed": 11599 },{ "seed": 11600 },{ "seed": 11659 },{ "seed": 11684 },{ "seed": 11714 },{ "seed": 11728 },{ "seed": 11740 },{ "seed": 11851 },{ "seed": 11856 },{ "seed": 11882 },{ "seed": 11898 },{ "seed": 11929 },{ "seed": 11937 },{ "seed": 11950 },{ "seed": 11959 },{ "seed": 11975 },{ "seed": 12178 },{ "seed": 12183 },{ "seed": 12191 },{ "seed": 12215 },{ "seed": 12235 },{ "seed": 12263 },{ "seed": 12296 },{ "seed": 12299 },{ "seed": 12338 },{ "seed": 12383 },{ "seed": 12390 },{ "seed": 12450 },{ "seed": 12505 },{ "seed": 12523 },{ "seed": 12528 },{ "seed": 12554 },{ "seed": 12603 },{ "seed": 12611 },{ "seed": 12675 },{ "seed": 12753 },{ "seed": 12793 },{ "seed": 12812 },{ "seed": 12834 },{ "seed": 12856 },{ "seed": 12906 },{ "seed": 12915 },{ "seed": 12930 },{ "seed": 12935 },{ "seed": 12974 },{ "seed": 12976 },{ "seed": 12977 },{ "seed": 12980 },{ "seed": 13004 },{ "seed": 13005 },{ "seed": 13012 },{ "seed": 13055 },{ "seed": 13136 },{ "seed": 13148 },{ "seed": 13166 },{ "seed": 13179 },{ "seed": 13180 },{ "seed": 13182 },{ "seed": 13189 },{ "seed": 13216 },{ "seed": 13287 },{ "seed": 13289 },{ "seed": 13300 },{ "seed": 13321 },{ "seed": 13322 },{ "seed": 13337 },{ "seed": 13403 },{ "seed": 13422 },{ "seed": 13489 },{ "seed": 13537 },{ "seed": 13565 },{ "seed": 13581 },{ "seed": 13657 },{ "seed": 13696 },{ "seed": 13756 },{ "seed": 13767 },{ "seed": 13853 },{ "seed": 13862 },{ "seed": 13863 },{ "seed": 13953 },{ "seed": 13960 },{ "seed": 14027 },{ "seed": 14030 },{ "seed": 14034 },{ "seed": 14063 },{ "seed": 14105 },{ "seed": 14140 },{ "seed": 14174 },{ "seed": 14192 },{ "seed": 14243 },{ "seed": 14293 },{ "seed": 14332 },{ "seed": 14348 },{ "seed": 14374 },{ "seed": 14387 },{ "seed": 14409 },{ "seed": 14420 },{ "seed": 14424 },{ "seed": 14454 },{ "seed": 14475 },{ "seed": 14492 },{ "seed": 14529 },{ "seed": 14534 },{ "seed": 14618 },{ "seed": 14622 },{ "seed": 14662 },{ "seed": 14673 },{ "seed": 14674 },{ "seed": 14817 },{ "seed": 14848 },{ "seed": 14863 },{ "seed": 14871 },{ "seed": 14903 },{ "seed": 14940 },{ "seed": 14945 },{ "seed": 14949 },{ "seed": 14966 },{ "seed": 15011 },{ "seed": 15017 },{ "seed": 15026 },{ "seed": 15029 },{ "seed": 15060 },{ "seed": 15061 },{ "seed": 15142 },{ "seed": 15176 },{ "seed": 15236 },{ "seed": 15245 },{ "seed": 15263 },{ "seed": 15266 },{ "seed": 15287 },{ "seed": 15294 },{ "seed": 15345 },{ "seed": 15349 },{ "seed": 15372 },{ "seed": 15386 },{ "seed": 15411 },{ "seed": 15425 },{ "seed": 15465 },{ "seed": 15507 },{ "seed": 15531 },{ "seed": 15605 },{ "seed": 15619 },{ "seed": 15654 },{ "seed": 15724 },{ "seed": 15767 },{ "seed": 15778 },{ "seed": 15813 },{ "seed": 15831 },{ "seed": 15859 },{ "seed": 15887 },{ "seed": 15892 },{ "seed": 15914 },{ "seed": 15954 },{ "seed": 15977 },{ "seed": 15979 },{ "seed": 15981 },{ "seed": 16005 },{ "seed": 16016 },{ "seed": 16034 },{ "seed": 16075 },{ "seed": 16076 },{ "seed": 16089 },{ "seed": 16145 },{ "seed": 16155 },{ "seed": 16184 },{ "seed": 16298 },{ "seed": 16314 },{ "seed": 16393 },{ "seed": 16434 },{ "seed": 16436 },{ "seed": 16456 },{ "seed": 16458 },{ "seed": 16493 },{ "seed": 16508 },{ "seed": 16533 },{ "seed": 16546 },{ "seed": 16560 },{ "seed": 16596 },{ "seed": 16611 },{ "seed": 16629 },{ "seed": 16630 },{ "seed": 16675 },{ "seed": 16678 },{ "seed": 16684 },{ "seed": 16692 },{ "seed": 16702 },{ "seed": 16717 },{ "seed": 16746 },{ "seed": 16769 },{ "seed": 16778 },{ "seed": 16803 },{ "seed": 16858 },{ "seed": 16883 },{ "seed": 16892 },{ "seed": 16899 },{ "seed": 16902 },{ "seed": 16928 },{ "seed": 16937 },{ "seed": 16949 },{ "seed": 16971 },{ "seed": 16997 },{ "seed": 17008 },{ "seed": 17029 },{ "seed": 17151 },{ "seed": 17183 },{ "seed": 17217 },{ "seed": 17238 },{ "seed": 17240 },{ "seed": 17246 },{ "seed": 17262 },{ "seed": 17286 },{ "seed": 17287 },{ "seed": 17292 },{ "seed": 17406 },{ "seed": 17411 },{ "seed": 17483 },{ "seed": 17489 },{ "seed": 17520 },{ "seed": 17558 },{ "seed": 17592 },{ "seed": 17635 },{ "seed": 17637 },{ "seed": 17691 },{ "seed": 17712 },{ "seed": 17716 },{ "seed": 17733 },{ "seed": 17764 },{ "seed": 17780 },{ "seed": 17821 },{ "seed": 17828 },{ "seed": 17846 },{ "seed": 17861 },{ "seed": 17872 },{ "seed": 17876 },{ "seed": 17881 },{ "seed": 17899 },{ "seed": 17932 },{ "seed": 18054 },{ "seed": 18064 },{ "seed": 18075 },{ "seed": 18105 },{ "seed": 18117 },{ "seed": 18132 },{ "seed": 18186 },{ "seed": 18235 },{ "seed": 18259 },{ "seed": 18269 },{ "seed": 18288 },{ "seed": 18289 },{ "seed": 18325 },{ "seed": 18344 },{ "seed": 18453 },{ "seed": 18472 },{ "seed": 18492 },{ "seed": 18518 },{ "seed": 18574 },{ "seed": 18610 },{ "seed": 18616 },{ "seed": 18646 },{ "seed": 18653 },{ "seed": 18673 },{ "seed": 18682 },{ "seed": 18735 },{ "seed": 18792 },{ "seed": 18800 },{ "seed": 18853 },{ "seed": 18867 },{ "seed": 18871 },{ "seed": 18906 },{ "seed": 18946 },{ "seed": 18973 },{ "seed": 18979 },{ "seed": 19014 },{ "seed": 19038 },{ "seed": 19058 },{ "seed": 19061 },{ "seed": 19106 },{ "seed": 19129 },{ "seed": 19161 },{ "seed": 19170 },{ "seed": 19222 },{ "seed": 19234 },{ "seed": 19254 },{ "seed": 19261 },{ "seed": 19284 },{ "seed": 19295 },{ "seed": 19422 },{ "seed": 19489 },{ "seed": 19510 },{ "seed": 19514 },{ "seed": 19517 },{ "seed": 19524 },{ "seed": 19566 },{ "seed": 19567 },{ "seed": 19572 },{ "seed": 19577 },{ "seed": 19637 },{ "seed": 19641 },{ "seed": 19734 },{ "seed": 19755 },{ "seed": 19776 },{ "seed": 19783 },{ "seed": 19804 },{ "seed": 19844 },{ "seed": 19919 },{ "seed": 19924 },{ "seed": 19933 },{ "seed": 19973 },{ "seed": 19993 },{ "seed": 19997 },{ "seed": 20041 },{ "seed": 20117 },{ "seed": 20179 },{ "seed": 20180 },{ "seed": 20215 },{ "seed": 20239 },{ "seed": 20280 },{ "seed": 20310 },{ "seed": 20346 },{ "seed": 20392 },{ "seed": 20407 },{ "seed": 20437 },{ "seed": 20456 },{ "seed": 20462 },{ "seed": 20486 },{ "seed": 20528 },{ "seed": 20543 },{ "seed": 20676 },{ "seed": 20686 },{ "seed": 20691 },{ "seed": 20722 },{ "seed": 20749 },{ "seed": 20769 },{ "seed": 20777 },{ "seed": 20782 },{ "seed": 20828 },{ "seed": 20870 },{ "seed": 20891 },{ "seed": 20904 },{ "seed": 20908 },{ "seed": 20922 },{ "seed": 20944 },{ "seed": 21046 },{ "seed": 21160 },{ "seed": 21172 },{ "seed": 21201 },{ "seed": 21241 },{ "seed": 21258 },{ "seed": 21333 },{ "seed": 21342 },{ "seed": 21350 },{ "seed": 21400 },{ "seed": 21412 },{ "seed": 21418 },{ "seed": 21425 },{ "seed": 21484 },{ "seed": 21518 },{ "seed": 21535 },{ "seed": 21557 },{ "seed": 21571 },{ "seed": 21578 },{ "seed": 21585 },{ "seed": 21630 },{ "seed": 21635 },{ "seed": 21695 },{ "seed": 21705 },{ "seed": 21744 },{ "seed": 21746 },{ "seed": 21759 },{ "seed": 21778 },{ "seed": 21780 },{ "seed": 21796 },{ "seed": 21828 },{ "seed": 21844 },{ "seed": 21874 },{ "seed": 21883 },{ "seed": 21890 },{ "seed": 21918 },{ "seed": 21919 },{ "seed": 21928 },{ "seed": 21934 },{ "seed": 22017 },{ "seed": 22023 },{ "seed": 22039 },{ "seed": 22071 },{ "seed": 22124 },{ "seed": 22162 },{ "seed": 22194 },{ "seed": 22197 },{ "seed": 22255 },{ "seed": 22283 },{ "seed": 22315 },{ "seed": 22316 },{ "seed": 22323 },{ "seed": 22343 },{ "seed": 22346 },{ "seed": 22373 },{ "seed": 22377 },{ "seed": 22405 },{ "seed": 22436 },{ "seed": 22480 },{ "seed": 22485 },{ "seed": 22553 },{ "seed": 22568 },{ "seed": 22578 },{ "seed": 22579 },{ "seed": 22605 },{ "seed": 22658 },{ "seed": 22842 },{ "seed": 22859 },{ "seed": 22881 },{ "seed": 22970 },{ "seed": 22972 },{ "seed": 22985 },{ "seed": 23081 },{ "seed": 23094 },{ "seed": 23113 },{ "seed": 23129 },{ "seed": 23198 },{ "seed": 23202 },{ "seed": 23280 },{ "seed": 23306 },{ "seed": 23324 },{ "seed": 23373 },{ "seed": 23383 },{ "seed": 23391 },{ "seed": 23522 },{ "seed": 23651 },{ "seed": 23770 },{ "seed": 23775 },{ "seed": 23793 },{ "seed": 23828 },{ "seed": 23895 },{ "seed": 23907 },{ "seed": 23928 },{ "seed": 23943 },{ "seed": 23970 },{ "seed": 23975 },{ "seed": 23996 },{ "seed": 23997 },{ "seed": 24016 },{ "seed": 24017 },{ "seed": 24024 },{ "seed": 24046 },{ "seed": 24058 },{ "seed": 24082 },{ "seed": 24099 },{ "seed": 24122 },{ "seed": 24127 },{ "seed": 24160 },{ "seed": 24201 },{ "seed": 24214 },{ "seed": 24225 },{ "seed": 24239 },{ "seed": 24245 },{ "seed": 24317 },{ "seed": 24327 },{ "seed": 24341 },{ "seed": 24477 },{ "seed": 24533 },{ "seed": 24577 },{ "seed": 24586 },{ "seed": 24615 },{ "seed": 24652 },{ "seed": 24658 },{ "seed": 24662 },{ "seed": 24669 },{ "seed": 24733 },{ "seed": 24782 },{ "seed": 24817 },{ "seed": 24819 },{ "seed": 24827 },{ "seed": 24855 },{ "seed": 24880 },{ "seed": 24885 },{ "seed": 24888 },{ "seed": 24906 },{ "seed": 24938 },{ "seed": 24967 },{ "seed": 24972 },{ "seed": 25034 },{ "seed": 25055 },{ "seed": 25078 },{ "seed": 25094 },{ "seed": 25145 },{ "seed": 25172 },{ "seed": 25190 },{ "seed": 25242 },{ "seed": 25249 },{ "seed": 25303 },{ "seed": 25320 },{ "seed": 25337 },{ "seed": 25370 },{ "seed": 25374 },{ "seed": 25405 },{ "seed": 25441 },{ "seed": 25501 },{ "seed": 25577 },{ "seed": 25585 },{ "seed": 25613 },{ "seed": 25646 },{ "seed": 25695 },{ "seed": 25713 },{ "seed": 25714 },{ "seed": 25793 },{ "seed": 25794 },{ "seed": 25831 },{ "seed": 25836 },{ "seed": 25848 },{ "seed": 25892 },{ "seed": 25908 },{ "seed": 25968 },{ "seed": 25971 },{ "seed": 25990 },{ "seed": 25999 },{ "seed": 26125 },{ "seed": 26133 },{ "seed": 26145 },{ "seed": 26233 },{ "seed": 26238 },{ "seed": 26241 },{ "seed": 26248 },{ "seed": 26302 },{ "seed": 26312 },{ "seed": 26313 },{ "seed": 26349 },{ "seed": 26358 },{ "seed": 26391 },{ "seed": 26407 },{ "seed": 26437 },{ "seed": 26507 },{ "seed": 26524 },{ "seed": 26541 },{ "seed": 26556 },{ "seed": 26577 },{ "seed": 26624 },{ "seed": 26658 },{ "seed": 26686 },{ "seed": 26707 },{ "seed": 26727 },{ "seed": 26934 },{ "seed": 26966 },{ "seed": 26968 },{ "seed": 26983 },{ "seed": 27009 },{ "seed": 27018 },{ "seed": 27110 },{ "seed": 27115 },{ "seed": 27155 },{ "seed": 27185 },{ "seed": 27197 },{ "seed": 27236 },{ "seed": 27265 },{ "seed": 27276 },{ "seed": 27301 },{ "seed": 27303 },{ "seed": 27309 },{ "seed": 27338 },{ "seed": 27353 },{ "seed": 27391 },{ "seed": 27409 },{ "seed": 27425 },{ "seed": 27436 },{ "seed": 27482 },{ "seed": 27515 },{ "seed": 27535 },{ "seed": 27548 },{ "seed": 27553 },{ "seed": 27554 },{ "seed": 27574 },{ "seed": 27582 },{ "seed": 27610 },{ "seed": 27622 },{ "seed": 27625 },{ "seed": 27699 },{ "seed": 27724 },{ "seed": 27735 },{ "seed": 27748 },{ "seed": 27787 },{ "seed": 27790 },{ "seed": 27826 },{ "seed": 27840 },{ "seed": 27842 },{ "seed": 27886 },{ "seed": 27918 },{ "seed": 27922 },{ "seed": 27944 },{ "seed": 27969 },{ "seed": 27983 },{ "seed": 28006 },{ "seed": 28045 },{ "seed": 28085 },{ "seed": 28105 },{ "seed": 28167 },{ "seed": 28199 },{ "seed": 28221 },{ "seed": 28273 },{ "seed": 28309 },{ "seed": 28340 },{ "seed": 28373 },{ "seed": 28396 },{ "seed": 28423 },{ "seed": 28435 },{ "seed": 28442 },{ "seed": 28463 },{ "seed": 28495 },{ "seed": 28528 },{ "seed": 28586 },{ "seed": 28589 },{ "seed": 28598 },{ "seed": 28638 },{ "seed": 28645 },{ "seed": 28669 },{ "seed": 28694 },{ "seed": 28699 },{ "seed": 28704 },{ "seed": 28781 },{ "seed": 28811 },{ "seed": 28816 },{ "seed": 28824 },{ "seed": 28834 },{ "seed": 28848 },{ "seed": 28853 },{ "seed": 28863 },{ "seed": 29023 },{ "seed": 29030 },{ "seed": 29035 },{ "seed": 29037 },{ "seed": 29049 },{ "seed": 29134 },{ "seed": 29208 },{ "seed": 29218 },{ "seed": 29247 },{ "seed": 29258 },{ "seed": 29318 },{ "seed": 29421 },{ "seed": 29495 },{ "seed": 29503 },{ "seed": 29592 },{ "seed": 29603 },{ "seed": 29606 },{ "seed": 29611 },{ "seed": 29867 },{ "seed": 29906 },{ "seed": 29908 },{ "seed": 29933 },{ "seed": 29957 },{ "seed": 29962 },{ "seed": 29970 },{ "seed": 29971 },{ "seed": 30011 },{ "seed": 30050 },{ "seed": 30078 },{ "seed": 30121 },{ "seed": 30146 },{ "seed": 30227 },{ "seed": 30231 },{ "seed": 30343 },{ "seed": 30389 },{ "seed": 30392 },{ "seed": 30525 },{ "seed": 30527 },{ "seed": 30559 },{ "seed": 30564 },{ "seed": 30601 },{ "seed": 30613 },{ "seed": 30645 },{ "seed": 30663 },{ "seed": 30670 },{ "seed": 30722 },{ "seed": 30749 },{ "seed": 30759 },{ "seed": 30820 },{ "seed": 30833 },{ "seed": 30839 },{ "seed": 30868 },{ "seed": 30880 },{ "seed": 30884 },{ "seed": 30900 },{ "seed": 30913 },{ "seed": 30917 },{ "seed": 31003 },{ "seed": 31037 },{ "seed": 31052 },{ "seed": 31069 },{ "seed": 31087 },{ "seed": 31088 },{ "seed": 31121 },{ "seed": 31190 },{ "seed": 31213 },{ "seed": 31302 },{ "seed": 31323 },{ "seed": 31340 },{ "seed": 31554 },{ "seed": 31571 },{ "seed": 31595 },{ "seed": 31642 },{ "seed": 31657 },{ "seed": 31710 },{ "seed": 31747 },{ "seed": 31768 },{ "seed": 31813 },{ "seed": 31875 },{ "seed": 31897 },{ "seed": 31908 },{ "seed": 31952 },{ "seed": 32005 },{ "seed": 32033 },{ "seed": 32047 },{ "seed": 32117 },{ "seed": 32122 },{ "seed": 32134 },{ "seed": 32205 },{ "seed": 32217 },{ "seed": 32228 },{ "seed": 32238 },{ "seed": 32254 },{ "seed": 32286 },{ "seed": 32291 },{ "seed": 32299 },{ "seed": 32336 },{ "seed": 32394 },{ "seed": 32397 },{ "seed": 32444 },{ "seed": 32452 },{ "seed": 32484 },{ "seed": 32530 },{ "seed": 32611 },{ "seed": 32653 },{ "seed": 32660 },{ "seed": 32696 },{ "seed": 32712 },{ "seed": 32772 },{ "seed": 32859 },{ "seed": 32964 },{ "seed": 32971 },{ "seed": 32994 },{ "seed": 33022 },{ "seed": 33042 },{ "seed": 33086 },{ "seed": 33142 },{ "seed": 33185 },{ "seed": 33197 },{ "seed": 33238 },{ "seed": 33276 },{ "seed": 33279 },{ "seed": 33309 },{ "seed": 33354 },{ "seed": 33456 },{ "seed": 33490 },{ "seed": 33524 },{ "seed": 33529 },{ "seed": 33535 },{ "seed": 33543 },{ "seed": 33550 },{ "seed": 33560 },{ "seed": 33612 },{ "seed": 33614 },{ "seed": 33615 },{ "seed": 33616 },{ "seed": 33633 },{ "seed": 33689 },{ "seed": 33726 },{ "seed": 33736 },{ "seed": 33762 },{ "seed": 33784 },{ "seed": 33811 },{ "seed": 33855 },{ "seed": 33869 },{ "seed": 33892 },{ "seed": 33970 },{ "seed": 33979 },{ "seed": 34013 },{ "seed": 34044 },{ "seed": 34079 },{ "seed": 34140 },{ "seed": 34154 },{ "seed": 34160 },{ "seed": 34234 },{ "seed": 34237 },{ "seed": 34262 },{ "seed": 34268 },{ "seed": 34276 },{ "seed": 34280 },{ "seed": 34298 },{ "seed": 34312 },{ "seed": 34361 },{ "seed": 34405 },{ "seed": 34431 },{ "seed": 34474 },{ "seed": 34513 },{ "seed": 34535 },{ "seed": 34570 },{ "seed": 34591 },{ "seed": 34625 },{ "seed": 34636 },{ "seed": 34674 },{ "seed": 34717 },{ "seed": 34720 },{ "seed": 34760 },{ "seed": 34767 },{ "seed": 34782 },{ "seed": 34787 },{ "seed": 34797 },{ "seed": 34829 },{ "seed": 34838 },{ "seed": 34847 },{ "seed": 34872 },{ "seed": 34878 },{ "seed": 34915 },{ "seed": 34926 },{ "seed": 34951 },{ "seed": 34955 },{ "seed": 34962 },{ "seed": 34972 },{ "seed": 35032 },{ "seed": 35036 },{ "seed": 35085 },{ "seed": 35115 },{ "seed": 35125 },{ "seed": 35133 },{ "seed": 35173 },{ "seed": 35319 },{ "seed": 35344 },{ "seed": 35366 },{ "seed": 35380 },{ "seed": 35386 },{ "seed": 35401 },{ "seed": 35425 },{ "seed": 35426 },{ "seed": 35477 },{ "seed": 35525 },{ "seed": 35580 },{ "seed": 35586 },{ "seed": 35587 },{ "seed": 35615 },{ "seed": 35675 },{ "seed": 35683 },{ "seed": 35690 },{ "seed": 35711 },{ "seed": 35736 },{ "seed": 35744 },{ "seed": 35772 },{ "seed": 35782 },{ "seed": 35787 },{ "seed": 35793 },{ "seed": 35864 },{ "seed": 35866 },{ "seed": 35882 },{ "seed": 35901 },{ "seed": 35925 },{ "seed": 35928 },{ "seed": 35937 },{ "seed": 35997 },{ "seed": 36074 },{ "seed": 36097 },{ "seed": 36120 },{ "seed": 36147 },{ "seed": 36184 },{ "seed": 36186 },{ "seed": 36205 },{ "seed": 36212 },{ "seed": 36241 },{ "seed": 36246 },{ "seed": 36280 },{ "seed": 36281 },{ "seed": 36303 },{ "seed": 36322 },{ "seed": 36464 },{ "seed": 36475 },{ "seed": 36482 },{ "seed": 36509 },{ "seed": 36537 },{ "seed": 36574 },{ "seed": 36582 },{ "seed": 36588 },{ "seed": 36593 },{ "seed": 36625 },{ "seed": 36628 },{ "seed": 36632 },{ "seed": 36642 },{ "seed": 36685 },{ "seed": 36700 },{ "seed": 36716 },{ "seed": 36730 },{ "seed": 36838 },{ "seed": 36848 },{ "seed": 36862 },{ "seed": 36865 },{ "seed": 36930 },{ "seed": 36965 },{ "seed": 36980 },{ "seed": 36986 },{ "seed": 37001 },{ "seed": 37016 },{ "seed": 37044 },{ "seed": 37118 },{ "seed": 37126 },{ "seed": 37140 },{ "seed": 37164 },{ "seed": 37189 },{ "seed": 37217 },{ "seed": 37221 },{ "seed": 37232 },{ "seed": 37236 },{ "seed": 37270 },{ "seed": 37315 },{ "seed": 37347 },{ "seed": 37362 },{ "seed": 37382 },{ "seed": 37395 },{ "seed": 37455 },{ "seed": 37484 },{ "seed": 37513 },{ "seed": 37517 },{ "seed": 37545 },{ "seed": 37606 },{ "seed": 37640 },{ "seed": 37659 },{ "seed": 37669 },{ "seed": 37771 },{ "seed": 37811 },{ "seed": 37872 },{ "seed": 37881 },{ "seed": 37883 },{ "seed": 37902 },{ "seed": 37907 },{ "seed": 37929 },{ "seed": 37944 },{ "seed": 37968 },{ "seed": 37978 },{ "seed": 38002 },{ "seed": 38003 },{ "seed": 38013 },{ "seed": 38036 },{ "seed": 38094 },{ "seed": 38120 },{ "seed": 38169 },{ "seed": 38196 },{ "seed": 38211 },{ "seed": 38251 },{ "seed": 38286 },{ "seed": 38358 },{ "seed": 38370 },{ "seed": 38428 },{ "seed": 38450 },{ "seed": 38472 },{ "seed": 38491 },{ "seed": 38524 },{ "seed": 38663 },{ "seed": 38666 },{ "seed": 38667 },{ "seed": 38703 },{ "seed": 38708 },{ "seed": 38746 },{ "seed": 38813 },{ "seed": 38849 },{ "seed": 38914 },{ "seed": 38972 },{ "seed": 39005 },{ "seed": 39099 },{ "seed": 39106 },{ "seed": 39131 },{ "seed": 39160 },{ "seed": 39199 },{ "seed": 39303 },{ "seed": 39314 },{ "seed": 39373 },{ "seed": 39386 },{ "seed": 39412 },{ "seed": 39413 },{ "seed": 39435 },{ "seed": 39475 },{ "seed": 39484 },{ "seed": 39496 },{ "seed": 39557 },{ "seed": 39572 },{ "seed": 39603 },{ "seed": 39629 },{ "seed": 39633 },{ "seed": 39690 },{ "seed": 39719 },{ "seed": 39728 },{ "seed": 39733 },{ "seed": 39744 },{ "seed": 39762 },{ "seed": 39796 },{ "seed": 39802 },{ "seed": 39855 },{ "seed": 39882 },{ "seed": 39903 },{ "seed": 39904 },{ "seed": 39912 },{ "seed": 39946 },{ "seed": 39951 },{ "seed": 39959 },{ "seed": 40039 },{ "seed": 40109 },{ "seed": 40117 },{ "seed": 40183 },{ "seed": 40188 },{ "seed": 40250 },{ "seed": 40266 },{ "seed": 40290 },{ "seed": 40386 },{ "seed": 40402 },{ "seed": 40431 },{ "seed": 40437 },{ "seed": 40517 },{ "seed": 40532 },{ "seed": 40544 },{ "seed": 40554 },{ "seed": 40565 },{ "seed": 40570 },{ "seed": 40641 },{ "seed": 40699 },{ "seed": 40708 },{ "seed": 40709 },{ "seed": 40711 },{ "seed": 40726 },{ "seed": 40793 },{ "seed": 40798 },{ "seed": 40818 },{ "seed": 40845 },{ "seed": 40870 },{ "seed": 40900 },{ "seed": 40949 },{ "seed": 40959 },{ "seed": 40991 },{ "seed": 40994 },{ "seed": 41013 },{ "seed": 41042 },{ "seed": 41048 },{ "seed": 41100 },{ "seed": 41141 },{ "seed": 41146 },{ "seed": 41158 },{ "seed": 41169 },{ "seed": 41210 },{ "seed": 41248 },{ "seed": 41352 },{ "seed": 41372 },{ "seed": 41394 },{ "seed": 41403 },{ "seed": 41459 },{ "seed": 41534 },{ "seed": 41565 },{ "seed": 41583 },{ "seed": 41634 },{ "seed": 41643 },{ "seed": 41664 },{ "seed": 41665 },{ "seed": 41706 },{ "seed": 41746 },{ "seed": 41794 },{ "seed": 41799 },{ "seed": 41839 },{ "seed": 41889 },{ "seed": 41939 },{ "seed": 41940 },{ "seed": 42028 },{ "seed": 42122 },{ "seed": 42151 },{ "seed": 42177 },{ "seed": 42204 },{ "seed": 42222 },{ "seed": 42237 },{ "seed": 42267 },{ "seed": 42291 },{ "seed": 42299 },{ "seed": 42341 },{ "seed": 42354 },{ "seed": 42377 },{ "seed": 42404 },{ "seed": 42479 },{ "seed": 42511 },{ "seed": 42546 },{ "seed": 42573 },{ "seed": 42579 },{ "seed": 42656 },{ "seed": 42680 },{ "seed": 42691 },{ "seed": 42715 },{ "seed": 42764 },{ "seed": 42793 },{ "seed": 42858 },{ "seed": 42866 },{ "seed": 43125 },{ "seed": 43192 },{ "seed": 43206 },{ "seed": 43228 },{ "seed": 43251 },{ "seed": 43288 },{ "seed": 43355 },{ "seed": 43374 },{ "seed": 43376 },{ "seed": 43382 },{ "seed": 43387 },{ "seed": 43390 },{ "seed": 43393 },{ "seed": 43428 },{ "seed": 43434 },{ "seed": 43438 },{ "seed": 43492 },{ "seed": 43515 },{ "seed": 43524 },{ "seed": 43529 },{ "seed": 43530 },{ "seed": 43550 },{ "seed": 43557 },{ "seed": 43566 },{ "seed": 43622 },{ "seed": 43641 },{ "seed": 43656 },{ "seed": 43722 },{ "seed": 43767 },{ "seed": 43775 },{ "seed": 43778 },{ "seed": 43797 },{ "seed": 43886 },{ "seed": 43914 },{ "seed": 43984 },{ "seed": 44073 },{ "seed": 44099 },{ "seed": 44230 },{ "seed": 44232 },{ "seed": 44256 },{ "seed": 44301 },{ "seed": 44328 },{ "seed": 44373 },{ "seed": 44413 },{ "seed": 44464 },{ "seed": 44500 },{ "seed": 44533 },{ "seed": 44540 },{ "seed": 44598 },{ "seed": 44629 },{ "seed": 44672 },{ "seed": 44695 },{ "seed": 44729 },{ "seed": 44752 },{ "seed": 44852 },{ "seed": 44853 },{ "seed": 44857 },{ "seed": 44880 },{ "seed": 44897 },{ "seed": 44910 },{ "seed": 44971 },{ "seed": 45000 },{ "seed": 45044 },{ "seed": 45051 },{ "seed": 45113 },{ "seed": 45149 },{ "seed": 45191 },{ "seed": 45203 },{ "seed": 45225 },{ "seed": 45235 },{ "seed": 45238 },{ "seed": 45313 },{ "seed": 45360 },{ "seed": 45416 },{ "seed": 45418 },{ "seed": 45449 },{ "seed": 45458 },{ "seed": 45478 },{ "seed": 45495 },{ "seed": 45557 },{ "seed": 45613 },{ "seed": 45633 },{ "seed": 45671 },{ "seed": 45696 },{ "seed": 45707 },{ "seed": 45737 },{ "seed": 45741 },{ "seed": 45767 },{ "seed": 45785 },{ "seed": 45834 },{ "seed": 45848 },{ "seed": 45855 },{ "seed": 45906 },{ "seed": 45935 },{ "seed": 46025 },{ "seed": 46046 },{ "seed": 46069 },{ "seed": 46090 },{ "seed": 46193 },{ "seed": 46265 },{ "seed": 46280 },{ "seed": 46287 },{ "seed": 46325 },{ "seed": 46361 },{ "seed": 46388 },{ "seed": 46391 },{ "seed": 46501 },{ "seed": 46515 },{ "seed": 46516 },{ "seed": 46551 },{ "seed": 46564 },{ "seed": 46565 },{ "seed": 46575 },{ "seed": 46585 },{ "seed": 46597 },{ "seed": 46615 },{ "seed": 46620 },{ "seed": 46663 },{ "seed": 46683 },{ "seed": 46706 },{ "seed": 46739 },{ "seed": 46784 },{ "seed": 46818 },{ "seed": 46832 },{ "seed": 46888 },{ "seed": 46904 },{ "seed": 46912 },{ "seed": 47048 },{ "seed": 47064 },{ "seed": 47085 },{ "seed": 47114 },{ "seed": 47182 },{ "seed": 47188 },{ "seed": 47199 },{ "seed": 47229 },{ "seed": 47305 },{ "seed": 47391 },{ "seed": 47402 },{ "seed": 47466 },{ "seed": 47467 },{ "seed": 47481 },{ "seed": 47527 },{ "seed": 47531 },{ "seed": 47551 },{ "seed": 47591 },{ "seed": 47592 },{ "seed": 47613 },{ "seed": 47685 },{ "seed": 47787 },{ "seed": 47789 },{ "seed": 47832 },{ "seed": 47841 },{ "seed": 47843 },{ "seed": 47885 },{ "seed": 47981 },{ "seed": 48027 },{ "seed": 48058 },{ "seed": 48103 },{ "seed": 48129 },{ "seed": 48145 },{ "seed": 48173 },{ "seed": 48183 },{ "seed": 48251 },{ "seed": 48277 },{ "seed": 48280 },{ "seed": 48349 },{ "seed": 48366 },{ "seed": 48381 },{ "seed": 48426 },{ "seed": 48455 },{ "seed": 48458 },{ "seed": 48459 },{ "seed": 48465 },{ "seed": 48527 },{ "seed": 48540 },{ "seed": 48605 },{ "seed": 48629 },{ "seed": 48645 },{ "seed": 48698 },{ "seed": 48711 },{ "seed": 48753 },{ "seed": 48829 },{ "seed": 48875 },{ "seed": 48926 },{ "seed": 48966 },{ "seed": 48997 },{ "seed": 49006 },{ "seed": 49039 },{ "seed": 49069 },{ "seed": 49072 },{ "seed": 49079 },{ "seed": 49080 },{ "seed": 49090 },{ "seed": 49108 },{ "seed": 49109 },{ "seed": 49132 },{ "seed": 49167 },{ "seed": 49194 },{ "seed": 49265 },{ "seed": 49294 },{ "seed": 49296 },{ "seed": 49308 },{ "seed": 49315 },{ "seed": 49368 },{ "seed": 49373 },{ "seed": 49384 },{ "seed": 49467 },{ "seed": 49551 },{ "seed": 49563 },{ "seed": 49589 },{ "seed": 49650 },{ "seed": 49683 },{ "seed": 49738 },{ "seed": 49770 },{ "seed": 49774 },{ "seed": 49778 },{ "seed": 49810 },{ "seed": 49811 },{ "seed": 49832 },{ "seed": 49836 },{ "seed": 49858 },{ "seed": 49873 },{ "seed": 50087 },{ "seed": 50152 },{ "seed": 50153 },{ "seed": 50157 },{ "seed": 50210 },{ "seed": 50213 },{ "seed": 50249 },{ "seed": 50279 },{ "seed": 50336 },{ "seed": 50360 },{ "seed": 50395 },{ "seed": 50412 },{ "seed": 50422 },{ "seed": 50427 },{ "seed": 50494 },{ "seed": 50499 },{ "seed": 50530 },{ "seed": 50536 },{ "seed": 50603 },{ "seed": 50639 },{ "seed": 50655 },{ "seed": 50669 },{ "seed": 50693 },{ "seed": 50694 },{ "seed": 50702 },{ "seed": 50793 },{ "seed": 50803 },{ "seed": 50836 },{ "seed": 50864 },{ "seed": 50913 },{ "seed": 50917 },{ "seed": 50955 },{ "seed": 50956 },{ "seed": 51000 },{ "seed": 51065 },{ "seed": 51093 },{ "seed": 51119 },{ "seed": 51152 },{ "seed": 51154 },{ "seed": 51196 },{ "seed": 51198 },{ "seed": 51268 },{ "seed": 51305 },{ "seed": 51317 },{ "seed": 51335 },{ "seed": 51337 },{ "seed": 51343 },{ "seed": 51366 },{ "seed": 51419 },{ "seed": 51426 },{ "seed": 51430 },{ "seed": 51450 },{ "seed": 51454 },{ "seed": 51472 },{ "seed": 51487 },{ "seed": 51497 },{ "seed": 51571 },{ "seed": 51644 },{ "seed": 51648 },{ "seed": 51711 },{ "seed": 51719 },{ "seed": 51768 },{ "seed": 51808 },{ "seed": 51827 },{ "seed": 51872 },{ "seed": 51934 },{ "seed": 51937 },{ "seed": 51939 },{ "seed": 51986 },{ "seed": 51998 },{ "seed": 52035 },{ "seed": 52085 },{ "seed": 52094 },{ "seed": 52104 },{ "seed": 52202 },{ "seed": 52220 },{ "seed": 52222 },{ "seed": 52303 },{ "seed": 52304 },{ "seed": 52411 },{ "seed": 52422 },{ "seed": 52433 },{ "seed": 52462 },{ "seed": 52470 },{ "seed": 52528 },{ "seed": 52533 },{ "seed": 52571 },{ "seed": 52604 },{ "seed": 52633 },{ "seed": 52699 },{ "seed": 52706 },{ "seed": 52716 },{ "seed": 52741 },{ "seed": 52853 },{ "seed": 52860 },{ "seed": 52875 },{ "seed": 52886 },{ "seed": 52893 },{ "seed": 52982 },{ "seed": 52986 },{ "seed": 53043 },{ "seed": 53072 },{ "seed": 53083 },{ "seed": 53179 },{ "seed": 53180 },{ "seed": 53185 },{ "seed": 53192 },{ "seed": 53217 },{ "seed": 53220 },{ "seed": 53228 },{ "seed": 53231 },{ "seed": 53246 },{ "seed": 53286 },{ "seed": 53328 },{ "seed": 53335 },{ "seed": 53349 },{ "seed": 53356 },{ "seed": 53362 },{ "seed": 53380 },{ "seed": 53399 },{ "seed": 53446 },{ "seed": 53569 },{ "seed": 53597 },{ "seed": 53613 },{ "seed": 53615 },{ "seed": 53636 },{ "seed": 53641 },{ "seed": 53646 },{ "seed": 53722 },{ "seed": 53755 },{ "seed": 53785 },{ "seed": 53787 },{ "seed": 53794 },{ "seed": 53856 },{ "seed": 53999 },{ "seed": 54000 },{ "seed": 54035 },{ "seed": 54038 },{ "seed": 54066 },{ "seed": 54101 },{ "seed": 54121 },{ "seed": 54149 },{ "seed": 54164 },{ "seed": 54197 },{ "seed": 54207 },{ "seed": 54276 },{ "seed": 54327 },{ "seed": 54331 },{ "seed": 54347 },{ "seed": 54520 },{ "seed": 54541 },{ "seed": 54545 },{ "seed": 54690 },{ "seed": 54715 },{ "seed": 54719 },{ "seed": 54722 },{ "seed": 54727 },{ "seed": 54729 },{ "seed": 54794 },{ "seed": 54883 },{ "seed": 54903 },{ "seed": 54917 },{ "seed": 54924 },{ "seed": 54973 },{ "seed": 54974 },{ "seed": 54980 },{ "seed": 55015 },{ "seed": 55016 },{ "seed": 55029 },{ "seed": 55033 },{ "seed": 55054 },{ "seed": 55075 },{ "seed": 55152 },{ "seed": 55250 },{ "seed": 55263 },{ "seed": 55314 },{ "seed": 55354 },{ "seed": 55426 },{ "seed": 55439 },{ "seed": 55459 },{ "seed": 55480 },{ "seed": 55489 },{ "seed": 55535 },{ "seed": 55578 },{ "seed": 55583 },{ "seed": 55585 },{ "seed": 55589 },{ "seed": 55601 },{ "seed": 55603 },{ "seed": 55616 },{ "seed": 55618 },{ "seed": 55653 },{ "seed": 55657 },{ "seed": 55680 },{ "seed": 55693 },{ "seed": 55757 },{ "seed": 55759 },{ "seed": 55763 },{ "seed": 55878 },{ "seed": 55947 },{ "seed": 55957 },{ "seed": 55972 },{ "seed": 56033 },{ "seed": 56037 },{ "seed": 56060 },{ "seed": 56108 },{ "seed": 56120 },{ "seed": 56158 },{ "seed": 56191 },{ "seed": 56250 },{ "seed": 56283 },{ "seed": 56307 },{ "seed": 56326 },{ "seed": 56336 },{ "seed": 56371 },{ "seed": 56386 },{ "seed": 56404 },{ "seed": 56453 },{ "seed": 56482 },{ "seed": 56538 },{ "seed": 56543 },{ "seed": 56553 },{ "seed": 56593 },{ "seed": 56608 },{ "seed": 56676 },{ "seed": 56692 },{ "seed": 56717 },{ "seed": 56721 },{ "seed": 56734 },{ "seed": 56755 },{ "seed": 56778 },{ "seed": 56803 },{ "seed": 56823 },{ "seed": 56828 },{ "seed": 56835 },{ "seed": 56858 },{ "seed": 56895 },{ "seed": 56940 },{ "seed": 57061 },{ "seed": 57063 },{ "seed": 57065 },{ "seed": 57078 },{ "seed": 57093 },{ "seed": 57099 },{ "seed": 57109 },{ "seed": 57119 },{ "seed": 57223 },{ "seed": 57225 },{ "seed": 57289 },{ "seed": 57303 },{ "seed": 57310 },{ "seed": 57332 },{ "seed": 57354 },{ "seed": 57362 },{ "seed": 57368 },{ "seed": 57456 },{ "seed": 57495 },{ "seed": 57526 },{ "seed": 57535 },{ "seed": 57544 },{ "seed": 57545 },{ "seed": 57568 },{ "seed": 57609 },{ "seed": 57610 },{ "seed": 57654 },{ "seed": 57669 },{ "seed": 57708 },{ "seed": 57716 },{ "seed": 57722 },{ "seed": 57784 },{ "seed": 57815 },{ "seed": 57839 },{ "seed": 57846 },{ "seed": 57851 },{ "seed": 57893 },{ "seed": 57898 },{ "seed": 57975 },{ "seed": 57997 },{ "seed": 58034 },{ "seed": 58037 },{ "seed": 58041 },{ "seed": 58070 },{ "seed": 58083 },{ "seed": 58088 },{ "seed": 58098 },{ "seed": 58152 },{ "seed": 58179 },{ "seed": 58251 },{ "seed": 58258 },{ "seed": 58293 },{ "seed": 58324 },{ "seed": 58325 },{ "seed": 58331 },{ "seed": 58354 },{ "seed": 58361 },{ "seed": 58393 },{ "seed": 58410 },{ "seed": 58435 },{ "seed": 58437 },{ "seed": 58450 },{ "seed": 58469 },{ "seed": 58517 },{ "seed": 58580 },{ "seed": 58652 },{ "seed": 58663 },{ "seed": 58730 },{ "seed": 58811 },{ "seed": 58822 },{ "seed": 58863 },{ "seed": 58918 },{ "seed": 58940 },{ "seed": 58969 },{ "seed": 59070 },{ "seed": 59111 },{ "seed": 59144 },{ "seed": 59193 },{ "seed": 59202 },{ "seed": 59215 },{ "seed": 59230 },{ "seed": 59264 },{ "seed": 59276 },{ "seed": 59287 },{ "seed": 59297 },{ "seed": 59330 },{ "seed": 59341 },{ "seed": 59368 },{ "seed": 59399 },{ "seed": 59476 },{ "seed": 59484 },{ "seed": 59522 },{ "seed": 59523 },{ "seed": 59525 },{ "seed": 59532 },{ "seed": 59551 },{ "seed": 59603 },{ "seed": 59604 },{ "seed": 59636 },{ "seed": 59663 },{ "seed": 59691 },{ "seed": 59709 },{ "seed": 59724 },{ "seed": 59732 },{ "seed": 59738 },{ "seed": 59765 },{ "seed": 59811 },{ "seed": 59885 },{ "seed": 59927 },{ "seed": 59993 },{ "seed": 60001 },{ "seed": 60016 },{ "seed": 60043 },{ "seed": 60044 },{ "seed": 60049 },{ "seed": 60070 },{ "seed": 60073 },{ "seed": 60082 },{ "seed": 60107 },{ "seed": 60121 },{ "seed": 60129 },{ "seed": 60134 },{ "seed": 60214 },{ "seed": 60247 },{ "seed": 60251 },{ "seed": 60326 },{ "seed": 60340 },{ "seed": 60354 },{ "seed": 60387 },{ "seed": 60409 },{ "seed": 60423 },{ "seed": 60473 },{ "seed": 60475 },{ "seed": 60476 },{ "seed": 60493 },{ "seed": 60511 },{ "seed": 60519 },{ "seed": 60547 },{ "seed": 60555 },{ "seed": 60715 },{ "seed": 60721 },{ "seed": 60779 },{ "seed": 60810 },{ "seed": 60909 },{ "seed": 60911 },{ "seed": 60913 },{ "seed": 60920 },{ "seed": 60921 },{ "seed": 60933 },{ "seed": 60942 },{ "seed": 60969 },{ "seed": 60981 },{ "seed": 61011 },{ "seed": 61029 },{ "seed": 61045 },{ "seed": 61114 },{ "seed": 61130 },{ "seed": 61159 },{ "seed": 61208 },{ "seed": 61219 },{ "seed": 61238 },{ "seed": 61251 },{ "seed": 61254 },{ "seed": 61259 },{ "seed": 61305 },{ "seed": 61361 },{ "seed": 61384 },{ "seed": 61404 },{ "seed": 61407 },{ "seed": 61459 },{ "seed": 61480 },{ "seed": 61544 },{ "seed": 61576 },{ "seed": 61615 },{ "seed": 61655 },{ "seed": 61667 },{ "seed": 61673 },{ "seed": 61680 },{ "seed": 61701 },{ "seed": 61723 },{ "seed": 61728 },{ "seed": 61740 },{ "seed": 61748 },{ "seed": 61769 },{ "seed": 61848 },{ "seed": 61869 },{ "seed": 61907 },{ "seed": 61934 },{ "seed": 62016 },{ "seed": 62035 },{ "seed": 62051 },{ "seed": 62069 },{ "seed": 62083 },{ "seed": 62086 },{ "seed": 62101 },{ "seed": 62140 },{ "seed": 62160 },{ "seed": 62184 },{ "seed": 62209 },{ "seed": 62216 },{ "seed": 62222 },{ "seed": 62248 },{ "seed": 62290 },{ "seed": 62324 },{ "seed": 62358 },{ "seed": 62374 },{ "seed": 62393 },{ "seed": 62414 },{ "seed": 62424 },{ "seed": 62426 },{ "seed": 62444 },{ "seed": 62456 },{ "seed": 62466 },{ "seed": 62478 },{ "seed": 62483 },{ "seed": 62534 },{ "seed": 62556 },{ "seed": 62573 },{ "seed": 62580 },{ "seed": 62614 },{ "seed": 62618 },{ "seed": 62641 },{ "seed": 62650 },{ "seed": 62747 },{ "seed": 62822 },{ "seed": 62835 },{ "seed": 62880 },{ "seed": 62932 },{ "seed": 62957 },{ "seed": 63004 },{ "seed": 63005 },{ "seed": 63023 },{ "seed": 63067 },{ "seed": 63083 },{ "seed": 63130 },{ "seed": 63192 },{ "seed": 63276 },{ "seed": 63283 },{ "seed": 63286 },{ "seed": 63306 },{ "seed": 63389 },{ "seed": 63393 },{ "seed": 63399 },{ "seed": 63417 },{ "seed": 63511 },{ "seed": 63528 },{ "seed": 63536 },{ "seed": 63541 },{ "seed": 63640 },{ "seed": 63656 },{ "seed": 63665 },{ "seed": 63705 },{ "seed": 63710 },{ "seed": 63721 },{ "seed": 63739 },{ "seed": 63797 },{ "seed": 63801 },{ "seed": 63811 },{ "seed": 63814 },{ "seed": 63848 },{ "seed": 63863 },{ "seed": 63887 },{ "seed": 63888 },{ "seed": 63912 },{ "seed": 63931 },{ "seed": 63950 },{ "seed": 63961 },{ "seed": 64048 },{ "seed": 64093 },{ "seed": 64127 },{ "seed": 64149 },{ "seed": 64175 },{ "seed": 64219 },{ "seed": 64228 },{ "seed": 64285 },{ "seed": 64286 },{ "seed": 64312 },{ "seed": 64326 },{ "seed": 64332 },{ "seed": 64351 },{ "seed": 64362 },{ "seed": 64395 },{ "seed": 64411 },{ "seed": 64445 },{ "seed": 64512 },{ "seed": 64522 },{ "seed": 64590 },{ "seed": 64619 },{ "seed": 64660 },{ "seed": 64668 },{ "seed": 64677 },{ "seed": 64717 },{ "seed": 64755 },{ "seed": 64766 },{ "seed": 64808 },{ "seed": 64824 },{ "seed": 64868 },{ "seed": 64893 },{ "seed": 64908 },{ "seed": 64942 },{ "seed": 64952 },{ "seed": 64975 },{ "seed": 65030 },{ "seed": 65048 },{ "seed": 65050 },{ "seed": 65065 },{ "seed": 65135 },{ "seed": 65164 },{ "seed": 65179 },{ "seed": 65203 },{ "seed": 65299 },{ "seed": 65317 },{ "seed": 65321 },{ "seed": 65328 },{ "seed": 65347 },{ "seed": 65353 },{ "seed": 65372 },{ "seed": 65384 },{ "seed": 65391 },{ "seed": 65397 },{ "seed": 65419 },{ "seed": 65446 },{ "seed": 65463 },{ "seed": 65469 },{ "seed": 65502 },{ "seed": 65518 },{ "seed": 65576 },{ "seed": 65603 },{ "seed": 65609 },{ "seed": 65614 },{ "seed": 65631 },{ "seed": 65738 },{ "seed": 65750 },{ "seed": 65754 },{ "seed": 65828 },{ "seed": 65831 },{ "seed": 65844 },{ "seed": 65849 },{ "seed": 65902 },{ "seed": 65923 },{ "seed": 65944 },{ "seed": 65999 },{ "seed": 66009 },{ "seed": 66064 },{ "seed": 66136 },{ "seed": 66156 },{ "seed": 66180 },{ "seed": 66190 },{ "seed": 66199 },{ "seed": 66230 },{ "seed": 66239 },{ "seed": 66246 },{ "seed": 66271 },{ "seed": 66319 },{ "seed": 66331 },{ "seed": 66345 },{ "seed": 66355 },{ "seed": 66431 },{ "seed": 66438 },{ "seed": 66512 },{ "seed": 66529 },{ "seed": 66547 },{ "seed": 66562 },{ "seed": 66577 },{ "seed": 66578 },{ "seed": 66595 },{ "seed": 66630 },{ "seed": 66654 },{ "seed": 66662 },{ "seed": 66671 },{ "seed": 66683 },{ "seed": 66690 },{ "seed": 66700 },{ "seed": 66728 },{ "seed": 66752 },{ "seed": 66783 },{ "seed": 66816 },{ "seed": 66835 },{ "seed": 66885 },{ "seed": 66887 },{ "seed": 66930 },{ "seed": 66945 },{ "seed": 66981 },{ "seed": 67028 },{ "seed": 67067 },{ "seed": 67088 },{ "seed": 67096 },{ "seed": 67115 },{ "seed": 67134 },{ "seed": 67146 },{ "seed": 67201 },{ "seed": 67246 },{ "seed": 67254 },{ "seed": 67290 },{ "seed": 67299 },{ "seed": 67331 },{ "seed": 67352 },{ "seed": 67396 },{ "seed": 67427 },{ "seed": 67474 },{ "seed": 67491 },{ "seed": 67500 },{ "seed": 67505 },{ "seed": 67511 },{ "seed": 67527 },{ "seed": 67569 },{ "seed": 67576 },{ "seed": 67590 },{ "seed": 67597 },{ "seed": 67663 },{ "seed": 67711 },{ "seed": 67718 },{ "seed": 67764 },{ "seed": 67802 },{ "seed": 67814 },{ "seed": 67827 },{ "seed": 67884 },{ "seed": 67895 },{ "seed": 67905 },{ "seed": 67913 },{ "seed": 67978 },{ "seed": 68012 },{ "seed": 68045 },{ "seed": 68049 },{ "seed": 68059 },{ "seed": 68089 },{ "seed": 68158 },{ "seed": 68184 },{ "seed": 68207 },{ "seed": 68223 },{ "seed": 68246 },{ "seed": 68280 },{ "seed": 68303 },{ "seed": 68306 },{ "seed": 68329 },{ "seed": 68341 },{ "seed": 68357 },{ "seed": 68386 },{ "seed": 68416 },{ "seed": 68429 },{ "seed": 68482 },{ "seed": 68499 },{ "seed": 68518 },{ "seed": 68521 },{ "seed": 68548 },{ "seed": 68561 },{ "seed": 68580 },{ "seed": 68581 },{ "seed": 68700 },{ "seed": 68706 },{ "seed": 68720 },{ "seed": 68767 },{ "seed": 68833 },{ "seed": 68904 },{ "seed": 68912 },{ "seed": 68962 },{ "seed": 68968 },{ "seed": 68970 },{ "seed": 68973 },{ "seed": 69013 },{ "seed": 69034 },{ "seed": 69043 },{ "seed": 69076 },{ "seed": 69077 },{ "seed": 69083 },{ "seed": 69132 },{ "seed": 69178 },{ "seed": 69192 },{ "seed": 69237 },{ "seed": 69280 },{ "seed": 69331 },{ "seed": 69338 },{ "seed": 69378 },{ "seed": 69452 },{ "seed": 69589 },{ "seed": 69620 },{ "seed": 69632 },{ "seed": 69635 },{ "seed": 69653 },{ "seed": 69659 },{ "seed": 69665 },{ "seed": 69703 },{ "seed": 69745 },{ "seed": 69746 },{ "seed": 69757 },{ "seed": 69774 },{ "seed": 69803 },{ "seed": 69810 },{ "seed": 69817 },{ "seed": 69852 },{ "seed": 69883 },{ "seed": 69898 },{ "seed": 69915 },{ "seed": 69988 },{ "seed": 70009 },{ "seed": 70020 },{ "seed": 70023 },{ "seed": 70043 },{ "seed": 70044 },{ "seed": 70076 },{ "seed": 70136 },{ "seed": 70291 },{ "seed": 70317 },{ "seed": 70357 },{ "seed": 70369 },{ "seed": 70379 },{ "seed": 70383 },{ "seed": 70420 },{ "seed": 70427 },{ "seed": 70458 },{ "seed": 70478 },{ "seed": 70497 },{ "seed": 70520 },{ "seed": 70522 },{ "seed": 70586 },{ "seed": 70594 },{ "seed": 70632 },{ "seed": 70636 },{ "seed": 70642 },{ "seed": 70677 },{ "seed": 70752 },{ "seed": 70784 },{ "seed": 70809 },{ "seed": 70813 },{ "seed": 70816 },{ "seed": 70820 },{ "seed": 70839 },{ "seed": 70869 },{ "seed": 70870 },{ "seed": 70977 },{ "seed": 70994 },{ "seed": 71035 },{ "seed": 71064 },{ "seed": 71086 },{ "seed": 71108 },{ "seed": 71165 },{ "seed": 71220 },{ "seed": 71314 },{ "seed": 71318 },{ "seed": 71335 },{ "seed": 71453 },{ "seed": 71548 },{ "seed": 71564 },{ "seed": 71665 },{ "seed": 71671 },{ "seed": 71686 },{ "seed": 71691 },{ "seed": 71745 },{ "seed": 71779 },{ "seed": 71807 },{ "seed": 71831 },{ "seed": 71850 },{ "seed": 71860 },{ "seed": 71887 },{ "seed": 71889 },{ "seed": 71895 },{ "seed": 71911 },{ "seed": 71994 },{ "seed": 72050 },{ "seed": 72062 },{ "seed": 72080 },{ "seed": 72174 },{ "seed": 72188 },{ "seed": 72229 },{ "seed": 72308 },{ "seed": 72309 },{ "seed": 72331 },{ "seed": 72356 },{ "seed": 72415 },{ "seed": 72463 },{ "seed": 72504 },{ "seed": 72537 },{ "seed": 72553 },{ "seed": 72558 },{ "seed": 72559 },{ "seed": 72565 },{ "seed": 72579 },{ "seed": 72586 },{ "seed": 72611 },{ "seed": 72615 },{ "seed": 72620 },{ "seed": 72638 },{ "seed": 72684 },{ "seed": 72742 },{ "seed": 72763 },{ "seed": 72829 },{ "seed": 72843 },{ "seed": 72847 },{ "seed": 72875 },{ "seed": 72904 },{ "seed": 73053 },{ "seed": 73079 },{ "seed": 73097 },{ "seed": 73139 },{ "seed": 73216 },{ "seed": 73237 },{ "seed": 73277 },{ "seed": 73286 },{ "seed": 73302 },{ "seed": 73322 },{ "seed": 73331 },{ "seed": 73339 },{ "seed": 73431 },{ "seed": 73474 },{ "seed": 73487 },{ "seed": 73533 },{ "seed": 73542 },{ "seed": 73598 },{ "seed": 73712 },{ "seed": 73717 },{ "seed": 73741 },{ "seed": 73745 },{ "seed": 73756 },{ "seed": 73784 },{ "seed": 73875 },{ "seed": 73883 },{ "seed": 73899 },{ "seed": 73911 },{ "seed": 73913 },{ "seed": 73921 },{ "seed": 73928 },{ "seed": 73994 },{ "seed": 74011 },{ "seed": 74016 },{ "seed": 74104 },{ "seed": 74147 },{ "seed": 74186 },{ "seed": 74225 },{ "seed": 74253 },{ "seed": 74296 },{ "seed": 74313 },{ "seed": 74338 },{ "seed": 74339 },{ "seed": 74393 },{ "seed": 74420 },{ "seed": 74431 },{ "seed": 74525 },{ "seed": 74532 },{ "seed": 74564 },{ "seed": 74596 },{ "seed": 74684 },{ "seed": 74703 },{ "seed": 74705 },{ "seed": 74714 },{ "seed": 74715 },{ "seed": 74725 },{ "seed": 74801 },{ "seed": 74853 },{ "seed": 74872 },{ "seed": 74885 },{ "seed": 74887 },{ "seed": 74911 },{ "seed": 74932 },{ "seed": 75017 },{ "seed": 75018 },{ "seed": 75025 },{ "seed": 75036 },{ "seed": 75064 },{ "seed": 75067 },{ "seed": 75085 },{ "seed": 75106 },{ "seed": 75130 },{ "seed": 75224 },{ "seed": 75234 },{ "seed": 75235 },{ "seed": 75276 },{ "seed": 75278 },{ "seed": 75296 },{ "seed": 75324 },{ "seed": 75340 },{ "seed": 75344 },{ "seed": 75399 },{ "seed": 75402 },{ "seed": 75486 },{ "seed": 75533 },{ "seed": 75554 },{ "seed": 75596 },{ "seed": 75645 },{ "seed": 75682 },{ "seed": 75725 },{ "seed": 75754 },{ "seed": 75758 },{ "seed": 75767 },{ "seed": 75782 },{ "seed": 75796 },{ "seed": 75820 },{ "seed": 75835 },{ "seed": 75855 },{ "seed": 75874 },{ "seed": 75900 },{ "seed": 75927 },{ "seed": 75933 },{ "seed": 75999 },{ "seed": 76003 },{ "seed": 76013 },{ "seed": 76060 },{ "seed": 76108 },{ "seed": 76154 },{ "seed": 76161 },{ "seed": 76193 },{ "seed": 76215 },{ "seed": 76315 },{ "seed": 76339 },{ "seed": 76342 },{ "seed": 76345 },{ "seed": 76365 },{ "seed": 76384 },{ "seed": 76393 },{ "seed": 76410 },{ "seed": 76423 },{ "seed": 76434 },{ "seed": 76468 },{ "seed": 76511 },{ "seed": 76513 },{ "seed": 76526 },{ "seed": 76549 },{ "seed": 76557 },{ "seed": 76579 },{ "seed": 76588 },{ "seed": 76617 },{ "seed": 76622 },{ "seed": 76633 },{ "seed": 76637 },{ "seed": 76647 },{ "seed": 76660 },{ "seed": 76664 },{ "seed": 76704 },{ "seed": 76772 },{ "seed": 76792 },{ "seed": 76805 },{ "seed": 76836 },{ "seed": 76853 },{ "seed": 76856 },{ "seed": 76874 },{ "seed": 76907 },{ "seed": 76985 },{ "seed": 77000 },{ "seed": 77001 },{ "seed": 77042 },{ "seed": 77125 },{ "seed": 77127 },{ "seed": 77160 },{ "seed": 77188 },{ "seed": 77193 },{ "seed": 77214 },{ "seed": 77224 },{ "seed": 77261 },{ "seed": 77306 },{ "seed": 77310 },{ "seed": 77335 },{ "seed": 77337 },{ "seed": 77354 },{ "seed": 77382 },{ "seed": 77399 },{ "seed": 77406 },{ "seed": 77410 },{ "seed": 77413 },{ "seed": 77429 },{ "seed": 77510 },{ "seed": 77516 },{ "seed": 77552 },{ "seed": 77572 },{ "seed": 77594 },{ "seed": 77602 },{ "seed": 77686 },{ "seed": 77725 },{ "seed": 77771 },{ "seed": 77780 },{ "seed": 77822 },{ "seed": 77841 },{ "seed": 77856 },{ "seed": 77957 },{ "seed": 77969 },{ "seed": 77990 },{ "seed": 77996 },{ "seed": 78070 },{ "seed": 78072 },{ "seed": 78089 },{ "seed": 78112 },{ "seed": 78121 },{ "seed": 78136 },{ "seed": 78190 },{ "seed": 78193 },{ "seed": 78217 },{ "seed": 78238 },{ "seed": 78294 },{ "seed": 78297 },{ "seed": 78325 },{ "seed": 78346 },{ "seed": 78352 },{ "seed": 78466 },{ "seed": 78468 },{ "seed": 78481 },{ "seed": 78544 },{ "seed": 78547 },{ "seed": 78584 },{ "seed": 78633 },{ "seed": 78668 },{ "seed": 78676 },{ "seed": 78681 },{ "seed": 78726 },{ "seed": 78759 },{ "seed": 78777 },{ "seed": 78789 },{ "seed": 78973 },{ "seed": 79008 },{ "seed": 79056 },{ "seed": 79077 },{ "seed": 79084 },{ "seed": 79095 },{ "seed": 79156 },{ "seed": 79164 },{ "seed": 79180 },{ "seed": 79284 },{ "seed": 79299 },{ "seed": 79332 },{ "seed": 79375 },{ "seed": 79390 },{ "seed": 79508 },{ "seed": 79525 },{ "seed": 79609 },{ "seed": 79642 },{ "seed": 79651 },{ "seed": 79690 },{ "seed": 79693 },{ "seed": 79697 },{ "seed": 79717 },{ "seed": 79720 },{ "seed": 79730 },{ "seed": 79755 },{ "seed": 79770 },{ "seed": 79829 },{ "seed": 79833 },{ "seed": 79835 },{ "seed": 79843 },{ "seed": 79894 },{ "seed": 79895 },{ "seed": 79931 },{ "seed": 79947 },{ "seed": 79974 },{ "seed": 79979 },{ "seed": 80047 },{ "seed": 80098 },{ "seed": 80142 },{ "seed": 80168 },{ "seed": 80202 },{ "seed": 80265 },{ "seed": 80311 },{ "seed": 80349 },{ "seed": 80351 },{ "seed": 80377 },{ "seed": 80459 },{ "seed": 80484 },{ "seed": 80514 },{ "seed": 80551 },{ "seed": 80599 },{ "seed": 80849 },{ "seed": 80875 },{ "seed": 80887 },{ "seed": 80914 },{ "seed": 80935 },{ "seed": 80938 },{ "seed": 80954 },{ "seed": 81020 },{ "seed": 81083 },{ "seed": 81158 },{ "seed": 81161 },{ "seed": 81261 },{ "seed": 81274 },{ "seed": 81275 },{ "seed": 81288 },{ "seed": 81296 },{ "seed": 81302 },{ "seed": 81330 },{ "seed": 81361 },{ "seed": 81429 },{ "seed": 81479 },{ "seed": 81504 },{ "seed": 81506 },{ "seed": 81537 },{ "seed": 81541 },{ "seed": 81589 },{ "seed": 81598 },{ "seed": 81606 },{ "seed": 81626 },{ "seed": 81665 },{ "seed": 81725 },{ "seed": 81807 },{ "seed": 81815 },{ "seed": 81818 },{ "seed": 81826 },{ "seed": 81868 },{ "seed": 81880 },{ "seed": 81889 },{ "seed": 81893 },{ "seed": 81899 },{ "seed": 81904 },{ "seed": 81907 },{ "seed": 82005 },{ "seed": 82032 },{ "seed": 82044 },{ "seed": 82065 },{ "seed": 82127 },{ "seed": 82164 },{ "seed": 82196 },{ "seed": 82282 },{ "seed": 82295 },{ "seed": 82317 },{ "seed": 82379 },{ "seed": 82388 },{ "seed": 82422 },{ "seed": 82424 },{ "seed": 82496 },{ "seed": 82531 },{ "seed": 82564 },{ "seed": 82599 },{ "seed": 82610 },{ "seed": 82612 },{ "seed": 82771 },{ "seed": 82817 },{ "seed": 82830 },{ "seed": 82868 },{ "seed": 82909 },{ "seed": 82938 },{ "seed": 83002 },{ "seed": 83038 },{ "seed": 83043 },{ "seed": 83057 },{ "seed": 83104 },{ "seed": 83154 },{ "seed": 83244 },{ "seed": 83247 },{ "seed": 83255 },{ "seed": 83261 },{ "seed": 83270 },{ "seed": 83341 },{ "seed": 83371 },{ "seed": 83434 },{ "seed": 83445 },{ "seed": 83452 },{ "seed": 83460 },{ "seed": 83464 },{ "seed": 83522 },{ "seed": 83545 },{ "seed": 83643 },{ "seed": 83652 },{ "seed": 83737 },{ "seed": 83801 },{ "seed": 83805 },{ "seed": 83813 },{ "seed": 83833 },{ "seed": 83871 },{ "seed": 83900 },{ "seed": 83958 },{ "seed": 84035 },{ "seed": 84037 },{ "seed": 84082 },{ "seed": 84120 },{ "seed": 84127 },{ "seed": 84175 },{ "seed": 84187 },{ "seed": 84211 },{ "seed": 84263 },{ "seed": 84303 },{ "seed": 84325 },{ "seed": 84333 },{ "seed": 84366 },{ "seed": 84376 },{ "seed": 84414 },{ "seed": 84492 },{ "seed": 84590 },{ "seed": 84594 },{ "seed": 84634 },{ "seed": 84691 },{ "seed": 84741 },{ "seed": 84743 },{ "seed": 84778 },{ "seed": 84797 },{ "seed": 84883 },{ "seed": 84891 },{ "seed": 84928 },{ "seed": 84947 },{ "seed": 84987 },{ "seed": 84990 },{ "seed": 84994 },{ "seed": 85008 },{ "seed": 85023 },{ "seed": 85066 },{ "seed": 85131 },{ "seed": 85137 },{ "seed": 85235 },{ "seed": 85310 },{ "seed": 85328 },{ "seed": 85336 },{ "seed": 85366 },{ "seed": 85432 },{ "seed": 85509 },{ "seed": 85512 },{ "seed": 85523 },{ "seed": 85575 },{ "seed": 85643 },{ "seed": 85661 },{ "seed": 85671 },{ "seed": 85694 },{ "seed": 85732 },{ "seed": 85738 },{ "seed": 85760 },{ "seed": 85785 },{ "seed": 85787 },{ "seed": 85857 },{ "seed": 85935 },{ "seed": 85967 },{ "seed": 85992 },{ "seed": 86022 },{ "seed": 86042 },{ "seed": 86062 },{ "seed": 86095 },{ "seed": 86114 },{ "seed": 86115 },{ "seed": 86142 },{ "seed": 86175 },{ "seed": 86178 },{ "seed": 86212 },{ "seed": 86222 },{ "seed": 86232 },{ "seed": 86264 },{ "seed": 86270 },{ "seed": 86288 },{ "seed": 86318 },{ "seed": 86523 },{ "seed": 86546 },{ "seed": 86593 },{ "seed": 86605 },{ "seed": 86645 },{ "seed": 86663 },{ "seed": 86683 },{ "seed": 86699 },{ "seed": 86764 },{ "seed": 86773 },{ "seed": 86778 },{ "seed": 86793 },{ "seed": 86804 },{ "seed": 86830 },{ "seed": 86894 },{ "seed": 86910 },{ "seed": 86980 },{ "seed": 86991 },{ "seed": 87040 },{ "seed": 87074 },{ "seed": 87083 },{ "seed": 87103 },{ "seed": 87119 },{ "seed": 87136 },{ "seed": 87163 },{ "seed": 87166 },{ "seed": 87176 },{ "seed": 87210 },{ "seed": 87257 },{ "seed": 87265 },{ "seed": 87279 },{ "seed": 87307 },{ "seed": 87313 },{ "seed": 87349 },{ "seed": 87351 },{ "seed": 87366 },{ "seed": 87369 },{ "seed": 87373 },{ "seed": 87411 },{ "seed": 87413 },{ "seed": 87421 },{ "seed": 87474 },{ "seed": 87477 },{ "seed": 87576 },{ "seed": 87602 },{ "seed": 87606 },{ "seed": 87618 },{ "seed": 87629 },{ "seed": 87663 },{ "seed": 87668 },{ "seed": 87690 },{ "seed": 87788 },{ "seed": 87792 },{ "seed": 87808 },{ "seed": 87842 },{ "seed": 87930 },{ "seed": 87932 },{ "seed": 87940 },{ "seed": 87970 },{ "seed": 88004 },{ "seed": 88023 },{ "seed": 88038 },{ "seed": 88137 },{ "seed": 88138 },{ "seed": 88146 },{ "seed": 88213 },{ "seed": 88246 },{ "seed": 88250 },{ "seed": 88287 },{ "seed": 88293 },{ "seed": 88294 },{ "seed": 88296 },{ "seed": 88333 },{ "seed": 88343 },{ "seed": 88366 },{ "seed": 88369 },{ "seed": 88371 },{ "seed": 88395 },{ "seed": 88400 },{ "seed": 88419 },{ "seed": 88450 },{ "seed": 88472 },{ "seed": 88529 },{ "seed": 88534 },{ "seed": 88567 },{ "seed": 88613 },{ "seed": 88641 },{ "seed": 88655 },{ "seed": 88656 },{ "seed": 88659 },{ "seed": 88662 },{ "seed": 88669 },{ "seed": 88731 },{ "seed": 88783 },{ "seed": 88788 },{ "seed": 88825 },{ "seed": 88890 },{ "seed": 88896 },{ "seed": 88899 },{ "seed": 88950 },{ "seed": 88985 },{ "seed": 88987 },{ "seed": 88988 },{ "seed": 89005 },{ "seed": 89052 },{ "seed": 89091 },{ "seed": 89104 },{ "seed": 89126 },{ "seed": 89149 },{ "seed": 89178 },{ "seed": 89183 },{ "seed": 89199 },{ "seed": 89206 },{ "seed": 89219 },{ "seed": 89239 },{ "seed": 89278 },{ "seed": 89286 },{ "seed": 89296 },{ "seed": 89313 },{ "seed": 89345 },{ "seed": 89392 },{ "seed": 89415 },{ "seed": 89419 },{ "seed": 89433 },{ "seed": 89468 },{ "seed": 89599 },{ "seed": 89609 },{ "seed": 89615 },{ "seed": 89641 },{ "seed": 89655 },{ "seed": 89656 },{ "seed": 89660 },{ "seed": 89678 },{ "seed": 89706 },{ "seed": 89720 },{ "seed": 89753 },{ "seed": 89817 },{ "seed": 89827 },{ "seed": 89839 },{ "seed": 89870 },{ "seed": 89878 },{ "seed": 89918 },{ "seed": 89950 },{ "seed": 90010 },{ "seed": 90034 },{ "seed": 90045 },{ "seed": 90054 },{ "seed": 90064 },{ "seed": 90098 },{ "seed": 90154 },{ "seed": 90156 },{ "seed": 90159 },{ "seed": 90161 },{ "seed": 90216 },{ "seed": 90242 },{ "seed": 90274 },{ "seed": 90301 },{ "seed": 90320 },{ "seed": 90353 },{ "seed": 90387 },{ "seed": 90416 },{ "seed": 90514 },{ "seed": 90525 },{ "seed": 90549 },{ "seed": 90558 },{ "seed": 90618 },{ "seed": 90647 },{ "seed": 90694 },{ "seed": 90740 },{ "seed": 90756 },{ "seed": 90764 },{ "seed": 90777 },{ "seed": 90783 },{ "seed": 90819 },{ "seed": 90827 },{ "seed": 90867 },{ "seed": 90892 },{ "seed": 90894 },{ "seed": 90914 },{ "seed": 90923 },{ "seed": 90958 },{ "seed": 90961 },{ "seed": 91059 },{ "seed": 91096 },{ "seed": 91099 },{ "seed": 91103 },{ "seed": 91111 },{ "seed": 91140 },{ "seed": 91183 },{ "seed": 91189 },{ "seed": 91205 },{ "seed": 91238 },{ "seed": 91252 },{ "seed": 91270 },{ "seed": 91276 },{ "seed": 91300 },{ "seed": 91316 },{ "seed": 91319 },{ "seed": 91321 },{ "seed": 91350 },{ "seed": 91362 },{ "seed": 91364 },{ "seed": 91382 },{ "seed": 91479 },{ "seed": 91499 },{ "seed": 91515 },{ "seed": 91595 },{ "seed": 91639 },{ "seed": 91655 },{ "seed": 91683 },{ "seed": 91688 },{ "seed": 91757 },{ "seed": 91827 },{ "seed": 91828 },{ "seed": 91866 },{ "seed": 91898 },{ "seed": 91902 },{ "seed": 91906 },{ "seed": 91945 },{ "seed": 91951 },{ "seed": 91979 },{ "seed": 92015 },{ "seed": 92025 },{ "seed": 92086 },{ "seed": 92124 },{ "seed": 92135 },{ "seed": 92142 },{ "seed": 92190 },{ "seed": 92210 },{ "seed": 92240 },{ "seed": 92285 },{ "seed": 92289 },{ "seed": 92290 },{ "seed": 92292 },{ "seed": 92316 },{ "seed": 92326 },{ "seed": 92394 },{ "seed": 92403 },{ "seed": 92412 },{ "seed": 92448 },{ "seed": 92458 },{ "seed": 92464 },{ "seed": 92551 },{ "seed": 92556 },{ "seed": 92582 },{ "seed": 92609 },{ "seed": 92639 },{ "seed": 92748 },{ "seed": 92804 },{ "seed": 92929 },{ "seed": 92974 },{ "seed": 93049 },{ "seed": 93081 },{ "seed": 93102 },{ "seed": 93107 },{ "seed": 93163 },{ "seed": 93202 },{ "seed": 93235 },{ "seed": 93236 },{ "seed": 93243 },{ "seed": 93278 },{ "seed": 93355 },{ "seed": 93357 },{ "seed": 93358 },{ "seed": 93373 },{ "seed": 93404 },{ "seed": 93496 },{ "seed": 93498 },{ "seed": 93519 },{ "seed": 93593 },{ "seed": 93633 },{ "seed": 93661 },{ "seed": 93679 },{ "seed": 93707 },{ "seed": 93740 },{ "seed": 93806 },{ "seed": 93807 },{ "seed": 93824 },{ "seed": 93839 },{ "seed": 93850 },{ "seed": 93867 },{ "seed": 93901 },{ "seed": 93940 },{ "seed": 93989 },{ "seed": 93997 },{ "seed": 94073 },{ "seed": 94076 },{ "seed": 94080 },{ "seed": 94083 },{ "seed": 94115 },{ "seed": 94161 },{ "seed": 94168 },{ "seed": 94170 },{ "seed": 94238 },{ "seed": 94259 },{ "seed": 94261 },{ "seed": 94299 },{ "seed": 94324 },{ "seed": 94448 },{ "seed": 94469 },{ "seed": 94493 },{ "seed": 94496 },{ "seed": 94519 },{ "seed": 94594 },{ "seed": 94634 },{ "seed": 94643 },{ "seed": 94656 },{ "seed": 94699 },{ "seed": 94714 },{ "seed": 94715 },{ "seed": 94736 },{ "seed": 94765 },{ "seed": 94853 },{ "seed": 94874 },{ "seed": 94900 },{ "seed": 94913 },{ "seed": 94925 },{ "seed": 94938 },{ "seed": 94966 },{ "seed": 95022 },{ "seed": 95193 },{ "seed": 95207 },{ "seed": 95208 },{ "seed": 95211 },{ "seed": 95237 },{ "seed": 95280 },{ "seed": 95281 },{ "seed": 95285 },{ "seed": 95292 },{ "seed": 95310 },{ "seed": 95314 },{ "seed": 95381 },{ "seed": 95388 },{ "seed": 95461 },{ "seed": 95503 },{ "seed": 95505 },{ "seed": 95511 },{ "seed": 95555 },{ "seed": 95573 },{ "seed": 95613 },{ "seed": 95659 },{ "seed": 95691 },{ "seed": 95746 },{ "seed": 95824 },{ "seed": 95844 },{ "seed": 95859 },{ "seed": 95870 },{ "seed": 95929 },{ "seed": 95969 },{ "seed": 95975 },{ "seed": 95988 },{ "seed": 96047 },{ "seed": 96166 },{ "seed": 96183 },{ "seed": 96198 },{ "seed": 96236 },{ "seed": 96241 },{ "seed": 96433 },{ "seed": 96449 },{ "seed": 96462 },{ "seed": 96472 },{ "seed": 96478 },{ "seed": 96515 },{ "seed": 96519 },{ "seed": 96534 },{ "seed": 96588 },{ "seed": 96597 },{ "seed": 96618 },{ "seed": 96639 },{ "seed": 96666 },{ "seed": 96716 },{ "seed": 96737 },{ "seed": 96749 },{ "seed": 96891 },{ "seed": 96993 },{ "seed": 97120 },{ "seed": 97129 },{ "seed": 97165 },{ "seed": 97186 },{ "seed": 97235 },{ "seed": 97261 },{ "seed": 97291 },{ "seed": 97347 },{ "seed": 97350 },{ "seed": 97382 },{ "seed": 97398 },{ "seed": 97474 },{ "seed": 97481 },{ "seed": 97513 },{ "seed": 97526 },{ "seed": 97547 },{ "seed": 97597 },{ "seed": 97605 },{ "seed": 97632 },{ "seed": 97655 },{ "seed": 97676 },{ "seed": 97695 },{ "seed": 97742 },{ "seed": 97766 },{ "seed": 97773 },{ "seed": 97800 },{ "seed": 97806 },{ "seed": 97891 },{ "seed": 97913 },{ "seed": 97955 },{ "seed": 98050 },{ "seed": 98108 },{ "seed": 98119 },{ "seed": 98128 },{ "seed": 98134 },{ "seed": 98265 },{ "seed": 98285 },{ "seed": 98450 },{ "seed": 98453 },{ "seed": 98467 },{ "seed": 98490 },{ "seed": 98508 },{ "seed": 98529 },{ "seed": 98544 },{ "seed": 98564 },{ "seed": 98567 },{ "seed": 98607 },{ "seed": 98659 },{ "seed": 98721 },{ "seed": 98734 },{ "seed": 98738 },{ "seed": 98762 },{ "seed": 98794 },{ "seed": 98809 },{ "seed": 98815 },{ "seed": 98829 },{ "seed": 98909 },{ "seed": 98925 },{ "seed": 98932 },{ "seed": 98942 },{ "seed": 99007 },{ "seed": 99016 },{ "seed": 99046 },{ "seed": 99140 },{ "seed": 99180 },{ "seed": 99190 },{ "seed": 99228 },{ "seed": 99273 },{ "seed": 99319 },{ "seed": 99324 },{ "seed": 99444 },{ "seed": 99445 },{ "seed": 99499 },{ "seed": 99513 },{ "seed": 99555 },{ "seed": 99578 },{ "seed": 99618 },{ "seed": 99638 },{ "seed": 99650 },{ "seed": 99668 },{ "seed": 99715 },{ "seed": 99744 },{ "seed": 99764 },{ "seed": 99790 },{ "seed": 99792 },{ "seed": 99797 },{ "seed": 99837 },{ "seed": 99856 },{ "seed": 99860 },{ "seed": 99868 },{ "seed": 99882 },{ "seed": 99884 },{ "seed": 99951 },{ "seed": 99973 },{ "seed": 99989 } ]