[ { "seed": 20 },{ "seed": 109 },{ "seed": 271 },{ "seed": 497 },{ "seed": 762 },{ "seed": 997 },{ "seed": 1494 },{ "seed": 1580 },{ "seed": 1757 },{ "seed": 1834 },{ "seed": 1995 },{ "seed": 2200 },{ "seed": 2273 },{ "seed": 2279 },{ "seed": 2316 },{ "seed": 2715 },{ "seed": 2725 },{ "seed": 4234 },{ "seed": 4732 },{ "seed": 4869 },{ "seed": 5193 },{ "seed": 5831 },{ "seed": 6127 },{ "seed": 6448 },{ "seed": 6504 },{ "seed": 7155 },{ "seed": 7214 },{ "seed": 7721 },{ "seed": 7998 },{ "seed": 8042 },{ "seed": 8198 },{ "seed": 8473 },{ "seed": 8792 },{ "seed": 8933 },{ "seed": 10114 },{ "seed": 10354 },{ "seed": 10764 },{ "seed": 11169 },{ "seed": 11472 },{ "seed": 11560 },{ "seed": 12230 },{ "seed": 12346 },{ "seed": 12541 },{ "seed": 13102 },{ "seed": 13123 },{ "seed": 13520 },{ "seed": 13774 },{ "seed": 13981 },{ "seed": 14524 },{ "seed": 14593 },{ "seed": 14709 },{ "seed": 14785 },{ "seed": 15590 },{ "seed": 16137 },{ "seed": 16213 },{ "seed": 16311 },{ "seed": 16323 },{ "seed": 16326 },{ "seed": 17109 },{ "seed": 17295 },{ "seed": 17482 },{ "seed": 17644 },{ "seed": 17668 },{ "seed": 17923 },{ "seed": 18292 },{ "seed": 18530 },{ "seed": 18795 },{ "seed": 19369 },{ "seed": 19563 },{ "seed": 19836 },{ "seed": 20123 },{ "seed": 20190 },{ "seed": 20634 },{ "seed": 20647 },{ "seed": 21173 },{ "seed": 21250 },{ "seed": 21295 },{ "seed": 21634 },{ "seed": 21724 },{ "seed": 21743 },{ "seed": 21784 },{ "seed": 21864 },{ "seed": 21938 },{ "seed": 21952 },{ "seed": 22159 },{ "seed": 22236 },{ "seed": 22350 },{ "seed": 22600 },{ "seed": 23254 },{ "seed": 23692 },{ "seed": 23812 },{ "seed": 24688 },{ "seed": 25051 },{ "seed": 25425 },{ "seed": 26375 },{ "seed": 26676 },{ "seed": 26757 },{ "seed": 26869 },{ "seed": 27162 },{ "seed": 27378 },{ "seed": 27449 },{ "seed": 27932 },{ "seed": 28066 },{ "seed": 28652 },{ "seed": 28660 },{ "seed": 28850 },{ "seed": 29588 },{ "seed": 29696 },{ "seed": 30093 },{ "seed": 30383 },{ "seed": 30469 },{ "seed": 30817 },{ "seed": 30937 },{ "seed": 31303 },{ "seed": 31823 },{ "seed": 31972 },{ "seed": 33760 },{ "seed": 33952 },{ "seed": 34000 },{ "seed": 34053 },{ "seed": 34184 },{ "seed": 34788 },{ "seed": 34914 },{ "seed": 35143 },{ "seed": 35267 },{ "seed": 35510 },{ "seed": 35689 },{ "seed": 35803 },{ "seed": 36515 },{ "seed": 36978 },{ "seed": 37045 },{ "seed": 37848 },{ "seed": 37866 },{ "seed": 37980 },{ "seed": 38035 },{ "seed": 39108 },{ "seed": 39232 },{ "seed": 39761 },{ "seed": 41231 },{ "seed": 41281 },{ "seed": 42314 },{ "seed": 42782 },{ "seed": 43584 },{ "seed": 44208 },{ "seed": 44708 },{ "seed": 44738 },{ "seed": 44929 },{ "seed": 45346 },{ "seed": 45441 },{ "seed": 46211 },{ "seed": 46698 },{ "seed": 46866 },{ "seed": 47074 },{ "seed": 47862 },{ "seed": 47899 },{ "seed": 48202 },{ "seed": 48778 },{ "seed": 49356 },{ "seed": 49828 },{ "seed": 50119 },{ "seed": 50266 },{ "seed": 50271 },{ "seed": 50890 },{ "seed": 51975 },{ "seed": 52016 },{ "seed": 52151 },{ "seed": 52430 },{ "seed": 52958 },{ "seed": 52966 },{ "seed": 53140 },{ "seed": 53274 },{ "seed": 53974 },{ "seed": 55184 },{ "seed": 55948 },{ "seed": 56068 },{ "seed": 56685 },{ "seed": 57097 },{ "seed": 57120 },{ "seed": 57337 },{ "seed": 57765 },{ "seed": 58165 },{ "seed": 59172 },{ "seed": 59249 },{ "seed": 59316 },{ "seed": 59501 },{ "seed": 59536 },{ "seed": 59669 },{ "seed": 59987 },{ "seed": 60023 },{ "seed": 60171 },{ "seed": 60594 },{ "seed": 60737 },{ "seed": 60740 },{ "seed": 60822 },{ "seed": 61167 },{ "seed": 61315 },{ "seed": 61932 },{ "seed": 62753 },{ "seed": 62955 },{ "seed": 62998 },{ "seed": 63402 },{ "seed": 63451 },{ "seed": 63603 },{ "seed": 64367 },{ "seed": 64516 },{ "seed": 64544 },{ "seed": 64611 },{ "seed": 65598 },{ "seed": 65655 },{ "seed": 65674 },{ "seed": 65796 },{ "seed": 65822 },{ "seed": 65865 },{ "seed": 66442 },{ "seed": 66635 },{ "seed": 66648 },{ "seed": 66713 },{ "seed": 66894 },{ "seed": 66955 },{ "seed": 67103 },{ "seed": 68126 },{ "seed": 68191 },{ "seed": 68770 },{ "seed": 69206 },{ "seed": 71127 },{ "seed": 71493 },{ "seed": 71660 },{ "seed": 71762 },{ "seed": 72441 },{ "seed": 73028 },{ "seed": 73450 },{ "seed": 74494 },{ "seed": 74528 },{ "seed": 74860 },{ "seed": 75149 },{ "seed": 75813 },{ "seed": 76759 },{ "seed": 76948 },{ "seed": 77153 },{ "seed": 77305 },{ "seed": 77804 },{ "seed": 77812 },{ "seed": 77983 },{ "seed": 78053 },{ "seed": 78115 },{ "seed": 78501 },{ "seed": 78961 },{ "seed": 79327 },{ "seed": 79425 },{ "seed": 79749 },{ "seed": 79866 },{ "seed": 80117 },{ "seed": 80497 },{ "seed": 80750 },{ "seed": 81140 },{ "seed": 81625 },{ "seed": 81857 },{ "seed": 82049 },{ "seed": 82545 },{ "seed": 82761 },{ "seed": 82809 },{ "seed": 82859 },{ "seed": 83167 },{ "seed": 83187 },{ "seed": 83366 },{ "seed": 83385 },{ "seed": 83586 },{ "seed": 83985 },{ "seed": 84154 },{ "seed": 84237 },{ "seed": 85002 },{ "seed": 85637 },{ "seed": 85872 },{ "seed": 86214 },{ "seed": 86712 },{ "seed": 87191 },{ "seed": 87247 },{ "seed": 87370 },{ "seed": 88200 },{ "seed": 88254 },{ "seed": 88533 },{ "seed": 89082 },{ "seed": 89396 },{ "seed": 89742 },{ "seed": 90505 },{ "seed": 90526 },{ "seed": 90884 },{ "seed": 90962 },{ "seed": 91678 },{ "seed": 91684 },{ "seed": 91758 },{ "seed": 92029 },{ "seed": 92207 },{ "seed": 92484 },{ "seed": 93098 },{ "seed": 93271 },{ "seed": 93336 },{ "seed": 93419 },{ "seed": 94018 },{ "seed": 94150 },{ "seed": 94191 },{ "seed": 94230 },{ "seed": 94882 },{ "seed": 95647 },{ "seed": 95868 },{ "seed": 96651 },{ "seed": 96683 },{ "seed": 96791 },{ "seed": 96940 },{ "seed": 97431 },{ "seed": 98078 },{ "seed": 99262 } ]