[ { "seed": 163 },{ "seed": 249 },{ "seed": 338 },{ "seed": 412 },{ "seed": 540 },{ "seed": 640 },{ "seed": 770 },{ "seed": 858 },{ "seed": 948 },{ "seed": 1115 },{ "seed": 1336 },{ "seed": 1637 },{ "seed": 1685 },{ "seed": 1760 },{ "seed": 1806 },{ "seed": 2246 },{ "seed": 2295 },{ "seed": 2330 },{ "seed": 2331 },{ "seed": 2341 },{ "seed": 2383 },{ "seed": 2523 },{ "seed": 2575 },{ "seed": 2706 },{ "seed": 2768 },{ "seed": 3338 },{ "seed": 3403 },{ "seed": 3608 },{ "seed": 3680 },{ "seed": 3690 },{ "seed": 3765 },{ "seed": 3827 },{ "seed": 3966 },{ "seed": 4126 },{ "seed": 4202 },{ "seed": 4208 },{ "seed": 4254 },{ "seed": 4270 },{ "seed": 4352 },{ "seed": 4363 },{ "seed": 4385 },{ "seed": 4466 },{ "seed": 4532 },{ "seed": 4574 },{ "seed": 4662 },{ "seed": 4806 },{ "seed": 4820 },{ "seed": 4828 },{ "seed": 4851 },{ "seed": 5033 },{ "seed": 5056 },{ "seed": 5085 },{ "seed": 5234 },{ "seed": 5264 },{ "seed": 5339 },{ "seed": 5558 },{ "seed": 5583 },{ "seed": 5597 },{ "seed": 6044 },{ "seed": 6144 },{ "seed": 6215 },{ "seed": 6346 },{ "seed": 6384 },{ "seed": 6518 },{ "seed": 6545 },{ "seed": 6568 },{ "seed": 6635 },{ "seed": 6741 },{ "seed": 6889 },{ "seed": 7093 },{ "seed": 7436 },{ "seed": 7454 },{ "seed": 7474 },{ "seed": 7478 },{ "seed": 7604 },{ "seed": 7616 },{ "seed": 7854 },{ "seed": 7872 },{ "seed": 7991 },{ "seed": 7995 },{ "seed": 8001 },{ "seed": 8047 },{ "seed": 8314 },{ "seed": 8508 },{ "seed": 8518 },{ "seed": 8620 },{ "seed": 8734 },{ "seed": 8748 },{ "seed": 8823 },{ "seed": 8965 },{ "seed": 9144 },{ "seed": 9203 },{ "seed": 9206 },{ "seed": 9227 },{ "seed": 9250 },{ "seed": 9266 },{ "seed": 9384 },{ "seed": 9437 },{ "seed": 9494 },{ "seed": 9504 },{ "seed": 9515 },{ "seed": 9549 },{ "seed": 9721 },{ "seed": 9759 },{ "seed": 9935 },{ "seed": 9972 },{ "seed": 9997 },{ "seed": 10162 },{ "seed": 10177 },{ "seed": 10200 },{ "seed": 10290 },{ "seed": 10312 },{ "seed": 10317 },{ "seed": 10769 },{ "seed": 10816 },{ "seed": 10960 },{ "seed": 10968 },{ "seed": 11094 },{ "seed": 11134 },{ "seed": 11456 },{ "seed": 11529 },{ "seed": 11625 },{ "seed": 11776 },{ "seed": 11852 },{ "seed": 11872 },{ "seed": 11912 },{ "seed": 11956 },{ "seed": 12018 },{ "seed": 12177 },{ "seed": 12180 },{ "seed": 12200 },{ "seed": 12227 },{ "seed": 12412 },{ "seed": 12585 },{ "seed": 12807 },{ "seed": 12813 },{ "seed": 12869 },{ "seed": 13217 },{ "seed": 13334 },{ "seed": 13414 },{ "seed": 13420 },{ "seed": 13467 },{ "seed": 13522 },{ "seed": 13525 },{ "seed": 13527 },{ "seed": 13543 },{ "seed": 13578 },{ "seed": 13629 },{ "seed": 13911 },{ "seed": 13950 },{ "seed": 14116 },{ "seed": 14152 },{ "seed": 14253 },{ "seed": 14259 },{ "seed": 14262 },{ "seed": 14421 },{ "seed": 14513 },{ "seed": 14653 },{ "seed": 14774 },{ "seed": 14904 },{ "seed": 14954 },{ "seed": 14981 },{ "seed": 15151 },{ "seed": 15235 },{ "seed": 15292 },{ "seed": 15358 },{ "seed": 15582 },{ "seed": 15599 },{ "seed": 15754 },{ "seed": 15823 },{ "seed": 15986 },{ "seed": 16053 },{ "seed": 16320 },{ "seed": 16353 },{ "seed": 16392 },{ "seed": 16413 },{ "seed": 16419 },{ "seed": 16422 },{ "seed": 16461 },{ "seed": 16476 },{ "seed": 16489 },{ "seed": 16679 },{ "seed": 16753 },{ "seed": 17036 },{ "seed": 17081 },{ "seed": 17102 },{ "seed": 17111 },{ "seed": 17129 },{ "seed": 17242 },{ "seed": 17269 },{ "seed": 17304 },{ "seed": 17351 },{ "seed": 17433 },{ "seed": 17525 },{ "seed": 17569 },{ "seed": 17615 },{ "seed": 17667 },{ "seed": 17695 },{ "seed": 17701 },{ "seed": 17721 },{ "seed": 17729 },{ "seed": 17966 },{ "seed": 18115 },{ "seed": 18123 },{ "seed": 18124 },{ "seed": 18143 },{ "seed": 18320 },{ "seed": 18415 },{ "seed": 18499 },{ "seed": 18538 },{ "seed": 18580 },{ "seed": 18677 },{ "seed": 18690 },{ "seed": 18884 },{ "seed": 18939 },{ "seed": 18970 },{ "seed": 19272 },{ "seed": 19294 },{ "seed": 19305 },{ "seed": 19362 },{ "seed": 19450 },{ "seed": 19586 },{ "seed": 19687 },{ "seed": 19798 },{ "seed": 19964 },{ "seed": 20076 },{ "seed": 20162 },{ "seed": 20201 },{ "seed": 20265 },{ "seed": 20335 },{ "seed": 20337 },{ "seed": 20362 },{ "seed": 20451 },{ "seed": 20545 },{ "seed": 20680 },{ "seed": 20973 },{ "seed": 21060 },{ "seed": 21113 },{ "seed": 21187 },{ "seed": 21204 },{ "seed": 21227 },{ "seed": 21307 },{ "seed": 21392 },{ "seed": 21745 },{ "seed": 21757 },{ "seed": 22032 },{ "seed": 22285 },{ "seed": 22313 },{ "seed": 22357 },{ "seed": 22441 },{ "seed": 22469 },{ "seed": 22519 },{ "seed": 22575 },{ "seed": 22676 },{ "seed": 22681 },{ "seed": 22686 },{ "seed": 22714 },{ "seed": 22727 },{ "seed": 22909 },{ "seed": 22941 },{ "seed": 23029 },{ "seed": 23093 },{ "seed": 23223 },{ "seed": 23298 },{ "seed": 23312 },{ "seed": 23368 },{ "seed": 23396 },{ "seed": 23602 },{ "seed": 23689 },{ "seed": 23957 },{ "seed": 24179 },{ "seed": 24342 },{ "seed": 24410 },{ "seed": 24422 },{ "seed": 24459 },{ "seed": 24469 },{ "seed": 24762 },{ "seed": 24774 },{ "seed": 24929 },{ "seed": 24979 },{ "seed": 24999 },{ "seed": 25009 },{ "seed": 25011 },{ "seed": 25035 },{ "seed": 25089 },{ "seed": 25103 },{ "seed": 25118 },{ "seed": 25235 },{ "seed": 25279 },{ "seed": 25344 },{ "seed": 25355 },{ "seed": 25451 },{ "seed": 25513 },{ "seed": 25567 },{ "seed": 25637 },{ "seed": 25696 },{ "seed": 25701 },{ "seed": 25758 },{ "seed": 25777 },{ "seed": 25802 },{ "seed": 25887 },{ "seed": 25912 },{ "seed": 25955 },{ "seed": 25959 },{ "seed": 26046 },{ "seed": 26101 },{ "seed": 26401 },{ "seed": 26587 },{ "seed": 26590 },{ "seed": 26594 },{ "seed": 26673 },{ "seed": 26691 },{ "seed": 26708 },{ "seed": 26794 },{ "seed": 26859 },{ "seed": 26928 },{ "seed": 27071 },{ "seed": 27133 },{ "seed": 27310 },{ "seed": 27404 },{ "seed": 27477 },{ "seed": 27654 },{ "seed": 27723 },{ "seed": 27729 },{ "seed": 27920 },{ "seed": 27942 },{ "seed": 28142 },{ "seed": 28169 },{ "seed": 28268 },{ "seed": 28321 },{ "seed": 28569 },{ "seed": 28618 },{ "seed": 28918 },{ "seed": 28943 },{ "seed": 29229 },{ "seed": 29233 },{ "seed": 29266 },{ "seed": 29272 },{ "seed": 29297 },{ "seed": 29322 },{ "seed": 29363 },{ "seed": 29423 },{ "seed": 29577 },{ "seed": 29623 },{ "seed": 29629 },{ "seed": 29811 },{ "seed": 29821 },{ "seed": 29952 },{ "seed": 29956 },{ "seed": 29986 },{ "seed": 30136 },{ "seed": 30141 },{ "seed": 30171 },{ "seed": 30179 },{ "seed": 30385 },{ "seed": 30423 },{ "seed": 30459 },{ "seed": 30497 },{ "seed": 30649 },{ "seed": 30734 },{ "seed": 31005 },{ "seed": 31098 },{ "seed": 31144 },{ "seed": 31358 },{ "seed": 31376 },{ "seed": 31419 },{ "seed": 31551 },{ "seed": 31632 },{ "seed": 31835 },{ "seed": 31872 },{ "seed": 31994 },{ "seed": 32140 },{ "seed": 32153 },{ "seed": 32234 },{ "seed": 32259 },{ "seed": 32275 },{ "seed": 32326 },{ "seed": 32328 },{ "seed": 32427 },{ "seed": 32494 },{ "seed": 32516 },{ "seed": 32573 },{ "seed": 32663 },{ "seed": 32749 },{ "seed": 32918 },{ "seed": 33099 },{ "seed": 33303 },{ "seed": 33337 },{ "seed": 33477 },{ "seed": 33481 },{ "seed": 33532 },{ "seed": 33554 },{ "seed": 33707 },{ "seed": 33716 },{ "seed": 33867 },{ "seed": 33949 },{ "seed": 33985 },{ "seed": 34032 },{ "seed": 34050 },{ "seed": 34077 },{ "seed": 34186 },{ "seed": 34331 },{ "seed": 34519 },{ "seed": 34547 },{ "seed": 34554 },{ "seed": 34757 },{ "seed": 34775 },{ "seed": 34896 },{ "seed": 34937 },{ "seed": 35576 },{ "seed": 35595 },{ "seed": 35599 },{ "seed": 35768 },{ "seed": 35788 },{ "seed": 35887 },{ "seed": 35915 },{ "seed": 36070 },{ "seed": 36137 },{ "seed": 36170 },{ "seed": 36248 },{ "seed": 36249 },{ "seed": 36371 },{ "seed": 36425 },{ "seed": 36484 },{ "seed": 36604 },{ "seed": 36708 },{ "seed": 36775 },{ "seed": 36877 },{ "seed": 36881 },{ "seed": 36895 },{ "seed": 37136 },{ "seed": 37145 },{ "seed": 37264 },{ "seed": 37473 },{ "seed": 37498 },{ "seed": 37609 },{ "seed": 37718 },{ "seed": 37792 },{ "seed": 37832 },{ "seed": 37834 },{ "seed": 37863 },{ "seed": 37921 },{ "seed": 38037 },{ "seed": 38202 },{ "seed": 38289 },{ "seed": 38385 },{ "seed": 38391 },{ "seed": 38424 },{ "seed": 38518 },{ "seed": 38615 },{ "seed": 38629 },{ "seed": 38645 },{ "seed": 38748 },{ "seed": 38754 },{ "seed": 38867 },{ "seed": 38884 },{ "seed": 38899 },{ "seed": 39001 },{ "seed": 39524 },{ "seed": 39714 },{ "seed": 39894 },{ "seed": 40118 },{ "seed": 40205 },{ "seed": 40246 },{ "seed": 40260 },{ "seed": 40375 },{ "seed": 40474 },{ "seed": 40508 },{ "seed": 40562 },{ "seed": 40697 },{ "seed": 40761 },{ "seed": 40893 },{ "seed": 41131 },{ "seed": 41150 },{ "seed": 41223 },{ "seed": 41300 },{ "seed": 41358 },{ "seed": 41363 },{ "seed": 41392 },{ "seed": 41423 },{ "seed": 41836 },{ "seed": 42076 },{ "seed": 42167 },{ "seed": 42183 },{ "seed": 42259 },{ "seed": 42311 },{ "seed": 42401 },{ "seed": 42481 },{ "seed": 42512 },{ "seed": 42523 },{ "seed": 42795 },{ "seed": 42822 },{ "seed": 42907 },{ "seed": 42981 },{ "seed": 43048 },{ "seed": 43053 },{ "seed": 43205 },{ "seed": 43305 },{ "seed": 43396 },{ "seed": 43413 },{ "seed": 43501 },{ "seed": 43579 },{ "seed": 43690 },{ "seed": 43825 },{ "seed": 44105 },{ "seed": 44325 },{ "seed": 44347 },{ "seed": 44458 },{ "seed": 44474 },{ "seed": 44535 },{ "seed": 44567 },{ "seed": 44673 },{ "seed": 44682 },{ "seed": 44697 },{ "seed": 44842 },{ "seed": 44983 },{ "seed": 45091 },{ "seed": 45120 },{ "seed": 45122 },{ "seed": 45156 },{ "seed": 45177 },{ "seed": 45183 },{ "seed": 45422 },{ "seed": 45469 },{ "seed": 45735 },{ "seed": 45910 },{ "seed": 45937 },{ "seed": 46089 },{ "seed": 46113 },{ "seed": 46125 },{ "seed": 46129 },{ "seed": 46131 },{ "seed": 46190 },{ "seed": 46240 },{ "seed": 46276 },{ "seed": 46345 },{ "seed": 46623 },{ "seed": 46707 },{ "seed": 46708 },{ "seed": 46742 },{ "seed": 46759 },{ "seed": 47035 },{ "seed": 47173 },{ "seed": 47210 },{ "seed": 47287 },{ "seed": 47426 },{ "seed": 47573 },{ "seed": 47657 },{ "seed": 47749 },{ "seed": 47788 },{ "seed": 47849 },{ "seed": 47940 },{ "seed": 48029 },{ "seed": 48076 },{ "seed": 48123 },{ "seed": 48440 },{ "seed": 48499 },{ "seed": 48661 },{ "seed": 48744 },{ "seed": 48884 },{ "seed": 48902 },{ "seed": 48922 },{ "seed": 49047 },{ "seed": 49239 },{ "seed": 49355 },{ "seed": 49362 },{ "seed": 49690 },{ "seed": 49725 },{ "seed": 49837 },{ "seed": 49946 },{ "seed": 50016 },{ "seed": 50062 },{ "seed": 50289 },{ "seed": 50432 },{ "seed": 50483 },{ "seed": 50585 },{ "seed": 50711 },{ "seed": 50947 },{ "seed": 50987 },{ "seed": 51014 },{ "seed": 51203 },{ "seed": 51351 },{ "seed": 51600 },{ "seed": 51912 },{ "seed": 51920 },{ "seed": 51963 },{ "seed": 51987 },{ "seed": 52065 },{ "seed": 52208 },{ "seed": 52213 },{ "seed": 52245 },{ "seed": 52503 },{ "seed": 52548 },{ "seed": 52588 },{ "seed": 52594 },{ "seed": 52917 },{ "seed": 52924 },{ "seed": 52989 },{ "seed": 53019 },{ "seed": 53099 },{ "seed": 53119 },{ "seed": 53267 },{ "seed": 53294 },{ "seed": 53564 },{ "seed": 53651 },{ "seed": 53712 },{ "seed": 53763 },{ "seed": 53886 },{ "seed": 53914 },{ "seed": 53932 },{ "seed": 53967 },{ "seed": 54106 },{ "seed": 54117 },{ "seed": 54152 },{ "seed": 54179 },{ "seed": 54298 },{ "seed": 54618 },{ "seed": 54721 },{ "seed": 54797 },{ "seed": 54860 },{ "seed": 54868 },{ "seed": 54882 },{ "seed": 54995 },{ "seed": 55058 },{ "seed": 55114 },{ "seed": 55199 },{ "seed": 55327 },{ "seed": 55839 },{ "seed": 55995 },{ "seed": 56080 },{ "seed": 56133 },{ "seed": 56212 },{ "seed": 56242 },{ "seed": 56284 },{ "seed": 56285 },{ "seed": 56382 },{ "seed": 56406 },{ "seed": 56458 },{ "seed": 56478 },{ "seed": 56518 },{ "seed": 56545 },{ "seed": 56597 },{ "seed": 56644 },{ "seed": 56650 },{ "seed": 56809 },{ "seed": 56841 },{ "seed": 56896 },{ "seed": 57201 },{ "seed": 57334 },{ "seed": 57409 },{ "seed": 57475 },{ "seed": 57632 },{ "seed": 57896 },{ "seed": 57945 },{ "seed": 58001 },{ "seed": 58073 },{ "seed": 58132 },{ "seed": 58210 },{ "seed": 58267 },{ "seed": 58322 },{ "seed": 58447 },{ "seed": 58475 },{ "seed": 58621 },{ "seed": 58647 },{ "seed": 58798 },{ "seed": 58898 },{ "seed": 59165 },{ "seed": 59379 },{ "seed": 59754 },{ "seed": 59767 },{ "seed": 59819 },{ "seed": 59957 },{ "seed": 60050 },{ "seed": 60112 },{ "seed": 60217 },{ "seed": 60267 },{ "seed": 60367 },{ "seed": 60401 },{ "seed": 60403 },{ "seed": 60457 },{ "seed": 60471 },{ "seed": 60523 },{ "seed": 60549 },{ "seed": 60558 },{ "seed": 60674 },{ "seed": 60714 },{ "seed": 60956 },{ "seed": 60989 },{ "seed": 61096 },{ "seed": 61117 },{ "seed": 61155 },{ "seed": 61338 },{ "seed": 61461 },{ "seed": 61490 },{ "seed": 61601 },{ "seed": 61724 },{ "seed": 61747 },{ "seed": 61794 },{ "seed": 61851 },{ "seed": 62017 },{ "seed": 62138 },{ "seed": 62195 },{ "seed": 62210 },{ "seed": 62288 },{ "seed": 62350 },{ "seed": 62569 },{ "seed": 62615 },{ "seed": 62654 },{ "seed": 62731 },{ "seed": 62748 },{ "seed": 62825 },{ "seed": 62900 },{ "seed": 63175 },{ "seed": 63235 },{ "seed": 63244 },{ "seed": 63523 },{ "seed": 63639 },{ "seed": 63900 },{ "seed": 64201 },{ "seed": 64233 },{ "seed": 64253 },{ "seed": 64319 },{ "seed": 64346 },{ "seed": 64381 },{ "seed": 64519 },{ "seed": 64688 },{ "seed": 64809 },{ "seed": 65018 },{ "seed": 65204 },{ "seed": 65221 },{ "seed": 65343 },{ "seed": 65358 },{ "seed": 65371 },{ "seed": 65422 },{ "seed": 65481 },{ "seed": 65684 },{ "seed": 65920 },{ "seed": 65998 },{ "seed": 66010 },{ "seed": 66038 },{ "seed": 66152 },{ "seed": 66154 },{ "seed": 66175 },{ "seed": 66244 },{ "seed": 66384 },{ "seed": 66409 },{ "seed": 66490 },{ "seed": 66541 },{ "seed": 66684 },{ "seed": 66695 },{ "seed": 66710 },{ "seed": 66793 },{ "seed": 66833 },{ "seed": 66843 },{ "seed": 66910 },{ "seed": 66966 },{ "seed": 67045 },{ "seed": 67081 },{ "seed": 67424 },{ "seed": 67435 },{ "seed": 67614 },{ "seed": 67679 },{ "seed": 67753 },{ "seed": 67763 },{ "seed": 68024 },{ "seed": 68063 },{ "seed": 68080 },{ "seed": 68099 },{ "seed": 68156 },{ "seed": 68281 },{ "seed": 68299 },{ "seed": 68304 },{ "seed": 68523 },{ "seed": 68637 },{ "seed": 68683 },{ "seed": 68686 },{ "seed": 68743 },{ "seed": 68797 },{ "seed": 68828 },{ "seed": 68945 },{ "seed": 69031 },{ "seed": 69406 },{ "seed": 69529 },{ "seed": 69546 },{ "seed": 69611 },{ "seed": 69636 },{ "seed": 69697 },{ "seed": 69712 },{ "seed": 69717 },{ "seed": 69874 },{ "seed": 69916 },{ "seed": 69929 },{ "seed": 69984 },{ "seed": 70113 },{ "seed": 70123 },{ "seed": 70216 },{ "seed": 70252 },{ "seed": 70403 },{ "seed": 70528 },{ "seed": 70579 },{ "seed": 70662 },{ "seed": 70718 },{ "seed": 70760 },{ "seed": 70797 },{ "seed": 70808 },{ "seed": 70850 },{ "seed": 70874 },{ "seed": 70919 },{ "seed": 71017 },{ "seed": 71219 },{ "seed": 71247 },{ "seed": 71261 },{ "seed": 71321 },{ "seed": 71461 },{ "seed": 71524 },{ "seed": 71685 },{ "seed": 71966 },{ "seed": 72122 },{ "seed": 72166 },{ "seed": 72199 },{ "seed": 72302 },{ "seed": 72312 },{ "seed": 72341 },{ "seed": 72401 },{ "seed": 72484 },{ "seed": 72561 },{ "seed": 72666 },{ "seed": 72677 },{ "seed": 72699 },{ "seed": 72737 },{ "seed": 72751 },{ "seed": 72964 },{ "seed": 73030 },{ "seed": 73436 },{ "seed": 73484 },{ "seed": 73535 },{ "seed": 73584 },{ "seed": 73624 },{ "seed": 73701 },{ "seed": 73936 },{ "seed": 73958 },{ "seed": 73998 },{ "seed": 74062 },{ "seed": 74182 },{ "seed": 74184 },{ "seed": 74463 },{ "seed": 74500 },{ "seed": 74597 },{ "seed": 74600 },{ "seed": 74604 },{ "seed": 74620 },{ "seed": 74750 },{ "seed": 74815 },{ "seed": 74830 },{ "seed": 74891 },{ "seed": 74965 },{ "seed": 75076 },{ "seed": 75175 },{ "seed": 75243 },{ "seed": 75331 },{ "seed": 75352 },{ "seed": 75391 },{ "seed": 75506 },{ "seed": 75518 },{ "seed": 75649 },{ "seed": 75727 },{ "seed": 75765 },{ "seed": 75806 },{ "seed": 76082 },{ "seed": 76109 },{ "seed": 76118 },{ "seed": 76380 },{ "seed": 76392 },{ "seed": 76394 },{ "seed": 76436 },{ "seed": 76535 },{ "seed": 76730 },{ "seed": 76839 },{ "seed": 76958 },{ "seed": 77083 },{ "seed": 77159 },{ "seed": 77167 },{ "seed": 77181 },{ "seed": 77192 },{ "seed": 77287 },{ "seed": 77301 },{ "seed": 77452 },{ "seed": 77557 },{ "seed": 77772 },{ "seed": 77797 },{ "seed": 77855 },{ "seed": 78048 },{ "seed": 78116 },{ "seed": 78380 },{ "seed": 78716 },{ "seed": 78740 },{ "seed": 78744 },{ "seed": 79026 },{ "seed": 79043 },{ "seed": 79178 },{ "seed": 79363 },{ "seed": 79555 },{ "seed": 79610 },{ "seed": 79665 },{ "seed": 79772 },{ "seed": 79797 },{ "seed": 79963 },{ "seed": 80063 },{ "seed": 80201 },{ "seed": 80313 },{ "seed": 80362 },{ "seed": 80414 },{ "seed": 80565 },{ "seed": 80600 },{ "seed": 80610 },{ "seed": 80663 },{ "seed": 80766 },{ "seed": 80823 },{ "seed": 80967 },{ "seed": 81151 },{ "seed": 81214 },{ "seed": 81255 },{ "seed": 81292 },{ "seed": 81340 },{ "seed": 81667 },{ "seed": 81765 },{ "seed": 81967 },{ "seed": 82000 },{ "seed": 82166 },{ "seed": 82332 },{ "seed": 82438 },{ "seed": 82521 },{ "seed": 82540 },{ "seed": 82614 },{ "seed": 82684 },{ "seed": 82738 },{ "seed": 82799 },{ "seed": 82815 },{ "seed": 82879 },{ "seed": 83110 },{ "seed": 83179 },{ "seed": 83275 },{ "seed": 83372 },{ "seed": 83409 },{ "seed": 83472 },{ "seed": 83588 },{ "seed": 83594 },{ "seed": 83832 },{ "seed": 83884 },{ "seed": 83933 },{ "seed": 83975 },{ "seed": 84026 },{ "seed": 84145 },{ "seed": 84161 },{ "seed": 84252 },{ "seed": 84313 },{ "seed": 84335 },{ "seed": 84689 },{ "seed": 84759 },{ "seed": 84812 },{ "seed": 84910 },{ "seed": 85256 },{ "seed": 85316 },{ "seed": 85323 },{ "seed": 85655 },{ "seed": 85659 },{ "seed": 85855 },{ "seed": 85993 },{ "seed": 86045 },{ "seed": 86267 },{ "seed": 86344 },{ "seed": 86413 },{ "seed": 86466 },{ "seed": 86479 },{ "seed": 86514 },{ "seed": 86594 },{ "seed": 86687 },{ "seed": 86844 },{ "seed": 87061 },{ "seed": 87142 },{ "seed": 87180 },{ "seed": 87256 },{ "seed": 87388 },{ "seed": 87408 },{ "seed": 87445 },{ "seed": 87587 },{ "seed": 87759 },{ "seed": 87950 },{ "seed": 87982 },{ "seed": 88017 },{ "seed": 88026 },{ "seed": 88370 },{ "seed": 88422 },{ "seed": 88644 },{ "seed": 88685 },{ "seed": 88721 },{ "seed": 88757 },{ "seed": 88807 },{ "seed": 88826 },{ "seed": 88859 },{ "seed": 88946 },{ "seed": 89270 },{ "seed": 89459 },{ "seed": 89555 },{ "seed": 89600 },{ "seed": 89610 },{ "seed": 89646 },{ "seed": 89707 },{ "seed": 89757 },{ "seed": 89885 },{ "seed": 89926 },{ "seed": 89957 },{ "seed": 89963 },{ "seed": 89984 },{ "seed": 90011 },{ "seed": 90032 },{ "seed": 90070 },{ "seed": 90237 },{ "seed": 90351 },{ "seed": 90386 },{ "seed": 90424 },{ "seed": 90532 },{ "seed": 90670 },{ "seed": 90706 },{ "seed": 91075 },{ "seed": 91268 },{ "seed": 91416 },{ "seed": 91542 },{ "seed": 91582 },{ "seed": 91844 },{ "seed": 91957 },{ "seed": 91993 },{ "seed": 92120 },{ "seed": 92163 },{ "seed": 92313 },{ "seed": 92324 },{ "seed": 92420 },{ "seed": 92572 },{ "seed": 92588 },{ "seed": 92700 },{ "seed": 92706 },{ "seed": 92755 },{ "seed": 92765 },{ "seed": 92814 },{ "seed": 92905 },{ "seed": 93056 },{ "seed": 93134 },{ "seed": 93205 },{ "seed": 93272 },{ "seed": 93331 },{ "seed": 93406 },{ "seed": 93517 },{ "seed": 93526 },{ "seed": 93559 },{ "seed": 93586 },{ "seed": 93748 },{ "seed": 93789 },{ "seed": 93832 },{ "seed": 93887 },{ "seed": 93916 },{ "seed": 94134 },{ "seed": 94144 },{ "seed": 94178 },{ "seed": 94236 },{ "seed": 94296 },{ "seed": 94380 },{ "seed": 94497 },{ "seed": 94507 },{ "seed": 94515 },{ "seed": 94646 },{ "seed": 94669 },{ "seed": 94994 },{ "seed": 95006 },{ "seed": 95033 },{ "seed": 95144 },{ "seed": 95311 },{ "seed": 95637 },{ "seed": 95655 },{ "seed": 95800 },{ "seed": 95807 },{ "seed": 95976 },{ "seed": 96003 },{ "seed": 96063 },{ "seed": 96081 },{ "seed": 96151 },{ "seed": 96159 },{ "seed": 96205 },{ "seed": 96264 },{ "seed": 96371 },{ "seed": 96396 },{ "seed": 96498 },{ "seed": 96620 },{ "seed": 96629 },{ "seed": 96632 },{ "seed": 96668 },{ "seed": 96711 },{ "seed": 96722 },{ "seed": 96789 },{ "seed": 97080 },{ "seed": 97160 },{ "seed": 97215 },{ "seed": 97226 },{ "seed": 97405 },{ "seed": 97469 },{ "seed": 97554 },{ "seed": 97829 },{ "seed": 97958 },{ "seed": 97961 },{ "seed": 98073 },{ "seed": 98098 },{ "seed": 98107 },{ "seed": 98144 },{ "seed": 98246 },{ "seed": 98274 },{ "seed": 98333 },{ "seed": 98374 },{ "seed": 98390 },{ "seed": 98407 },{ "seed": 98818 },{ "seed": 98880 },{ "seed": 98961 },{ "seed": 98982 },{ "seed": 98986 },{ "seed": 99010 },{ "seed": 99033 },{ "seed": 99056 },{ "seed": 99316 },{ "seed": 99362 },{ "seed": 99402 },{ "seed": 99405 },{ "seed": 99469 },{ "seed": 99673 },{ "seed": 99710 },{ "seed": 99740 },{ "seed": 99844 } ]