[ { "seed": 28 },{ "seed": 48 },{ "seed": 155 },{ "seed": 200 },{ "seed": 344 },{ "seed": 399 },{ "seed": 459 },{ "seed": 511 },{ "seed": 563 },{ "seed": 651 },{ "seed": 844 },{ "seed": 897 },{ "seed": 926 },{ "seed": 1055 },{ "seed": 1423 },{ "seed": 1436 },{ "seed": 1460 },{ "seed": 1493 },{ "seed": 1537 },{ "seed": 1756 },{ "seed": 1791 },{ "seed": 1916 },{ "seed": 1959 },{ "seed": 1976 },{ "seed": 2261 },{ "seed": 2338 },{ "seed": 2457 },{ "seed": 2528 },{ "seed": 2884 },{ "seed": 2966 },{ "seed": 3065 },{ "seed": 3128 },{ "seed": 3331 },{ "seed": 3337 },{ "seed": 3869 },{ "seed": 3913 },{ "seed": 4109 },{ "seed": 4135 },{ "seed": 4164 },{ "seed": 4259 },{ "seed": 4279 },{ "seed": 4368 },{ "seed": 4451 },{ "seed": 4666 },{ "seed": 4668 },{ "seed": 5015 },{ "seed": 5318 },{ "seed": 5328 },{ "seed": 5367 },{ "seed": 5485 },{ "seed": 5517 },{ "seed": 5524 },{ "seed": 5825 },{ "seed": 5984 },{ "seed": 6030 },{ "seed": 6084 },{ "seed": 6169 },{ "seed": 6292 },{ "seed": 6328 },{ "seed": 6340 },{ "seed": 6871 },{ "seed": 7111 },{ "seed": 7369 },{ "seed": 7389 },{ "seed": 7593 },{ "seed": 7688 },{ "seed": 7736 },{ "seed": 7739 },{ "seed": 7792 },{ "seed": 7878 },{ "seed": 8157 },{ "seed": 8228 },{ "seed": 8235 },{ "seed": 8292 },{ "seed": 8318 },{ "seed": 8419 },{ "seed": 8420 },{ "seed": 8501 },{ "seed": 8536 },{ "seed": 8563 },{ "seed": 8576 },{ "seed": 8629 },{ "seed": 8633 },{ "seed": 8638 },{ "seed": 8767 },{ "seed": 8845 },{ "seed": 8848 },{ "seed": 8957 },{ "seed": 9146 },{ "seed": 9341 },{ "seed": 9456 },{ "seed": 9654 },{ "seed": 9689 },{ "seed": 9729 },{ "seed": 10029 },{ "seed": 10188 },{ "seed": 10333 },{ "seed": 10422 },{ "seed": 10451 },{ "seed": 10626 },{ "seed": 10761 },{ "seed": 10779 },{ "seed": 11040 },{ "seed": 11105 },{ "seed": 11161 },{ "seed": 11220 },{ "seed": 11290 },{ "seed": 11294 },{ "seed": 11316 },{ "seed": 11338 },{ "seed": 11380 },{ "seed": 11504 },{ "seed": 11838 },{ "seed": 11942 },{ "seed": 12142 },{ "seed": 12226 },{ "seed": 12281 },{ "seed": 12292 },{ "seed": 12354 },{ "seed": 12499 },{ "seed": 13082 },{ "seed": 13116 },{ "seed": 13197 },{ "seed": 13281 },{ "seed": 13323 },{ "seed": 13376 },{ "seed": 13634 },{ "seed": 13686 },{ "seed": 13902 },{ "seed": 14136 },{ "seed": 14162 },{ "seed": 14191 },{ "seed": 14627 },{ "seed": 14651 },{ "seed": 14809 },{ "seed": 14897 },{ "seed": 14905 },{ "seed": 14977 },{ "seed": 15445 },{ "seed": 15462 },{ "seed": 15494 },{ "seed": 15525 },{ "seed": 15662 },{ "seed": 15738 },{ "seed": 15765 },{ "seed": 15802 },{ "seed": 15957 },{ "seed": 16146 },{ "seed": 16191 },{ "seed": 16346 },{ "seed": 16350 },{ "seed": 16358 },{ "seed": 16404 },{ "seed": 16424 },{ "seed": 16462 },{ "seed": 16515 },{ "seed": 16744 },{ "seed": 16873 },{ "seed": 16966 },{ "seed": 17010 },{ "seed": 17100 },{ "seed": 17160 },{ "seed": 17302 },{ "seed": 17314 },{ "seed": 17647 },{ "seed": 18062 },{ "seed": 18228 },{ "seed": 18407 },{ "seed": 18434 },{ "seed": 18539 },{ "seed": 18718 },{ "seed": 18938 },{ "seed": 19173 },{ "seed": 19280 },{ "seed": 19283 },{ "seed": 19337 },{ "seed": 19505 },{ "seed": 19530 },{ "seed": 19797 },{ "seed": 19843 },{ "seed": 20114 },{ "seed": 20274 },{ "seed": 20424 },{ "seed": 20471 },{ "seed": 20687 },{ "seed": 20709 },{ "seed": 20727 },{ "seed": 20736 },{ "seed": 20741 },{ "seed": 20771 },{ "seed": 20801 },{ "seed": 20821 },{ "seed": 20842 },{ "seed": 20878 },{ "seed": 21031 },{ "seed": 21038 },{ "seed": 21092 },{ "seed": 21205 },{ "seed": 21302 },{ "seed": 21398 },{ "seed": 21566 },{ "seed": 21662 },{ "seed": 21738 },{ "seed": 21792 },{ "seed": 21861 },{ "seed": 21997 },{ "seed": 22001 },{ "seed": 22307 },{ "seed": 22344 },{ "seed": 22434 },{ "seed": 22473 },{ "seed": 22577 },{ "seed": 22612 },{ "seed": 22623 },{ "seed": 22680 },{ "seed": 22733 },{ "seed": 22907 },{ "seed": 23043 },{ "seed": 23052 },{ "seed": 23105 },{ "seed": 23206 },{ "seed": 23217 },{ "seed": 23305 },{ "seed": 23410 },{ "seed": 23660 },{ "seed": 23714 },{ "seed": 23850 },{ "seed": 23885 },{ "seed": 23914 },{ "seed": 23960 },{ "seed": 24010 },{ "seed": 24061 },{ "seed": 24117 },{ "seed": 24155 },{ "seed": 24376 },{ "seed": 24393 },{ "seed": 24450 },{ "seed": 24507 },{ "seed": 24536 },{ "seed": 24810 },{ "seed": 24894 },{ "seed": 24930 },{ "seed": 25008 },{ "seed": 25040 },{ "seed": 25095 },{ "seed": 25271 },{ "seed": 25293 },{ "seed": 25305 },{ "seed": 25452 },{ "seed": 25676 },{ "seed": 25935 },{ "seed": 25942 },{ "seed": 26177 },{ "seed": 26367 },{ "seed": 26449 },{ "seed": 26827 },{ "seed": 26852 },{ "seed": 26867 },{ "seed": 26907 },{ "seed": 26944 },{ "seed": 27220 },{ "seed": 27264 },{ "seed": 27273 },{ "seed": 27434 },{ "seed": 27483 },{ "seed": 27577 },{ "seed": 28010 },{ "seed": 28015 },{ "seed": 28017 },{ "seed": 28162 },{ "seed": 28191 },{ "seed": 28270 },{ "seed": 28323 },{ "seed": 28326 },{ "seed": 28624 },{ "seed": 28836 },{ "seed": 28872 },{ "seed": 28885 },{ "seed": 28932 },{ "seed": 28980 },{ "seed": 29478 },{ "seed": 29615 },{ "seed": 29616 },{ "seed": 29663 },{ "seed": 29777 },{ "seed": 29894 },{ "seed": 29909 },{ "seed": 29927 },{ "seed": 30230 },{ "seed": 30267 },{ "seed": 30448 },{ "seed": 30549 },{ "seed": 30673 },{ "seed": 30693 },{ "seed": 30712 },{ "seed": 30791 },{ "seed": 30828 },{ "seed": 31070 },{ "seed": 31078 },{ "seed": 31103 },{ "seed": 31210 },{ "seed": 31518 },{ "seed": 31587 },{ "seed": 31765 },{ "seed": 31840 },{ "seed": 31843 },{ "seed": 31909 },{ "seed": 31916 },{ "seed": 31970 },{ "seed": 31984 },{ "seed": 32013 },{ "seed": 32196 },{ "seed": 32282 },{ "seed": 32599 },{ "seed": 32667 },{ "seed": 32856 },{ "seed": 33049 },{ "seed": 33546 },{ "seed": 33575 },{ "seed": 33610 },{ "seed": 33659 },{ "seed": 33696 },{ "seed": 33701 },{ "seed": 33719 },{ "seed": 33912 },{ "seed": 33920 },{ "seed": 34007 },{ "seed": 34057 },{ "seed": 34265 },{ "seed": 34319 },{ "seed": 34356 },{ "seed": 34454 },{ "seed": 34480 },{ "seed": 34970 },{ "seed": 34991 },{ "seed": 35182 },{ "seed": 35191 },{ "seed": 35261 },{ "seed": 35351 },{ "seed": 35496 },{ "seed": 35497 },{ "seed": 35678 },{ "seed": 36105 },{ "seed": 36240 },{ "seed": 36286 },{ "seed": 36334 },{ "seed": 36427 },{ "seed": 36592 },{ "seed": 36744 },{ "seed": 36933 },{ "seed": 37114 },{ "seed": 37127 },{ "seed": 37250 },{ "seed": 37289 },{ "seed": 37397 },{ "seed": 37436 },{ "seed": 37472 },{ "seed": 37511 },{ "seed": 37553 },{ "seed": 37595 },{ "seed": 37639 },{ "seed": 37676 },{ "seed": 37712 },{ "seed": 37768 },{ "seed": 37807 },{ "seed": 37935 },{ "seed": 37964 },{ "seed": 38018 },{ "seed": 38250 },{ "seed": 38271 },{ "seed": 38272 },{ "seed": 38274 },{ "seed": 38293 },{ "seed": 38381 },{ "seed": 38497 },{ "seed": 38625 },{ "seed": 38705 },{ "seed": 38853 },{ "seed": 38920 },{ "seed": 39080 },{ "seed": 39189 },{ "seed": 39210 },{ "seed": 39281 },{ "seed": 39708 },{ "seed": 40315 },{ "seed": 40420 },{ "seed": 40499 },{ "seed": 40596 },{ "seed": 40621 },{ "seed": 40690 },{ "seed": 40814 },{ "seed": 40918 },{ "seed": 41017 },{ "seed": 41113 },{ "seed": 41258 },{ "seed": 41546 },{ "seed": 41645 },{ "seed": 41656 },{ "seed": 41675 },{ "seed": 41798 },{ "seed": 41992 },{ "seed": 42137 },{ "seed": 42209 },{ "seed": 42218 },{ "seed": 42238 },{ "seed": 42398 },{ "seed": 42491 },{ "seed": 42538 },{ "seed": 42634 },{ "seed": 42639 },{ "seed": 42688 },{ "seed": 42842 },{ "seed": 43032 },{ "seed": 43216 },{ "seed": 43289 },{ "seed": 43412 },{ "seed": 43476 },{ "seed": 43477 },{ "seed": 43518 },{ "seed": 43691 },{ "seed": 43836 },{ "seed": 43888 },{ "seed": 44074 },{ "seed": 44222 },{ "seed": 44449 },{ "seed": 44472 },{ "seed": 44514 },{ "seed": 44528 },{ "seed": 44631 },{ "seed": 44877 },{ "seed": 44909 },{ "seed": 44925 },{ "seed": 44930 },{ "seed": 44945 },{ "seed": 44994 },{ "seed": 45155 },{ "seed": 45208 },{ "seed": 45322 },{ "seed": 45402 },{ "seed": 45695 },{ "seed": 45734 },{ "seed": 45946 },{ "seed": 46095 },{ "seed": 46512 },{ "seed": 46686 },{ "seed": 46838 },{ "seed": 47137 },{ "seed": 47170 },{ "seed": 47289 },{ "seed": 47320 },{ "seed": 47338 },{ "seed": 47437 },{ "seed": 47500 },{ "seed": 47603 },{ "seed": 47649 },{ "seed": 47678 },{ "seed": 47684 },{ "seed": 47721 },{ "seed": 47957 },{ "seed": 48057 },{ "seed": 48147 },{ "seed": 48167 },{ "seed": 48179 },{ "seed": 48194 },{ "seed": 48393 },{ "seed": 48473 },{ "seed": 48608 },{ "seed": 48676 },{ "seed": 48775 },{ "seed": 49263 },{ "seed": 49277 },{ "seed": 49332 },{ "seed": 49369 },{ "seed": 49687 },{ "seed": 49732 },{ "seed": 49748 },{ "seed": 49838 },{ "seed": 49953 },{ "seed": 49986 },{ "seed": 50094 },{ "seed": 50155 },{ "seed": 50215 },{ "seed": 50403 },{ "seed": 50461 },{ "seed": 50707 },{ "seed": 50709 },{ "seed": 50902 },{ "seed": 50908 },{ "seed": 51050 },{ "seed": 51176 },{ "seed": 51238 },{ "seed": 51244 },{ "seed": 51278 },{ "seed": 51456 },{ "seed": 51531 },{ "seed": 51561 },{ "seed": 51562 },{ "seed": 51639 },{ "seed": 51723 },{ "seed": 51845 },{ "seed": 51950 },{ "seed": 51983 },{ "seed": 52041 },{ "seed": 52073 },{ "seed": 52105 },{ "seed": 52106 },{ "seed": 52169 },{ "seed": 52192 },{ "seed": 52244 },{ "seed": 52296 },{ "seed": 52309 },{ "seed": 52734 },{ "seed": 52757 },{ "seed": 53017 },{ "seed": 53171 },{ "seed": 53285 },{ "seed": 53357 },{ "seed": 53464 },{ "seed": 53734 },{ "seed": 53775 },{ "seed": 53852 },{ "seed": 53863 },{ "seed": 53997 },{ "seed": 54071 },{ "seed": 54119 },{ "seed": 54125 },{ "seed": 54400 },{ "seed": 54476 },{ "seed": 54628 },{ "seed": 54793 },{ "seed": 54988 },{ "seed": 55005 },{ "seed": 55066 },{ "seed": 55070 },{ "seed": 55132 },{ "seed": 55497 },{ "seed": 55554 },{ "seed": 55649 },{ "seed": 55730 },{ "seed": 55755 },{ "seed": 55772 },{ "seed": 55800 },{ "seed": 55917 },{ "seed": 55966 },{ "seed": 56061 },{ "seed": 56065 },{ "seed": 56110 },{ "seed": 56313 },{ "seed": 56317 },{ "seed": 56320 },{ "seed": 56535 },{ "seed": 56569 },{ "seed": 56620 },{ "seed": 56672 },{ "seed": 56922 },{ "seed": 56949 },{ "seed": 57320 },{ "seed": 57435 },{ "seed": 57623 },{ "seed": 57666 },{ "seed": 57691 },{ "seed": 57763 },{ "seed": 57866 },{ "seed": 57875 },{ "seed": 58036 },{ "seed": 58062 },{ "seed": 58089 },{ "seed": 58174 },{ "seed": 58213 },{ "seed": 58286 },{ "seed": 58334 },{ "seed": 58345 },{ "seed": 58394 },{ "seed": 58407 },{ "seed": 58500 },{ "seed": 58810 },{ "seed": 58956 },{ "seed": 59095 },{ "seed": 59102 },{ "seed": 59275 },{ "seed": 59300 },{ "seed": 59351 },{ "seed": 59500 },{ "seed": 59594 },{ "seed": 59677 },{ "seed": 59745 },{ "seed": 59750 },{ "seed": 59809 },{ "seed": 59958 },{ "seed": 60215 },{ "seed": 60417 },{ "seed": 60585 },{ "seed": 60757 },{ "seed": 60771 },{ "seed": 60997 },{ "seed": 61001 },{ "seed": 61052 },{ "seed": 61103 },{ "seed": 61140 },{ "seed": 61275 },{ "seed": 61290 },{ "seed": 61512 },{ "seed": 61525 },{ "seed": 61527 },{ "seed": 61639 },{ "seed": 61790 },{ "seed": 61810 },{ "seed": 62144 },{ "seed": 62198 },{ "seed": 62531 },{ "seed": 62586 },{ "seed": 62686 },{ "seed": 62728 },{ "seed": 62806 },{ "seed": 62848 },{ "seed": 63003 },{ "seed": 63218 },{ "seed": 63285 },{ "seed": 63363 },{ "seed": 63408 },{ "seed": 63800 },{ "seed": 63944 },{ "seed": 63976 },{ "seed": 63994 },{ "seed": 64040 },{ "seed": 64121 },{ "seed": 64129 },{ "seed": 64188 },{ "seed": 64227 },{ "seed": 64315 },{ "seed": 64387 },{ "seed": 64404 },{ "seed": 64487 },{ "seed": 64651 },{ "seed": 65255 },{ "seed": 65344 },{ "seed": 65409 },{ "seed": 65462 },{ "seed": 65525 },{ "seed": 65633 },{ "seed": 65689 },{ "seed": 65816 },{ "seed": 66081 },{ "seed": 66087 },{ "seed": 66238 },{ "seed": 66302 },{ "seed": 66405 },{ "seed": 66555 },{ "seed": 66633 },{ "seed": 66805 },{ "seed": 66895 },{ "seed": 66898 },{ "seed": 66915 },{ "seed": 67022 },{ "seed": 67286 },{ "seed": 67350 },{ "seed": 67361 },{ "seed": 67379 },{ "seed": 67395 },{ "seed": 67425 },{ "seed": 67531 },{ "seed": 67960 },{ "seed": 67966 },{ "seed": 68132 },{ "seed": 68146 },{ "seed": 68153 },{ "seed": 68247 },{ "seed": 68293 },{ "seed": 68294 },{ "seed": 68453 },{ "seed": 68520 },{ "seed": 68524 },{ "seed": 68525 },{ "seed": 68614 },{ "seed": 68657 },{ "seed": 68845 },{ "seed": 68849 },{ "seed": 69270 },{ "seed": 69622 },{ "seed": 69793 },{ "seed": 69796 },{ "seed": 69819 },{ "seed": 69949 },{ "seed": 70026 },{ "seed": 70098 },{ "seed": 70160 },{ "seed": 70163 },{ "seed": 70203 },{ "seed": 70323 },{ "seed": 70794 },{ "seed": 70964 },{ "seed": 71170 },{ "seed": 71176 },{ "seed": 71228 },{ "seed": 71236 },{ "seed": 71309 },{ "seed": 71323 },{ "seed": 71388 },{ "seed": 71637 },{ "seed": 71670 },{ "seed": 71701 },{ "seed": 71727 },{ "seed": 71794 },{ "seed": 72021 },{ "seed": 72159 },{ "seed": 72318 },{ "seed": 72408 },{ "seed": 72497 },{ "seed": 72570 },{ "seed": 72618 },{ "seed": 72630 },{ "seed": 72639 },{ "seed": 72791 },{ "seed": 72799 },{ "seed": 72870 },{ "seed": 72880 },{ "seed": 72926 },{ "seed": 72998 },{ "seed": 73006 },{ "seed": 73093 },{ "seed": 73410 },{ "seed": 73884 },{ "seed": 73972 },{ "seed": 74126 },{ "seed": 74249 },{ "seed": 74265 },{ "seed": 74457 },{ "seed": 74579 },{ "seed": 74594 },{ "seed": 74643 },{ "seed": 74669 },{ "seed": 74677 },{ "seed": 74852 },{ "seed": 74914 },{ "seed": 75042 },{ "seed": 75135 },{ "seed": 75142 },{ "seed": 75201 },{ "seed": 75446 },{ "seed": 75797 },{ "seed": 75865 },{ "seed": 75866 },{ "seed": 76005 },{ "seed": 76050 },{ "seed": 76151 },{ "seed": 76256 },{ "seed": 76311 },{ "seed": 76443 },{ "seed": 76455 },{ "seed": 76575 },{ "seed": 76744 },{ "seed": 76771 },{ "seed": 76831 },{ "seed": 76901 },{ "seed": 76983 },{ "seed": 77136 },{ "seed": 77195 },{ "seed": 77295 },{ "seed": 77311 },{ "seed": 77389 },{ "seed": 77422 },{ "seed": 77427 },{ "seed": 77476 },{ "seed": 77485 },{ "seed": 77674 },{ "seed": 77723 },{ "seed": 77740 },{ "seed": 77753 },{ "seed": 77821 },{ "seed": 77860 },{ "seed": 77864 },{ "seed": 77927 },{ "seed": 77982 },{ "seed": 78081 },{ "seed": 78084 },{ "seed": 78155 },{ "seed": 78307 },{ "seed": 78398 },{ "seed": 78454 },{ "seed": 78664 },{ "seed": 78675 },{ "seed": 78793 },{ "seed": 78811 },{ "seed": 78854 },{ "seed": 78868 },{ "seed": 78967 },{ "seed": 79241 },{ "seed": 79509 },{ "seed": 79515 },{ "seed": 79562 },{ "seed": 79930 },{ "seed": 79961 },{ "seed": 80052 },{ "seed": 80070 },{ "seed": 80160 },{ "seed": 80217 },{ "seed": 80267 },{ "seed": 80348 },{ "seed": 80402 },{ "seed": 80480 },{ "seed": 80502 },{ "seed": 80740 },{ "seed": 80872 },{ "seed": 80933 },{ "seed": 80951 },{ "seed": 81118 },{ "seed": 81333 },{ "seed": 81337 },{ "seed": 81393 },{ "seed": 81419 },{ "seed": 81525 },{ "seed": 82025 },{ "seed": 82077 },{ "seed": 82100 },{ "seed": 82225 },{ "seed": 82248 },{ "seed": 82262 },{ "seed": 82298 },{ "seed": 82376 },{ "seed": 82440 },{ "seed": 82530 },{ "seed": 82680 },{ "seed": 82751 },{ "seed": 82936 },{ "seed": 82942 },{ "seed": 83052 },{ "seed": 83210 },{ "seed": 83262 },{ "seed": 83267 },{ "seed": 83273 },{ "seed": 83440 },{ "seed": 83555 },{ "seed": 83589 },{ "seed": 83780 },{ "seed": 83864 },{ "seed": 83923 },{ "seed": 84012 },{ "seed": 84060 },{ "seed": 84749 },{ "seed": 84781 },{ "seed": 84997 },{ "seed": 85135 },{ "seed": 85161 },{ "seed": 85251 },{ "seed": 85277 },{ "seed": 85285 },{ "seed": 85301 },{ "seed": 85364 },{ "seed": 85365 },{ "seed": 85402 },{ "seed": 85460 },{ "seed": 85647 },{ "seed": 85665 },{ "seed": 85741 },{ "seed": 85821 },{ "seed": 85900 },{ "seed": 86006 },{ "seed": 86009 },{ "seed": 86046 },{ "seed": 86363 },{ "seed": 86661 },{ "seed": 86700 },{ "seed": 86802 },{ "seed": 86809 },{ "seed": 87100 },{ "seed": 87361 },{ "seed": 87611 },{ "seed": 87969 },{ "seed": 87973 },{ "seed": 88035 },{ "seed": 88058 },{ "seed": 88269 },{ "seed": 88329 },{ "seed": 88394 },{ "seed": 88526 },{ "seed": 88598 },{ "seed": 88701 },{ "seed": 88754 },{ "seed": 88831 },{ "seed": 88832 },{ "seed": 88858 },{ "seed": 88967 },{ "seed": 89053 },{ "seed": 89105 },{ "seed": 89153 },{ "seed": 89291 },{ "seed": 89515 },{ "seed": 89546 },{ "seed": 89567 },{ "seed": 89637 },{ "seed": 89861 },{ "seed": 90127 },{ "seed": 90171 },{ "seed": 90769 },{ "seed": 91007 },{ "seed": 91331 },{ "seed": 91421 },{ "seed": 91577 },{ "seed": 91775 },{ "seed": 91812 },{ "seed": 91825 },{ "seed": 91915 },{ "seed": 91941 },{ "seed": 91947 },{ "seed": 91981 },{ "seed": 92084 },{ "seed": 92176 },{ "seed": 92335 },{ "seed": 92444 },{ "seed": 92549 },{ "seed": 92688 },{ "seed": 92718 },{ "seed": 92763 },{ "seed": 93138 },{ "seed": 93490 },{ "seed": 93536 },{ "seed": 93793 },{ "seed": 93834 },{ "seed": 93903 },{ "seed": 93993 },{ "seed": 94001 },{ "seed": 94276 },{ "seed": 94347 },{ "seed": 94433 },{ "seed": 94464 },{ "seed": 95030 },{ "seed": 95304 },{ "seed": 95330 },{ "seed": 95437 },{ "seed": 95506 },{ "seed": 95547 },{ "seed": 95548 },{ "seed": 95549 },{ "seed": 95855 },{ "seed": 95902 },{ "seed": 95973 },{ "seed": 96001 },{ "seed": 96030 },{ "seed": 96037 },{ "seed": 96119 },{ "seed": 96227 },{ "seed": 96305 },{ "seed": 96310 },{ "seed": 96412 },{ "seed": 96458 },{ "seed": 96571 },{ "seed": 96641 },{ "seed": 96657 },{ "seed": 96718 },{ "seed": 96751 },{ "seed": 96788 },{ "seed": 97113 },{ "seed": 97131 },{ "seed": 97270 },{ "seed": 97356 },{ "seed": 97421 },{ "seed": 97529 },{ "seed": 97720 },{ "seed": 97732 },{ "seed": 97801 },{ "seed": 97831 },{ "seed": 97968 },{ "seed": 98364 },{ "seed": 98369 },{ "seed": 98431 },{ "seed": 98457 },{ "seed": 98488 },{ "seed": 98741 },{ "seed": 98890 },{ "seed": 98916 },{ "seed": 99095 },{ "seed": 99179 },{ "seed": 99230 },{ "seed": 99235 },{ "seed": 99329 },{ "seed": 99487 },{ "seed": 99544 },{ "seed": 99722 },{ "seed": 99736 },{ "seed": 99780 },{ "seed": 99822 },{ "seed": 99835 },{ "seed": 99922 } ]