[ { "seed": 8758 },{ "seed": 11544 },{ "seed": 19773 },{ "seed": 21794 },{ "seed": 23424 },{ "seed": 25345 },{ "seed": 25858 },{ "seed": 29073 },{ "seed": 40736 },{ "seed": 42212 },{ "seed": 52547 },{ "seed": 53810 },{ "seed": 53970 },{ "seed": 55598 },{ "seed": 59582 },{ "seed": 60940 },{ "seed": 64432 },{ "seed": 65423 },{ "seed": 66032 },{ "seed": 71633 },{ "seed": 72584 },{ "seed": 73603 },{ "seed": 78435 },{ "seed": 83508 },{ "seed": 83546 },{ "seed": 83693 },{ "seed": 83741 },{ "seed": 86158 },{ "seed": 88052 },{ "seed": 96904 },{ "seed": 97730 },{ "seed": 99283 } ]