[ { "seed": 937 },{ "seed": 3473 },{ "seed": 4127 },{ "seed": 9833 },{ "seed": 19435 },{ "seed": 26380 },{ "seed": 32213 },{ "seed": 33034 },{ "seed": 33118 },{ "seed": 34759 },{ "seed": 35066 },{ "seed": 36250 },{ "seed": 41739 },{ "seed": 45226 },{ "seed": 48701 },{ "seed": 48767 },{ "seed": 49930 },{ "seed": 53322 },{ "seed": 55117 },{ "seed": 63542 },{ "seed": 64539 },{ "seed": 64982 },{ "seed": 70635 },{ "seed": 72056 },{ "seed": 72871 },{ "seed": 74484 },{ "seed": 77040 },{ "seed": 78707 },{ "seed": 79152 },{ "seed": 79433 },{ "seed": 79871 },{ "seed": 80400 },{ "seed": 82806 },{ "seed": 87843 },{ "seed": 90582 },{ "seed": 92404 },{ "seed": 93765 },{ "seed": 95465 },{ "seed": 96671 },{ "seed": 96999 },{ "seed": 97889 },{ "seed": 99084 },{ "seed": 99433 } ]