[
  {
    "seed": 95
  },
  {
    "seed": 210
  },
  {
    "seed": 395
  },
  {
    "seed": 423
  },
  {
    "seed": 523
  },
  {
    "seed": 721
  },
  {
    "seed": 724
  },
  {
    "seed": 778
  },
  {
    "seed": 874
  },
  {
    "seed": 1003
  },
  {
    "seed": 1044
  },
  {
    "seed": 1200
  },
  {
    "seed": 1311
  },
  {
    "seed": 1345
  },
  {
    "seed": 1367
  },
  {
    "seed": 1432
  },
  {
    "seed": 1462
  },
  {
    "seed": 1840
  },
  {
    "seed": 1936
  },
  {
    "seed": 2082
  },
  {
    "seed": 2170
  },
  {
    "seed": 2225
  },
  {
    "seed": 2428
  },
  {
    "seed": 2467
  },
  {
    "seed": 2526
  },
  {
    "seed": 2647
  },
  {
    "seed": 2743
  },
  {
    "seed": 2940
  },
  {
    "seed": 2999
  },
  {
    "seed": 3248
  },
  {
    "seed": 3249
  },
  {
    "seed": 3624
  },
  {
    "seed": 3670
  },
  {
    "seed": 3676
  },
  {
    "seed": 3761
  },
  {
    "seed": 3769
  },
  {
    "seed": 3880
  },
  {
    "seed": 3896
  },
  {
    "seed": 3929
  },
  {
    "seed": 3959
  },
  {
    "seed": 4226
  },
  {
    "seed": 4365
  },
  {
    "seed": 4531
  },
  {
    "seed": 4579
  },
  {
    "seed": 4760
  },
  {
    "seed": 4798
  },
  {
    "seed": 4856
  },
  {
    "seed": 5178
  },
  {
    "seed": 5199
  },
  {
    "seed": 5294
  },
  {
    "seed": 5305
  },
  {
    "seed": 5848
  },
  {
    "seed": 5856
  },
  {
    "seed": 6054
  },
  {
    "seed": 6110
  },
  {
    "seed": 6131
  },
  {
    "seed": 6152
  },
  {
    "seed": 6324
  },
  {
    "seed": 6399
  },
  {
    "seed": 6577
  },
  {
    "seed": 6622
  },
  {
    "seed": 6721
  },
  {
    "seed": 7165
  },
  {
    "seed": 7467
  },
  {
    "seed": 7494
  },
  {
    "seed": 7495
  },
  {
    "seed": 7732
  },
  {
    "seed": 7830
  },
  {
    "seed": 8031
  },
  {
    "seed": 8034
  },
  {
    "seed": 8062
  },
  {
    "seed": 8087
  },
  {
    "seed": 8246
  },
  {
    "seed": 8256
  },
  {
    "seed": 8282
  },
  {
    "seed": 8432
  },
  {
    "seed": 8450
  },
  {
    "seed": 8613
  },
  {
    "seed": 8621
  },
  {
    "seed": 8648
  },
  {
    "seed": 8958
  },
  {
    "seed": 8963
  },
  {
    "seed": 9009
  },
  {
    "seed": 9039
  },
  {
    "seed": 9095
  },
  {
    "seed": 9188
  },
  {
    "seed": 9240
  },
  {
    "seed": 9248
  },
  {
    "seed": 9294
  },
  {
    "seed": 9298
  },
  {
    "seed": 9363
  },
  {
    "seed": 9411
  },
  {
    "seed": 9561
  },
  {
    "seed": 9611
  },
  {
    "seed": 9635
  },
  {
    "seed": 9751
  },
  {
    "seed": 9780
  },
  {
    "seed": 9836
  },
  {
    "seed": 9845
  },
  {
    "seed": 9854
  },
  {
    "seed": 9903
  },
  {
    "seed": 10108
  },
  {
    "seed": 10236
  },
  {
    "seed": 10318
  },
  {
    "seed": 10335
  },
  {
    "seed": 10484
  },
  {
    "seed": 10519
  },
  {
    "seed": 10523
  },
  {
    "seed": 10527
  },
  {
    "seed": 10532
  },
  {
    "seed": 10691
  },
  {
    "seed": 10819
  },
  {
    "seed": 10910
  },
  {
    "seed": 11062
  },
  {
    "seed": 11095
  },
  {
    "seed": 11153
  },
  {
    "seed": 11354
  },
  {
    "seed": 11366
  },
  {
    "seed": 11589
  },
  {
    "seed": 11704
  },
  {
    "seed": 11765
  },
  {
    "seed": 11768
  },
  {
    "seed": 12032
  },
  {
    "seed": 12045
  },
  {
    "seed": 12076
  },
  {
    "seed": 12079
  },
  {
    "seed": 12102
  },
  {
    "seed": 12318
  },
  {
    "seed": 12775
  },
  {
    "seed": 12882
  },
  {
    "seed": 13047
  },
  {
    "seed": 13128
  },
  {
    "seed": 13268
  },
  {
    "seed": 13412
  },
  {
    "seed": 13416
  },
  {
    "seed": 13751
  },
  {
    "seed": 14068
  },
  {
    "seed": 14125
  },
  {
    "seed": 14193
  },
  {
    "seed": 14254
  },
  {
    "seed": 14339
  },
  {
    "seed": 14392
  },
  {
    "seed": 14418
  },
  {
    "seed": 14442
  },
  {
    "seed": 14547
  },
  {
    "seed": 14658
  },
  {
    "seed": 14672
  },
  {
    "seed": 14898
  },
  {
    "seed": 15006
  },
  {
    "seed": 15828
  },
  {
    "seed": 15971
  },
  {
    "seed": 15996
  },
  {
    "seed": 16222
  },
  {
    "seed": 16374
  },
  {
    "seed": 16381
  },
  {
    "seed": 16388
  },
  {
    "seed": 16429
  },
  {
    "seed": 16474
  },
  {
    "seed": 16478
  },
  {
    "seed": 16587
  },
  {
    "seed": 16604
  },
  {
    "seed": 16624
  },
  {
    "seed": 16722
  },
  {
    "seed": 16822
  },
  {
    "seed": 16912
  },
  {
    "seed": 16916
  },
  {
    "seed": 16921
  },
  {
    "seed": 17067
  },
  {
    "seed": 17383
  },
  {
    "seed": 17777
  },
  {
    "seed": 17900
  },
  {
    "seed": 17904
  },
  {
    "seed": 17915
  },
  {
    "seed": 18005
  },
  {
    "seed": 18028
  },
  {
    "seed": 18040
  },
  {
    "seed": 18098
  },
  {
    "seed": 18165
  },
  {
    "seed": 18240
  },
  {
    "seed": 18367
  },
  {
    "seed": 18417
  },
  {
    "seed": 18606
  },
  {
    "seed": 18725
  },
  {
    "seed": 18891
  },
  {
    "seed": 18905
  },
  {
    "seed": 19064
  },
  {
    "seed": 19182
  },
  {
    "seed": 19199
  },
  {
    "seed": 19410
  },
  {
    "seed": 19594
  },
  {
    "seed": 19622
  },
  {
    "seed": 19965
  },
  {
    "seed": 19977
  },
  {
    "seed": 20010
  },
  {
    "seed": 20142
  },
  {
    "seed": 20147
  },
  {
    "seed": 20241
  },
  {
    "seed": 20272
  },
  {
    "seed": 20319
  },
  {
    "seed": 20420
  },
  {
    "seed": 20447
  },
  {
    "seed": 20675
  },
  {
    "seed": 20946
  },
  {
    "seed": 21016
  },
  {
    "seed": 21093
  },
  {
    "seed": 21326
  },
  {
    "seed": 21498
  },
  {
    "seed": 21516
  },
  {
    "seed": 21568
  },
  {
    "seed": 21593
  },
  {
    "seed": 21621
  },
  {
    "seed": 21755
  },
  {
    "seed": 21858
  },
  {
    "seed": 21905
  },
  {
    "seed": 22059
  },
  {
    "seed": 22088
  },
  {
    "seed": 22141
  },
  {
    "seed": 22160
  },
  {
    "seed": 22240
  },
  {
    "seed": 22288
  },
  {
    "seed": 22340
  },
  {
    "seed": 22387
  },
  {
    "seed": 22543
  },
  {
    "seed": 22585
  },
  {
    "seed": 22621
  },
  {
    "seed": 22630
  },
  {
    "seed": 22643
  },
  {
    "seed": 22661
  },
  {
    "seed": 22673
  },
  {
    "seed": 22735
  },
  {
    "seed": 22807
  },
  {
    "seed": 22838
  },
  {
    "seed": 22966
  },
  {
    "seed": 23101
  },
  {
    "seed": 23208
  },
  {
    "seed": 23253
  },
  {
    "seed": 23691
  },
  {
    "seed": 23771
  },
  {
    "seed": 23863
  },
  {
    "seed": 23899
  },
  {
    "seed": 24115
  },
  {
    "seed": 24308
  },
  {
    "seed": 24578
  },
  {
    "seed": 24690
  },
  {
    "seed": 24899
  },
  {
    "seed": 24968
  },
  {
    "seed": 25029
  },
  {
    "seed": 25155
  },
  {
    "seed": 25222
  },
  {
    "seed": 25253
  },
  {
    "seed": 25288
  },
  {
    "seed": 25465
  },
  {
    "seed": 25466
  },
  {
    "seed": 25612
  },
  {
    "seed": 25679
  },
  {
    "seed": 25723
  },
  {
    "seed": 25776
  },
  {
    "seed": 25855
  },
  {
    "seed": 26020
  },
  {
    "seed": 26144
  },
  {
    "seed": 26267
  },
  {
    "seed": 26412
  },
  {
    "seed": 26520
  },
  {
    "seed": 26548
  },
  {
    "seed": 26567
  },
  {
    "seed": 26583
  },
  {
    "seed": 26646
  },
  {
    "seed": 26847
  },
  {
    "seed": 26949
  },
  {
    "seed": 27002
  },
  {
    "seed": 27063
  },
  {
    "seed": 27119
  },
  {
    "seed": 27499
  },
  {
    "seed": 27913
  },
  {
    "seed": 28034
  },
  {
    "seed": 28037
  },
  {
    "seed": 28136
  },
  {
    "seed": 28244
  },
  {
    "seed": 28775
  },
  {
    "seed": 28881
  },
  {
    "seed": 28985
  },
  {
    "seed": 29186
  },
  {
    "seed": 29251
  },
  {
    "seed": 29274
  },
  {
    "seed": 29286
  },
  {
    "seed": 29299
  },
  {
    "seed": 29408
  },
  {
    "seed": 29517
  },
  {
    "seed": 29533
  },
  {
    "seed": 29633
  },
  {
    "seed": 29652
  },
  {
    "seed": 29684
  },
  {
    "seed": 29704
  },
  {
    "seed": 29729
  },
  {
    "seed": 29793
  },
  {
    "seed": 29826
  },
  {
    "seed": 30203
  },
  {
    "seed": 30351
  },
  {
    "seed": 30437
  },
  {
    "seed": 30439
  },
  {
    "seed": 30445
  },
  {
    "seed": 30450
  },
  {
    "seed": 30859
  },
  {
    "seed": 30887
  },
  {
    "seed": 31051
  },
  {
    "seed": 31157
  },
  {
    "seed": 31308
  },
  {
    "seed": 31321
  },
  {
    "seed": 31348
  },
  {
    "seed": 31399
  },
  {
    "seed": 31506
  },
  {
    "seed": 31517
  },
  {
    "seed": 31520
  },
  {
    "seed": 31740
  },
  {
    "seed": 31759
  },
  {
    "seed": 32010
  },
  {
    "seed": 32050
  },
  {
    "seed": 32099
  },
  {
    "seed": 32124
  },
  {
    "seed": 32131
  },
  {
    "seed": 32167
  },
  {
    "seed": 32169
  },
  {
    "seed": 32218
  },
  {
    "seed": 32252
  },
  {
    "seed": 32277
  },
  {
    "seed": 32372
  },
  {
    "seed": 32381
  },
  {
    "seed": 32387
  },
  {
    "seed": 32446
  },
  {
    "seed": 32519
  },
  {
    "seed": 32720
  },
  {
    "seed": 32761
  },
  {
    "seed": 32925
  },
  {
    "seed": 32931
  },
  {
    "seed": 33085
  },
  {
    "seed": 33131
  },
  {
    "seed": 33152
  },
  {
    "seed": 33164
  },
  {
    "seed": 33251
  },
  {
    "seed": 33417
  },
  {
    "seed": 33420
  },
  {
    "seed": 33429
  },
  {
    "seed": 33474
  },
  {
    "seed": 33491
  },
  {
    "seed": 33517
  },
  {
    "seed": 33596
  },
  {
    "seed": 33690
  },
  {
    "seed": 33740
  },
  {
    "seed": 33743
  },
  {
    "seed": 33749
  },
  {
    "seed": 33761
  },
  {
    "seed": 33803
  },
  {
    "seed": 33832
  },
  {
    "seed": 33925
  },
  {
    "seed": 34042
  },
  {
    "seed": 34388
  },
  {
    "seed": 34688
  },
  {
    "seed": 34709
  },
  {
    "seed": 34741
  },
  {
    "seed": 34815
  },
  {
    "seed": 34828
  },
  {
    "seed": 34873
  },
  {
    "seed": 34879
  },
  {
    "seed": 34974
  },
  {
    "seed": 35318
  },
  {
    "seed": 35331
  },
  {
    "seed": 35432
  },
  {
    "seed": 35779
  },
  {
    "seed": 35823
  },
  {
    "seed": 35950
  },
  {
    "seed": 36067
  },
  {
    "seed": 36133
  },
  {
    "seed": 36294
  },
  {
    "seed": 36305
  },
  {
    "seed": 36400
  },
  {
    "seed": 36409
  },
  {
    "seed": 36411
  },
  {
    "seed": 36435
  },
  {
    "seed": 36522
  },
  {
    "seed": 36544
  },
  {
    "seed": 36677
  },
  {
    "seed": 36763
  },
  {
    "seed": 36857
  },
  {
    "seed": 36870
  },
  {
    "seed": 37337
  },
  {
    "seed": 37544
  },
  {
    "seed": 37665
  },
  {
    "seed": 37787
  },
  {
    "seed": 38086
  },
  {
    "seed": 38310
  },
  {
    "seed": 38340
  },
  {
    "seed": 38449
  },
  {
    "seed": 38478
  },
  {
    "seed": 38492
  },
  {
    "seed": 38509
  },
  {
    "seed": 38527
  },
  {
    "seed": 38597
  },
  {
    "seed": 38794
  },
  {
    "seed": 38980
  },
  {
    "seed": 39055
  },
  {
    "seed": 39072
  },
  {
    "seed": 39101
  },
  {
    "seed": 39213
  },
  {
    "seed": 39272
  },
  {
    "seed": 39276
  },
  {
    "seed": 39360
  },
  {
    "seed": 39387
  },
  {
    "seed": 39406
  },
  {
    "seed": 39451
  },
  {
    "seed": 39488
  },
  {
    "seed": 39504
  },
  {
    "seed": 39590
  },
  {
    "seed": 39765
  },
  {
    "seed": 39982
  },
  {
    "seed": 40012
  },
  {
    "seed": 40206
  },
  {
    "seed": 40271
  },
  {
    "seed": 40459
  },
  {
    "seed": 40483
  },
  {
    "seed": 40702
  },
  {
    "seed": 40834
  },
  {
    "seed": 40894
  },
  {
    "seed": 40925
  },
  {
    "seed": 40928
  },
  {
    "seed": 40936
  },
  {
    "seed": 40961
  },
  {
    "seed": 40998
  },
  {
    "seed": 41058
  },
  {
    "seed": 41063
  },
  {
    "seed": 41153
  },
  {
    "seed": 41217
  },
  {
    "seed": 41226
  },
  {
    "seed": 41276
  },
  {
    "seed": 41309
  },
  {
    "seed": 41579
  },
  {
    "seed": 41741
  },
  {
    "seed": 41892
  },
  {
    "seed": 41917
  },
  {
    "seed": 41956
  },
  {
    "seed": 42075
  },
  {
    "seed": 42108
  },
  {
    "seed": 42127
  },
  {
    "seed": 42164
  },
  {
    "seed": 42198
  },
  {
    "seed": 42262
  },
  {
    "seed": 42380
  },
  {
    "seed": 42640
  },
  {
    "seed": 42854
  },
  {
    "seed": 42974
  },
  {
    "seed": 42976
  },
  {
    "seed": 43010
  },
  {
    "seed": 43036
  },
  {
    "seed": 43119
  },
  {
    "seed": 43307
  },
  {
    "seed": 43372
  },
  {
    "seed": 43398
  },
  {
    "seed": 43433
  },
  {
    "seed": 43506
  },
  {
    "seed": 43647
  },
  {
    "seed": 43800
  },
  {
    "seed": 43864
  },
  {
    "seed": 43893
  },
  {
    "seed": 43923
  },
  {
    "seed": 43979
  },
  {
    "seed": 44005
  },
  {
    "seed": 44101
  },
  {
    "seed": 44113
  },
  {
    "seed": 44132
  },
  {
    "seed": 44175
  },
  {
    "seed": 44191
  },
  {
    "seed": 44226
  },
  {
    "seed": 44546
  },
  {
    "seed": 44646
  },
  {
    "seed": 44916
  },
  {
    "seed": 45011
  },
  {
    "seed": 45020
  },
  {
    "seed": 45023
  },
  {
    "seed": 45144
  },
  {
    "seed": 45168
  },
  {
    "seed": 45273
  },
  {
    "seed": 45302
  },
  {
    "seed": 45479
  },
  {
    "seed": 45531
  },
  {
    "seed": 45682
  },
  {
    "seed": 45711
  },
  {
    "seed": 45800
  },
  {
    "seed": 46161
  },
  {
    "seed": 46261
  },
  {
    "seed": 46309
  },
  {
    "seed": 46445
  },
  {
    "seed": 46480
  },
  {
    "seed": 46544
  },
  {
    "seed": 46545
  },
  {
    "seed": 46789
  },
  {
    "seed": 46850
  },
  {
    "seed": 46893
  },
  {
    "seed": 47102
  },
  {
    "seed": 47286
  },
  {
    "seed": 47455
  },
  {
    "seed": 47593
  },
  {
    "seed": 47607
  },
  {
    "seed": 47656
  },
  {
    "seed": 47686
  },
  {
    "seed": 47687
  },
  {
    "seed": 47873
  },
  {
    "seed": 47918
  },
  {
    "seed": 48100
  },
  {
    "seed": 48101
  },
  {
    "seed": 48197
  },
  {
    "seed": 48227
  },
  {
    "seed": 48260
  },
  {
    "seed": 48268
  },
  {
    "seed": 48401
  },
  {
    "seed": 48431
  },
  {
    "seed": 48482
  },
  {
    "seed": 48501
  },
  {
    "seed": 48518
  },
  {
    "seed": 48618
  },
  {
    "seed": 48693
  },
  {
    "seed": 48699
  },
  {
    "seed": 49094
  },
  {
    "seed": 49313
  },
  {
    "seed": 49346
  },
  {
    "seed": 49474
  },
  {
    "seed": 49499
  },
  {
    "seed": 49527
  },
  {
    "seed": 49545
  },
  {
    "seed": 49645
  },
  {
    "seed": 49724
  },
  {
    "seed": 50072
  },
  {
    "seed": 50111
  },
  {
    "seed": 50221
  },
  {
    "seed": 50365
  },
  {
    "seed": 50431
  },
  {
    "seed": 50581
  },
  {
    "seed": 50660
  },
  {
    "seed": 50825
  },
  {
    "seed": 50829
  },
  {
    "seed": 50837
  },
  {
    "seed": 50943
  },
  {
    "seed": 51054
  },
  {
    "seed": 51058
  },
  {
    "seed": 51171
  },
  {
    "seed": 51195
  },
  {
    "seed": 51362
  },
  {
    "seed": 51846
  },
  {
    "seed": 52187
  },
  {
    "seed": 52375
  },
  {
    "seed": 52415
  },
  {
    "seed": 52427
  },
  {
    "seed": 52520
  },
  {
    "seed": 52647
  },
  {
    "seed": 52653
  },
  {
    "seed": 52884
  },
  {
    "seed": 53255
  },
  {
    "seed": 53275
  },
  {
    "seed": 53284
  },
  {
    "seed": 53384
  },
  {
    "seed": 53407
  },
  {
    "seed": 53544
  },
  {
    "seed": 53574
  },
  {
    "seed": 53672
  },
  {
    "seed": 53692
  },
  {
    "seed": 53864
  },
  {
    "seed": 53915
  },
  {
    "seed": 53917
  },
  {
    "seed": 54061
  },
  {
    "seed": 54114
  },
  {
    "seed": 54133
  },
  {
    "seed": 54433
  },
  {
    "seed": 54799
  },
  {
    "seed": 54801
  },
  {
    "seed": 54929
  },
  {
    "seed": 55047
  },
  {
    "seed": 55106
  },
  {
    "seed": 55118
  },
  {
    "seed": 55153
  },
  {
    "seed": 55185
  },
  {
    "seed": 55472
  },
  {
    "seed": 55506
  },
  {
    "seed": 55519
  },
  {
    "seed": 55607
  },
  {
    "seed": 55729
  },
  {
    "seed": 55795
  },
  {
    "seed": 55803
  },
  {
    "seed": 55944
  },
  {
    "seed": 55986
  },
  {
    "seed": 56034
  },
  {
    "seed": 56273
  },
  {
    "seed": 56287
  },
  {
    "seed": 56298
  },
  {
    "seed": 56492
  },
  {
    "seed": 56635
  },
  {
    "seed": 56639
  },
  {
    "seed": 56703
  },
  {
    "seed": 56830
  },
  {
    "seed": 56838
  },
  {
    "seed": 56942
  },
  {
    "seed": 56976
  },
  {
    "seed": 56994
  },
  {
    "seed": 57037
  },
  {
    "seed": 57170
  },
  {
    "seed": 57175
  },
  {
    "seed": 57211
  },
  {
    "seed": 57221
  },
  {
    "seed": 57338
  },
  {
    "seed": 57441
  },
  {
    "seed": 57585
  },
  {
    "seed": 57640
  },
  {
    "seed": 57643
  },
  {
    "seed": 57650
  },
  {
    "seed": 57699
  },
  {
    "seed": 57758
  },
  {
    "seed": 57934
  },
  {
    "seed": 58044
  },
  {
    "seed": 58191
  },
  {
    "seed": 58461
  },
  {
    "seed": 58692
  },
  {
    "seed": 58862
  },
  {
    "seed": 58995
  },
  {
    "seed": 59034
  },
  {
    "seed": 59084
  },
  {
    "seed": 59213
  },
  {
    "seed": 59357
  },
  {
    "seed": 59362
  },
  {
    "seed": 59630
  },
  {
    "seed": 59639
  },
  {
    "seed": 59717
  },
  {
    "seed": 59725
  },
  {
    "seed": 59893
  },
  {
    "seed": 59936
  },
  {
    "seed": 59948
  },
  {
    "seed": 59990
  },
  {
    "seed": 60087
  },
  {
    "seed": 60127
  },
  {
    "seed": 60248
  },
  {
    "seed": 60288
  },
  {
    "seed": 60316
  },
  {
    "seed": 60377
  },
  {
    "seed": 60572
  },
  {
    "seed": 60606
  },
  {
    "seed": 60645
  },
  {
    "seed": 60760
  },
  {
    "seed": 60902
  },
  {
    "seed": 60914
  },
  {
    "seed": 60972
  },
  {
    "seed": 60984
  },
  {
    "seed": 60986
  },
  {
    "seed": 61003
  },
  {
    "seed": 61012
  },
  {
    "seed": 61122
  },
  {
    "seed": 61353
  },
  {
    "seed": 61412
  },
  {
    "seed": 61802
  },
  {
    "seed": 61902
  },
  {
    "seed": 62013
  },
  {
    "seed": 62020
  },
  {
    "seed": 62075
  },
  {
    "seed": 62078
  },
  {
    "seed": 62246
  },
  {
    "seed": 62323
  },
  {
    "seed": 62485
  },
  {
    "seed": 62512
  },
  {
    "seed": 62746
  },
  {
    "seed": 62783
  },
  {
    "seed": 62784
  },
  {
    "seed": 62790
  },
  {
    "seed": 62879
  },
  {
    "seed": 62927
  },
  {
    "seed": 63054
  },
  {
    "seed": 63098
  },
  {
    "seed": 63100
  },
  {
    "seed": 63107
  },
  {
    "seed": 63345
  },
  {
    "seed": 63439
  },
  {
    "seed": 63520
  },
  {
    "seed": 63662
  },
  {
    "seed": 63791
  },
  {
    "seed": 63813
  },
  {
    "seed": 63882
  },
  {
    "seed": 63907
  },
  {
    "seed": 63957
  },
  {
    "seed": 64034
  },
  {
    "seed": 64126
  },
  {
    "seed": 64252
  },
  {
    "seed": 64264
  },
  {
    "seed": 64473
  },
  {
    "seed": 64510
  },
  {
    "seed": 64585
  },
  {
    "seed": 64586
  },
  {
    "seed": 64679
  },
  {
    "seed": 64729
  },
  {
    "seed": 64739
  },
  {
    "seed": 64909
  },
  {
    "seed": 65028
  },
  {
    "seed": 65061
  },
  {
    "seed": 65099
  },
  {
    "seed": 65104
  },
  {
    "seed": 65112
  },
  {
    "seed": 65169
  },
  {
    "seed": 65213
  },
  {
    "seed": 65243
  },
  {
    "seed": 65285
  },
  {
    "seed": 65383
  },
  {
    "seed": 65871
  },
  {
    "seed": 65903
  },
  {
    "seed": 66122
  },
  {
    "seed": 66125
  },
  {
    "seed": 66131
  },
  {
    "seed": 66213
  },
  {
    "seed": 66413
  },
  {
    "seed": 66494
  },
  {
    "seed": 67041
  },
  {
    "seed": 67063
  },
  {
    "seed": 67193
  },
  {
    "seed": 67310
  },
  {
    "seed": 67325
  },
  {
    "seed": 67372
  },
  {
    "seed": 67449
  },
  {
    "seed": 67630
  },
  {
    "seed": 67643
  },
  {
    "seed": 68020
  },
  {
    "seed": 68147
  },
  {
    "seed": 68186
  },
  {
    "seed": 68197
  },
  {
    "seed": 68199
  },
  {
    "seed": 68506
  },
  {
    "seed": 68567
  },
  {
    "seed": 68674
  },
  {
    "seed": 68676
  },
  {
    "seed": 68812
  },
  {
    "seed": 68878
  },
  {
    "seed": 69050
  },
  {
    "seed": 69330
  },
  {
    "seed": 69373
  },
  {
    "seed": 69422
  },
  {
    "seed": 69541
  },
  {
    "seed": 69640
  },
  {
    "seed": 69766
  },
  {
    "seed": 69820
  },
  {
    "seed": 70080
  },
  {
    "seed": 70215
  },
  {
    "seed": 70268
  },
  {
    "seed": 70512
  },
  {
    "seed": 70544
  },
  {
    "seed": 70647
  },
  {
    "seed": 70734
  },
  {
    "seed": 70742
  },
  {
    "seed": 70972
  },
  {
    "seed": 71082
  },
  {
    "seed": 71134
  },
  {
    "seed": 71343
  },
  {
    "seed": 71421
  },
  {
    "seed": 71448
  },
  {
    "seed": 71680
  },
  {
    "seed": 71816
  },
  {
    "seed": 71963
  },
  {
    "seed": 72263
  },
  {
    "seed": 72325
  },
  {
    "seed": 72480
  },
  {
    "seed": 72543
  },
  {
    "seed": 72700
  },
  {
    "seed": 72743
  },
  {
    "seed": 72778
  },
  {
    "seed": 72900
  },
  {
    "seed": 73090
  },
  {
    "seed": 73133
  },
  {
    "seed": 73256
  },
  {
    "seed": 73297
  },
  {
    "seed": 73347
  },
  {
    "seed": 73403
  },
  {
    "seed": 73471
  },
  {
    "seed": 73476
  },
  {
    "seed": 73486
  },
  {
    "seed": 73559
  },
  {
    "seed": 73589
  },
  {
    "seed": 73616
  },
  {
    "seed": 73702
  },
  {
    "seed": 73713
  },
  {
    "seed": 73742
  },
  {
    "seed": 74041
  },
  {
    "seed": 74148
  },
  {
    "seed": 74179
  },
  {
    "seed": 74200
  },
  {
    "seed": 74434
  },
  {
    "seed": 74447
  },
  {
    "seed": 74513
  },
  {
    "seed": 74585
  },
  {
    "seed": 74631
  },
  {
    "seed": 74634
  },
  {
    "seed": 74717
  },
  {
    "seed": 74819
  },
  {
    "seed": 74972
  },
  {
    "seed": 75137
  },
  {
    "seed": 75239
  },
  {
    "seed": 75268
  },
  {
    "seed": 75272
  },
  {
    "seed": 75338
  },
  {
    "seed": 75548
  },
  {
    "seed": 75809
  },
  {
    "seed": 75829
  },
  {
    "seed": 75862
  },
  {
    "seed": 75884
  },
  {
    "seed": 76024
  },
  {
    "seed": 76067
  },
  {
    "seed": 76068
  },
  {
    "seed": 76137
  },
  {
    "seed": 76187
  },
  {
    "seed": 76283
  },
  {
    "seed": 76322
  },
  {
    "seed": 76440
  },
  {
    "seed": 76634
  },
  {
    "seed": 77054
  },
  {
    "seed": 77152
  },
  {
    "seed": 77286
  },
  {
    "seed": 77395
  },
  {
    "seed": 77434
  },
  {
    "seed": 77536
  },
  {
    "seed": 77599
  },
  {
    "seed": 77743
  },
  {
    "seed": 77962
  },
  {
    "seed": 78018
  },
  {
    "seed": 78098
  },
  {
    "seed": 78224
  },
  {
    "seed": 78271
  },
  {
    "seed": 78347
  },
  {
    "seed": 78477
  },
  {
    "seed": 78610
  },
  {
    "seed": 78701
  },
  {
    "seed": 78703
  },
  {
    "seed": 78761
  },
  {
    "seed": 78841
  },
  {
    "seed": 78874
  },
  {
    "seed": 78896
  },
  {
    "seed": 78911
  },
  {
    "seed": 79029
  },
  {
    "seed": 79069
  },
  {
    "seed": 79130
  },
  {
    "seed": 79136
  },
  {
    "seed": 79245
  },
  {
    "seed": 79522
  },
  {
    "seed": 79542
  },
  {
    "seed": 79815
  },
  {
    "seed": 79910
  },
  {
    "seed": 79941
  },
  {
    "seed": 79958
  },
  {
    "seed": 79992
  },
  {
    "seed": 80004
  },
  {
    "seed": 80341
  },
  {
    "seed": 80353
  },
  {
    "seed": 80357
  },
  {
    "seed": 80543
  },
  {
    "seed": 80583
  },
  {
    "seed": 80641
  },
  {
    "seed": 80865
  },
  {
    "seed": 80905
  },
  {
    "seed": 81041
  },
  {
    "seed": 81190
  },
  {
    "seed": 81260
  },
  {
    "seed": 81313
  },
  {
    "seed": 81321
  },
  {
    "seed": 81483
  },
  {
    "seed": 81489
  },
  {
    "seed": 81542
  },
  {
    "seed": 81571
  },
  {
    "seed": 81602
  },
  {
    "seed": 81604
  },
  {
    "seed": 81660
  },
  {
    "seed": 81926
  },
  {
    "seed": 82330
  },
  {
    "seed": 82342
  },
  {
    "seed": 82565
  },
  {
    "seed": 82855
  },
  {
    "seed": 82907
  },
  {
    "seed": 82988
  },
  {
    "seed": 83026
  },
  {
    "seed": 83205
  },
  {
    "seed": 83283
  },
  {
    "seed": 83361
  },
  {
    "seed": 83405
  },
  {
    "seed": 83516
  },
  {
    "seed": 83597
  },
  {
    "seed": 83713
  },
  {
    "seed": 83719
  },
  {
    "seed": 83764
  },
  {
    "seed": 83765
  },
  {
    "seed": 83881
  },
  {
    "seed": 84029
  },
  {
    "seed": 84090
  },
  {
    "seed": 84129
  },
  {
    "seed": 84133
  },
  {
    "seed": 84209
  },
  {
    "seed": 84306
  },
  {
    "seed": 84324
  },
  {
    "seed": 84344
  },
  {
    "seed": 84368
  },
  {
    "seed": 84499
  },
  {
    "seed": 84514
  },
  {
    "seed": 84554
  },
  {
    "seed": 84598
  },
  {
    "seed": 84737
  },
  {
    "seed": 84896
  },
  {
    "seed": 84969
  },
  {
    "seed": 85091
  },
  {
    "seed": 85129
  },
  {
    "seed": 85548
  },
  {
    "seed": 85725
  },
  {
    "seed": 85731
  },
  {
    "seed": 85735
  },
  {
    "seed": 85809
  },
  {
    "seed": 85913
  },
  {
    "seed": 85948
  },
  {
    "seed": 86033
  },
  {
    "seed": 86097
  },
  {
    "seed": 86365
  },
  {
    "seed": 86483
  },
  {
    "seed": 86622
  },
  {
    "seed": 86674
  },
  {
    "seed": 86880
  },
  {
    "seed": 87228
  },
  {
    "seed": 87269
  },
  {
    "seed": 87287
  },
  {
    "seed": 87312
  },
  {
    "seed": 87499
  },
  {
    "seed": 87806
  },
  {
    "seed": 87925
  },
  {
    "seed": 88189
  },
  {
    "seed": 88252
  },
  {
    "seed": 88326
  },
  {
    "seed": 88355
  },
  {
    "seed": 88432
  },
  {
    "seed": 88543
  },
  {
    "seed": 88563
  },
  {
    "seed": 88595
  },
  {
    "seed": 88909
  },
  {
    "seed": 88922
  },
  {
    "seed": 88972
  },
  {
    "seed": 88980
  },
  {
    "seed": 89090
  },
  {
    "seed": 89100
  },
  {
    "seed": 89426
  },
  {
    "seed": 89518
  },
  {
    "seed": 89536
  },
  {
    "seed": 89597
  },
  {
    "seed": 89748
  },
  {
    "seed": 89758
  },
  {
    "seed": 89781
  },
  {
    "seed": 90005
  },
  {
    "seed": 90023
  },
  {
    "seed": 90104
  },
  {
    "seed": 90110
  },
  {
    "seed": 90213
  },
  {
    "seed": 90258
  },
  {
    "seed": 90269
  },
  {
    "seed": 90427
  },
  {
    "seed": 90566
  },
  {
    "seed": 90572
  },
  {
    "seed": 90656
  },
  {
    "seed": 90882
  },
  {
    "seed": 90977
  },
  {
    "seed": 90992
  },
  {
    "seed": 91094
  },
  {
    "seed": 91292
  },
  {
    "seed": 91367
  },
  {
    "seed": 91596
  },
  {
    "seed": 91651
  },
  {
    "seed": 91858
  },
  {
    "seed": 91980
  },
  {
    "seed": 92036
  },
  {
    "seed": 92068
  },
  {
    "seed": 92320
  },
  {
    "seed": 92411
  },
  {
    "seed": 92615
  },
  {
    "seed": 92629
  },
  {
    "seed": 92662
  },
  {
    "seed": 92675
  },
  {
    "seed": 92752
  },
  {
    "seed": 92832
  },
  {
    "seed": 92917
  },
  {
    "seed": 93255
  },
  {
    "seed": 93377
  },
  {
    "seed": 93380
  },
  {
    "seed": 93413
  },
  {
    "seed": 93541
  },
  {
    "seed": 93662
  },
  {
    "seed": 93721
  },
  {
    "seed": 93729
  },
  {
    "seed": 93745
  },
  {
    "seed": 93893
  },
  {
    "seed": 94012
  },
  {
    "seed": 94181
  },
  {
    "seed": 94209
  },
  {
    "seed": 94280
  },
  {
    "seed": 94317
  },
  {
    "seed": 94344
  },
  {
    "seed": 94376
  },
  {
    "seed": 94432
  },
  {
    "seed": 94459
  },
  {
    "seed": 94567
  },
  {
    "seed": 94761
  },
  {
    "seed": 94850
  },
  {
    "seed": 94861
  },
  {
    "seed": 95004
  },
  {
    "seed": 95043
  },
  {
    "seed": 95093
  },
  {
    "seed": 95142
  },
  {
    "seed": 95242
  },
  {
    "seed": 95312
  },
  {
    "seed": 95441
  },
  {
    "seed": 95552
  },
  {
    "seed": 95916
  },
  {
    "seed": 95925
  },
  {
    "seed": 95935
  },
  {
    "seed": 95960
  },
  {
    "seed": 96100
  },
  {
    "seed": 96175
  },
  {
    "seed": 96213
  },
  {
    "seed": 96235
  },
  {
    "seed": 96242
  },
  {
    "seed": 96395
  },
  {
    "seed": 96422
  },
  {
    "seed": 96604
  },
  {
    "seed": 96626
  },
  {
    "seed": 96687
  },
  {
    "seed": 96793
  },
  {
    "seed": 97030
  },
  {
    "seed": 97121
  },
  {
    "seed": 97142
  },
  {
    "seed": 97195
  },
  {
    "seed": 97284
  },
  {
    "seed": 97352
  },
  {
    "seed": 97355
  },
  {
    "seed": 97729
  },
  {
    "seed": 97860
  },
  {
    "seed": 98047
  },
  {
    "seed": 98115
  },
  {
    "seed": 98341
  },
  {
    "seed": 98569
  },
  {
    "seed": 98669
  },
  {
    "seed": 98861
  },
  {
    "seed": 98945
  },
  {
    "seed": 99057
  },
  {
    "seed": 99063
  },
  {
    "seed": 99098
  },
  {
    "seed": 99123
  },
  {
    "seed": 99192
  },
  {
    "seed": 99249
  },
  {
    "seed": 99320
  },
  {
    "seed": 99355
  },
  {
    "seed": 99427
  },
  {
    "seed": 99428
  },
  {
    "seed": 99452
  },
  {
    "seed": 99549
  },
  {
    "seed": 99907
  },
  {
    "seed": 99910
  },
  {
    "seed": 99923
  }
]