[
  {
    "seed": 10
  },
  {
    "seed": 476
  },
  {
    "seed": 851
  },
  {
    "seed": 900
  },
  {
    "seed": 1686
  },
  {
    "seed": 2445
  },
  {
    "seed": 3172
  },
  {
    "seed": 4263
  },
  {
    "seed": 5832
  },
  {
    "seed": 6040
  },
  {
    "seed": 8091
  },
  {
    "seed": 8509
  },
  {
    "seed": 8615
  },
  {
    "seed": 10883
  },
  {
    "seed": 11805
  },
  {
    "seed": 13865
  },
  {
    "seed": 13886
  },
  {
    "seed": 16196
  },
  {
    "seed": 18419
  },
  {
    "seed": 18614
  },
  {
    "seed": 18835
  },
  {
    "seed": 19210
  },
  {
    "seed": 19571
  },
  {
    "seed": 20061
  },
  {
    "seed": 20615
  },
  {
    "seed": 21154
  },
  {
    "seed": 22203
  },
  {
    "seed": 22696
  },
  {
    "seed": 23194
  },
  {
    "seed": 23263
  },
  {
    "seed": 23840
  },
  {
    "seed": 25390
  },
  {
    "seed": 26778
  },
  {
    "seed": 28192
  },
  {
    "seed": 28399
  },
  {
    "seed": 28965
  },
  {
    "seed": 29065
  },
  {
    "seed": 29413
  },
  {
    "seed": 30180
  },
  {
    "seed": 30281
  },
  {
    "seed": 30516
  },
  {
    "seed": 31536
  },
  {
    "seed": 33841
  },
  {
    "seed": 33888
  },
  {
    "seed": 34062
  },
  {
    "seed": 34381
  },
  {
    "seed": 34989
  },
  {
    "seed": 35527
  },
  {
    "seed": 36434
  },
  {
    "seed": 37689
  },
  {
    "seed": 38192
  },
  {
    "seed": 39296
  },
  {
    "seed": 39651
  },
  {
    "seed": 40446
  },
  {
    "seed": 40810
  },
  {
    "seed": 41006
  },
  {
    "seed": 42005
  },
  {
    "seed": 42402
  },
  {
    "seed": 42788
  },
  {
    "seed": 45145
  },
  {
    "seed": 46658
  },
  {
    "seed": 47024
  },
  {
    "seed": 47322
  },
  {
    "seed": 47807
  },
  {
    "seed": 48717
  },
  {
    "seed": 48952
  },
  {
    "seed": 50060
  },
  {
    "seed": 50317
  },
  {
    "seed": 50548
  },
  {
    "seed": 51010
  },
  {
    "seed": 51097
  },
  {
    "seed": 51622
  },
  {
    "seed": 51847
  },
  {
    "seed": 52199
  },
  {
    "seed": 53076
  },
  {
    "seed": 53661
  },
  {
    "seed": 53941
  },
  {
    "seed": 54538
  },
  {
    "seed": 54710
  },
  {
    "seed": 54852
  },
  {
    "seed": 55371
  },
  {
    "seed": 56574
  },
  {
    "seed": 57374
  },
  {
    "seed": 57970
  },
  {
    "seed": 58532
  },
  {
    "seed": 59372
  },
  {
    "seed": 59770
  },
  {
    "seed": 60908
  },
  {
    "seed": 61413
  },
  {
    "seed": 62797
  },
  {
    "seed": 64602
  },
  {
    "seed": 65052
  },
  {
    "seed": 65089
  },
  {
    "seed": 65728
  },
  {
    "seed": 66539
  },
  {
    "seed": 66868
  },
  {
    "seed": 68748
  },
  {
    "seed": 69885
  },
  {
    "seed": 70380
  },
  {
    "seed": 71208
  },
  {
    "seed": 71263
  },
  {
    "seed": 72992
  },
  {
    "seed": 73119
  },
  {
    "seed": 74535
  },
  {
    "seed": 75651
  },
  {
    "seed": 75816
  },
  {
    "seed": 76041
  },
  {
    "seed": 76585
  },
  {
    "seed": 77388
  },
  {
    "seed": 77520
  },
  {
    "seed": 77805
  },
  {
    "seed": 79664
  },
  {
    "seed": 80725
  },
  {
    "seed": 80832
  },
  {
    "seed": 81716
  },
  {
    "seed": 82068
  },
  {
    "seed": 83663
  },
  {
    "seed": 83841
  },
  {
    "seed": 84110
  },
  {
    "seed": 84126
  },
  {
    "seed": 84320
  },
  {
    "seed": 85308
  },
  {
    "seed": 85546
  },
  {
    "seed": 85811
  },
  {
    "seed": 86495
  },
  {
    "seed": 88136
  },
  {
    "seed": 90553
  },
  {
    "seed": 90690
  },
  {
    "seed": 90921
  },
  {
    "seed": 91188
  },
  {
    "seed": 91381
  },
  {
    "seed": 92903
  },
  {
    "seed": 93437
  },
  {
    "seed": 93951
  },
  {
    "seed": 95402
  },
  {
    "seed": 96217
  },
  {
    "seed": 96538
  },
  {
    "seed": 98312
  },
  {
    "seed": 99632
  },
  {
    "seed": 99767
  }
]