[
  {
    "seed": 17
  },
  {
    "seed": 116
  },
  {
    "seed": 170
  },
  {
    "seed": 195
  },
  {
    "seed": 226
  },
  {
    "seed": 270
  },
  {
    "seed": 276
  },
  {
    "seed": 335
  },
  {
    "seed": 715
  },
  {
    "seed": 810
  },
  {
    "seed": 1061
  },
  {
    "seed": 1099
  },
  {
    "seed": 1218
  },
  {
    "seed": 1237
  },
  {
    "seed": 1315
  },
  {
    "seed": 1404
  },
  {
    "seed": 1424
  },
  {
    "seed": 1592
  },
  {
    "seed": 1620
  },
  {
    "seed": 1713
  },
  {
    "seed": 1885
  },
  {
    "seed": 1894
  },
  {
    "seed": 1907
  },
  {
    "seed": 1935
  },
  {
    "seed": 1951
  },
  {
    "seed": 1999
  },
  {
    "seed": 2001
  },
  {
    "seed": 2011
  },
  {
    "seed": 2102
  },
  {
    "seed": 2323
  },
  {
    "seed": 2638
  },
  {
    "seed": 2739
  },
  {
    "seed": 2765
  },
  {
    "seed": 2909
  },
  {
    "seed": 2910
  },
  {
    "seed": 2954
  },
  {
    "seed": 2971
  },
  {
    "seed": 3009
  },
  {
    "seed": 3079
  },
  {
    "seed": 3089
  },
  {
    "seed": 3124
  },
  {
    "seed": 3143
  },
  {
    "seed": 3228
  },
  {
    "seed": 3235
  },
  {
    "seed": 3651
  },
  {
    "seed": 3700
  },
  {
    "seed": 3756
  },
  {
    "seed": 3819
  },
  {
    "seed": 3898
  },
  {
    "seed": 3965
  },
  {
    "seed": 4009
  },
  {
    "seed": 4216
  },
  {
    "seed": 4356
  },
  {
    "seed": 4407
  },
  {
    "seed": 4588
  },
  {
    "seed": 4628
  },
  {
    "seed": 4686
  },
  {
    "seed": 4713
  },
  {
    "seed": 4823
  },
  {
    "seed": 4846
  },
  {
    "seed": 5023
  },
  {
    "seed": 5187
  },
  {
    "seed": 5231
  },
  {
    "seed": 5277
  },
  {
    "seed": 5584
  },
  {
    "seed": 5640
  },
  {
    "seed": 5807
  },
  {
    "seed": 5810
  },
  {
    "seed": 5882
  },
  {
    "seed": 5918
  },
  {
    "seed": 5968
  },
  {
    "seed": 5973
  },
  {
    "seed": 6155
  },
  {
    "seed": 6220
  },
  {
    "seed": 6285
  },
  {
    "seed": 6298
  },
  {
    "seed": 6395
  },
  {
    "seed": 6478
  },
  {
    "seed": 6530
  },
  {
    "seed": 6569
  },
  {
    "seed": 6690
  },
  {
    "seed": 6766
  },
  {
    "seed": 6870
  },
  {
    "seed": 6879
  },
  {
    "seed": 6957
  },
  {
    "seed": 7074
  },
  {
    "seed": 7174
  },
  {
    "seed": 7376
  },
  {
    "seed": 7426
  },
  {
    "seed": 7507
  },
  {
    "seed": 7594
  },
  {
    "seed": 7709
  },
  {
    "seed": 7992
  },
  {
    "seed": 8071
  },
  {
    "seed": 8076
  },
  {
    "seed": 8216
  },
  {
    "seed": 8227
  },
  {
    "seed": 8284
  },
  {
    "seed": 8418
  },
  {
    "seed": 8614
  },
  {
    "seed": 8846
  },
  {
    "seed": 9197
  },
  {
    "seed": 9697
  },
  {
    "seed": 9827
  },
  {
    "seed": 9874
  },
  {
    "seed": 9911
  },
  {
    "seed": 9932
  },
  {
    "seed": 9966
  },
  {
    "seed": 10064
  },
  {
    "seed": 10090
  },
  {
    "seed": 10138
  },
  {
    "seed": 10180
  },
  {
    "seed": 10198
  },
  {
    "seed": 10245
  },
  {
    "seed": 10437
  },
  {
    "seed": 10491
  },
  {
    "seed": 10566
  },
  {
    "seed": 10669
  },
  {
    "seed": 10677
  },
  {
    "seed": 10929
  },
  {
    "seed": 10985
  },
  {
    "seed": 11032
  },
  {
    "seed": 11145
  },
  {
    "seed": 11321
  },
  {
    "seed": 11331
  },
  {
    "seed": 11577
  },
  {
    "seed": 11623
  },
  {
    "seed": 11730
  },
  {
    "seed": 11868
  },
  {
    "seed": 11895
  },
  {
    "seed": 12057
  },
  {
    "seed": 12058
  },
  {
    "seed": 12082
  },
  {
    "seed": 12107
  },
  {
    "seed": 12152
  },
  {
    "seed": 12355
  },
  {
    "seed": 12516
  },
  {
    "seed": 12525
  },
  {
    "seed": 12612
  },
  {
    "seed": 12706
  },
  {
    "seed": 12828
  },
  {
    "seed": 12832
  },
  {
    "seed": 12862
  },
  {
    "seed": 12971
  },
  {
    "seed": 13040
  },
  {
    "seed": 13054
  },
  {
    "seed": 13075
  },
  {
    "seed": 13120
  },
  {
    "seed": 13400
  },
  {
    "seed": 13466
  },
  {
    "seed": 13874
  },
  {
    "seed": 14003
  },
  {
    "seed": 14225
  },
  {
    "seed": 14263
  },
  {
    "seed": 14435
  },
  {
    "seed": 14599
  },
  {
    "seed": 14614
  },
  {
    "seed": 14756
  },
  {
    "seed": 14769
  },
  {
    "seed": 14781
  },
  {
    "seed": 14968
  },
  {
    "seed": 15166
  },
  {
    "seed": 15312
  },
  {
    "seed": 15343
  },
  {
    "seed": 15481
  },
  {
    "seed": 15691
  },
  {
    "seed": 15761
  },
  {
    "seed": 15794
  },
  {
    "seed": 16014
  },
  {
    "seed": 16293
  },
  {
    "seed": 16522
  },
  {
    "seed": 16553
  },
  {
    "seed": 16591
  },
  {
    "seed": 16621
  },
  {
    "seed": 16710
  },
  {
    "seed": 16751
  },
  {
    "seed": 16777
  },
  {
    "seed": 16890
  },
  {
    "seed": 16979
  },
  {
    "seed": 16980
  },
  {
    "seed": 17045
  },
  {
    "seed": 17062
  },
  {
    "seed": 17069
  },
  {
    "seed": 17070
  },
  {
    "seed": 17155
  },
  {
    "seed": 17232
  },
  {
    "seed": 17380
  },
  {
    "seed": 17426
  },
  {
    "seed": 17471
  },
  {
    "seed": 17561
  },
  {
    "seed": 17617
  },
  {
    "seed": 17649
  },
  {
    "seed": 17771
  },
  {
    "seed": 17951
  },
  {
    "seed": 18089
  },
  {
    "seed": 18103
  },
  {
    "seed": 18157
  },
  {
    "seed": 18198
  },
  {
    "seed": 18332
  },
  {
    "seed": 18351
  },
  {
    "seed": 18485
  },
  {
    "seed": 18502
  },
  {
    "seed": 18637
  },
  {
    "seed": 18642
  },
  {
    "seed": 18643
  },
  {
    "seed": 18908
  },
  {
    "seed": 19005
  },
  {
    "seed": 19111
  },
  {
    "seed": 19230
  },
  {
    "seed": 19257
  },
  {
    "seed": 19433
  },
  {
    "seed": 19660
  },
  {
    "seed": 20054
  },
  {
    "seed": 20108
  },
  {
    "seed": 20267
  },
  {
    "seed": 20295
  },
  {
    "seed": 20425
  },
  {
    "seed": 20506
  },
  {
    "seed": 20515
  },
  {
    "seed": 20689
  },
  {
    "seed": 20756
  },
  {
    "seed": 21056
  },
  {
    "seed": 21065
  },
  {
    "seed": 21146
  },
  {
    "seed": 21181
  },
  {
    "seed": 21198
  },
  {
    "seed": 21410
  },
  {
    "seed": 21525
  },
  {
    "seed": 21683
  },
  {
    "seed": 21845
  },
  {
    "seed": 22104
  },
  {
    "seed": 22259
  },
  {
    "seed": 22395
  },
  {
    "seed": 22482
  },
  {
    "seed": 22498
  },
  {
    "seed": 22571
  },
  {
    "seed": 22632
  },
  {
    "seed": 22684
  },
  {
    "seed": 22722
  },
  {
    "seed": 22968
  },
  {
    "seed": 23222
  },
  {
    "seed": 23469
  },
  {
    "seed": 23504
  },
  {
    "seed": 23535
  },
  {
    "seed": 23549
  },
  {
    "seed": 23667
  },
  {
    "seed": 23807
  },
  {
    "seed": 23939
  },
  {
    "seed": 23989
  },
  {
    "seed": 24238
  },
  {
    "seed": 24247
  },
  {
    "seed": 24377
  },
  {
    "seed": 24464
  },
  {
    "seed": 24480
  },
  {
    "seed": 24506
  },
  {
    "seed": 24511
  },
  {
    "seed": 24562
  },
  {
    "seed": 24567
  },
  {
    "seed": 24612
  },
  {
    "seed": 24618
  },
  {
    "seed": 24793
  },
  {
    "seed": 25018
  },
  {
    "seed": 25037
  },
  {
    "seed": 25108
  },
  {
    "seed": 25113
  },
  {
    "seed": 25131
  },
  {
    "seed": 25163
  },
  {
    "seed": 25217
  },
  {
    "seed": 25233
  },
  {
    "seed": 25340
  },
  {
    "seed": 25364
  },
  {
    "seed": 25586
  },
  {
    "seed": 25598
  },
  {
    "seed": 25603
  },
  {
    "seed": 25667
  },
  {
    "seed": 25688
  },
  {
    "seed": 25784
  },
  {
    "seed": 25788
  },
  {
    "seed": 25806
  },
  {
    "seed": 25827
  },
  {
    "seed": 25839
  },
  {
    "seed": 25911
  },
  {
    "seed": 25976
  },
  {
    "seed": 26014
  },
  {
    "seed": 26205
  },
  {
    "seed": 26211
  },
  {
    "seed": 26477
  },
  {
    "seed": 26496
  },
  {
    "seed": 26499
  },
  {
    "seed": 26512
  },
  {
    "seed": 26855
  },
  {
    "seed": 26911
  },
  {
    "seed": 26916
  },
  {
    "seed": 27011
  },
  {
    "seed": 27116
  },
  {
    "seed": 27181
  },
  {
    "seed": 27195
  },
  {
    "seed": 27248
  },
  {
    "seed": 27460
  },
  {
    "seed": 27462
  },
  {
    "seed": 27474
  },
  {
    "seed": 27816
  },
  {
    "seed": 27873
  },
  {
    "seed": 28074
  },
  {
    "seed": 28126
  },
  {
    "seed": 28143
  },
  {
    "seed": 28200
  },
  {
    "seed": 28318
  },
  {
    "seed": 28325
  },
  {
    "seed": 28374
  },
  {
    "seed": 28409
  },
  {
    "seed": 28411
  },
  {
    "seed": 28553
  },
  {
    "seed": 28733
  },
  {
    "seed": 28741
  },
  {
    "seed": 28754
  },
  {
    "seed": 28771
  },
  {
    "seed": 28817
  },
  {
    "seed": 28939
  },
  {
    "seed": 28982
  },
  {
    "seed": 29195
  },
  {
    "seed": 29377
  },
  {
    "seed": 29422
  },
  {
    "seed": 29561
  },
  {
    "seed": 29565
  },
  {
    "seed": 29614
  },
  {
    "seed": 29621
  },
  {
    "seed": 29723
  },
  {
    "seed": 29760
  },
  {
    "seed": 29913
  },
  {
    "seed": 29939
  },
  {
    "seed": 30301
  },
  {
    "seed": 30327
  },
  {
    "seed": 30350
  },
  {
    "seed": 30403
  },
  {
    "seed": 30547
  },
  {
    "seed": 30569
  },
  {
    "seed": 30579
  },
  {
    "seed": 30587
  },
  {
    "seed": 30644
  },
  {
    "seed": 30682
  },
  {
    "seed": 30700
  },
  {
    "seed": 30891
  },
  {
    "seed": 30982
  },
  {
    "seed": 30995
  },
  {
    "seed": 31008
  },
  {
    "seed": 31015
  },
  {
    "seed": 31124
  },
  {
    "seed": 31179
  },
  {
    "seed": 31402
  },
  {
    "seed": 31416
  },
  {
    "seed": 31433
  },
  {
    "seed": 31447
  },
  {
    "seed": 31549
  },
  {
    "seed": 31732
  },
  {
    "seed": 31733
  },
  {
    "seed": 31827
  },
  {
    "seed": 31882
  },
  {
    "seed": 31933
  },
  {
    "seed": 32148
  },
  {
    "seed": 32241
  },
  {
    "seed": 32268
  },
  {
    "seed": 32271
  },
  {
    "seed": 32309
  },
  {
    "seed": 32457
  },
  {
    "seed": 32496
  },
  {
    "seed": 32502
  },
  {
    "seed": 32546
  },
  {
    "seed": 32581
  },
  {
    "seed": 32783
  },
  {
    "seed": 32875
  },
  {
    "seed": 32906
  },
  {
    "seed": 32936
  },
  {
    "seed": 32985
  },
  {
    "seed": 33091
  },
  {
    "seed": 33204
  },
  {
    "seed": 33290
  },
  {
    "seed": 33373
  },
  {
    "seed": 33585
  },
  {
    "seed": 33601
  },
  {
    "seed": 33650
  },
  {
    "seed": 33842
  },
  {
    "seed": 33910
  },
  {
    "seed": 34020
  },
  {
    "seed": 34056
  },
  {
    "seed": 34074
  },
  {
    "seed": 34255
  },
  {
    "seed": 34432
  },
  {
    "seed": 34578
  },
  {
    "seed": 34702
  },
  {
    "seed": 34723
  },
  {
    "seed": 34783
  },
  {
    "seed": 34992
  },
  {
    "seed": 35019
  },
  {
    "seed": 35027
  },
  {
    "seed": 35087
  },
  {
    "seed": 35157
  },
  {
    "seed": 35337
  },
  {
    "seed": 35406
  },
  {
    "seed": 35409
  },
  {
    "seed": 35500
  },
  {
    "seed": 35558
  },
  {
    "seed": 35609
  },
  {
    "seed": 35619
  },
  {
    "seed": 35710
  },
  {
    "seed": 35765
  },
  {
    "seed": 35771
  },
  {
    "seed": 36009
  },
  {
    "seed": 36255
  },
  {
    "seed": 36352
  },
  {
    "seed": 36394
  },
  {
    "seed": 36472
  },
  {
    "seed": 36684
  },
  {
    "seed": 36696
  },
  {
    "seed": 36937
  },
  {
    "seed": 36981
  },
  {
    "seed": 37005
  },
  {
    "seed": 37135
  },
  {
    "seed": 37220
  },
  {
    "seed": 37408
  },
  {
    "seed": 37444
  },
  {
    "seed": 37485
  },
  {
    "seed": 37630
  },
  {
    "seed": 37731
  },
  {
    "seed": 37908
  },
  {
    "seed": 37994
  },
  {
    "seed": 38021
  },
  {
    "seed": 38135
  },
  {
    "seed": 38140
  },
  {
    "seed": 38253
  },
  {
    "seed": 38254
  },
  {
    "seed": 38263
  },
  {
    "seed": 38572
  },
  {
    "seed": 38573
  },
  {
    "seed": 38617
  },
  {
    "seed": 38736
  },
  {
    "seed": 38790
  },
  {
    "seed": 38958
  },
  {
    "seed": 38981
  },
  {
    "seed": 38998
  },
  {
    "seed": 39291
  },
  {
    "seed": 39301
  },
  {
    "seed": 39461
  },
  {
    "seed": 39472
  },
  {
    "seed": 39517
  },
  {
    "seed": 39804
  },
  {
    "seed": 39857
  },
  {
    "seed": 39870
  },
  {
    "seed": 40251
  },
  {
    "seed": 40287
  },
  {
    "seed": 40305
  },
  {
    "seed": 40337
  },
  {
    "seed": 40661
  },
  {
    "seed": 40783
  },
  {
    "seed": 41090
  },
  {
    "seed": 41165
  },
  {
    "seed": 41259
  },
  {
    "seed": 41357
  },
  {
    "seed": 41499
  },
  {
    "seed": 41830
  },
  {
    "seed": 41844
  },
  {
    "seed": 42093
  },
  {
    "seed": 42100
  },
  {
    "seed": 42163
  },
  {
    "seed": 42297
  },
  {
    "seed": 42356
  },
  {
    "seed": 42364
  },
  {
    "seed": 42463
  },
  {
    "seed": 42487
  },
  {
    "seed": 42506
  },
  {
    "seed": 42517
  },
  {
    "seed": 42520
  },
  {
    "seed": 42594
  },
  {
    "seed": 42617
  },
  {
    "seed": 42654
  },
  {
    "seed": 42657
  },
  {
    "seed": 42679
  },
  {
    "seed": 42690
  },
  {
    "seed": 42752
  },
  {
    "seed": 42791
  },
  {
    "seed": 42838
  },
  {
    "seed": 42994
  },
  {
    "seed": 43201
  },
  {
    "seed": 43237
  },
  {
    "seed": 43335
  },
  {
    "seed": 43482
  },
  {
    "seed": 43508
  },
  {
    "seed": 43644
  },
  {
    "seed": 43673
  },
  {
    "seed": 43724
  },
  {
    "seed": 43771
  },
  {
    "seed": 43772
  },
  {
    "seed": 44243
  },
  {
    "seed": 44378
  },
  {
    "seed": 44417
  },
  {
    "seed": 44429
  },
  {
    "seed": 44510
  },
  {
    "seed": 44550
  },
  {
    "seed": 44700
  },
  {
    "seed": 45071
  },
  {
    "seed": 45099
  },
  {
    "seed": 45198
  },
  {
    "seed": 45231
  },
  {
    "seed": 45303
  },
  {
    "seed": 45428
  },
  {
    "seed": 45429
  },
  {
    "seed": 45491
  },
  {
    "seed": 45535
  },
  {
    "seed": 45664
  },
  {
    "seed": 45687
  },
  {
    "seed": 45771
  },
  {
    "seed": 45991
  },
  {
    "seed": 46005
  },
  {
    "seed": 46171
  },
  {
    "seed": 46629
  },
  {
    "seed": 46715
  },
  {
    "seed": 46974
  },
  {
    "seed": 47020
  },
  {
    "seed": 47109
  },
  {
    "seed": 47147
  },
  {
    "seed": 47294
  },
  {
    "seed": 47380
  },
  {
    "seed": 47480
  },
  {
    "seed": 47486
  },
  {
    "seed": 47526
  },
  {
    "seed": 47532
  },
  {
    "seed": 47579
  },
  {
    "seed": 47759
  },
  {
    "seed": 47801
  },
  {
    "seed": 48063
  },
  {
    "seed": 48106
  },
  {
    "seed": 48124
  },
  {
    "seed": 48205
  },
  {
    "seed": 48219
  },
  {
    "seed": 48424
  },
  {
    "seed": 48447
  },
  {
    "seed": 48522
  },
  {
    "seed": 48640
  },
  {
    "seed": 48710
  },
  {
    "seed": 48835
  },
  {
    "seed": 48941
  },
  {
    "seed": 48961
  },
  {
    "seed": 49009
  },
  {
    "seed": 49235
  },
  {
    "seed": 49247
  },
  {
    "seed": 49337
  },
  {
    "seed": 49464
  },
  {
    "seed": 49497
  },
  {
    "seed": 49586
  },
  {
    "seed": 49675
  },
  {
    "seed": 49804
  },
  {
    "seed": 49839
  },
  {
    "seed": 50244
  },
  {
    "seed": 50268
  },
  {
    "seed": 50325
  },
  {
    "seed": 50471
  },
  {
    "seed": 50578
  },
  {
    "seed": 50686
  },
  {
    "seed": 50736
  },
  {
    "seed": 50758
  },
  {
    "seed": 50835
  },
  {
    "seed": 51228
  },
  {
    "seed": 51396
  },
  {
    "seed": 51445
  },
  {
    "seed": 51528
  },
  {
    "seed": 51727
  },
  {
    "seed": 51770
  },
  {
    "seed": 51830
  },
  {
    "seed": 51859
  },
  {
    "seed": 51997
  },
  {
    "seed": 52007
  },
  {
    "seed": 52103
  },
  {
    "seed": 52405
  },
  {
    "seed": 52776
  },
  {
    "seed": 52864
  },
  {
    "seed": 53143
  },
  {
    "seed": 53146
  },
  {
    "seed": 53156
  },
  {
    "seed": 53218
  },
  {
    "seed": 53276
  },
  {
    "seed": 53332
  },
  {
    "seed": 53523
  },
  {
    "seed": 53549
  },
  {
    "seed": 53606
  },
  {
    "seed": 53662
  },
  {
    "seed": 53786
  },
  {
    "seed": 53789
  },
  {
    "seed": 53807
  },
  {
    "seed": 53833
  },
  {
    "seed": 53895
  },
  {
    "seed": 53987
  },
  {
    "seed": 53988
  },
  {
    "seed": 54160
  },
  {
    "seed": 54188
  },
  {
    "seed": 54191
  },
  {
    "seed": 54324
  },
  {
    "seed": 54435
  },
  {
    "seed": 54441
  },
  {
    "seed": 54475
  },
  {
    "seed": 54809
  },
  {
    "seed": 54998
  },
  {
    "seed": 55156
  },
  {
    "seed": 55246
  },
  {
    "seed": 55266
  },
  {
    "seed": 55401
  },
  {
    "seed": 55548
  },
  {
    "seed": 55664
  },
  {
    "seed": 55797
  },
  {
    "seed": 55844
  },
  {
    "seed": 55848
  },
  {
    "seed": 55958
  },
  {
    "seed": 56024
  },
  {
    "seed": 56302
  },
  {
    "seed": 56304
  },
  {
    "seed": 56332
  },
  {
    "seed": 56361
  },
  {
    "seed": 56388
  },
  {
    "seed": 56426
  },
  {
    "seed": 56609
  },
  {
    "seed": 56796
  },
  {
    "seed": 56855
  },
  {
    "seed": 56872
  },
  {
    "seed": 56902
  },
  {
    "seed": 57024
  },
  {
    "seed": 57082
  },
  {
    "seed": 57364
  },
  {
    "seed": 57525
  },
  {
    "seed": 57589
  },
  {
    "seed": 57624
  },
  {
    "seed": 57714
  },
  {
    "seed": 57804
  },
  {
    "seed": 57860
  },
  {
    "seed": 57900
  },
  {
    "seed": 57967
  },
  {
    "seed": 58043
  },
  {
    "seed": 58048
  },
  {
    "seed": 58144
  },
  {
    "seed": 58194
  },
  {
    "seed": 58264
  },
  {
    "seed": 58313
  },
  {
    "seed": 58367
  },
  {
    "seed": 58416
  },
  {
    "seed": 58505
  },
  {
    "seed": 58565
  },
  {
    "seed": 58604
  },
  {
    "seed": 58897
  },
  {
    "seed": 59064
  },
  {
    "seed": 59135
  },
  {
    "seed": 59162
  },
  {
    "seed": 59320
  },
  {
    "seed": 59335
  },
  {
    "seed": 59470
  },
  {
    "seed": 59635
  },
  {
    "seed": 59671
  },
  {
    "seed": 59682
  },
  {
    "seed": 59759
  },
  {
    "seed": 59889
  },
  {
    "seed": 60108
  },
  {
    "seed": 60236
  },
  {
    "seed": 60323
  },
  {
    "seed": 60330
  },
  {
    "seed": 60346
  },
  {
    "seed": 60533
  },
  {
    "seed": 60554
  },
  {
    "seed": 60593
  },
  {
    "seed": 60601
  },
  {
    "seed": 60948
  },
  {
    "seed": 61027
  },
  {
    "seed": 61118
  },
  {
    "seed": 61205
  },
  {
    "seed": 61286
  },
  {
    "seed": 61405
  },
  {
    "seed": 61662
  },
  {
    "seed": 61780
  },
  {
    "seed": 61905
  },
  {
    "seed": 61918
  },
  {
    "seed": 61936
  },
  {
    "seed": 61979
  },
  {
    "seed": 62162
  },
  {
    "seed": 62192
  },
  {
    "seed": 62242
  },
  {
    "seed": 62341
  },
  {
    "seed": 62346
  },
  {
    "seed": 62468
  },
  {
    "seed": 62691
  },
  {
    "seed": 62762
  },
  {
    "seed": 62841
  },
  {
    "seed": 62964
  },
  {
    "seed": 62974
  },
  {
    "seed": 63231
  },
  {
    "seed": 63259
  },
  {
    "seed": 63269
  },
  {
    "seed": 63695
  },
  {
    "seed": 63715
  },
  {
    "seed": 63784
  },
  {
    "seed": 64007
  },
  {
    "seed": 64212
  },
  {
    "seed": 64224
  },
  {
    "seed": 64435
  },
  {
    "seed": 64645
  },
  {
    "seed": 64658
  },
  {
    "seed": 64783
  },
  {
    "seed": 64968
  },
  {
    "seed": 64987
  },
  {
    "seed": 65094
  },
  {
    "seed": 65111
  },
  {
    "seed": 65121
  },
  {
    "seed": 65196
  },
  {
    "seed": 65395
  },
  {
    "seed": 65504
  },
  {
    "seed": 65615
  },
  {
    "seed": 65703
  },
  {
    "seed": 65792
  },
  {
    "seed": 65897
  },
  {
    "seed": 65957
  },
  {
    "seed": 66037
  },
  {
    "seed": 66193
  },
  {
    "seed": 66205
  },
  {
    "seed": 66217
  },
  {
    "seed": 66254
  },
  {
    "seed": 66264
  },
  {
    "seed": 66350
  },
  {
    "seed": 66537
  },
  {
    "seed": 66645
  },
  {
    "seed": 67133
  },
  {
    "seed": 67227
  },
  {
    "seed": 67357
  },
  {
    "seed": 67537
  },
  {
    "seed": 67699
  },
  {
    "seed": 67949
  },
  {
    "seed": 68167
  },
  {
    "seed": 68239
  },
  {
    "seed": 68276
  },
  {
    "seed": 68277
  },
  {
    "seed": 68278
  },
  {
    "seed": 68295
  },
  {
    "seed": 68399
  },
  {
    "seed": 68412
  },
  {
    "seed": 68468
  },
  {
    "seed": 68646
  },
  {
    "seed": 68762
  },
  {
    "seed": 68843
  },
  {
    "seed": 68867
  },
  {
    "seed": 68907
  },
  {
    "seed": 68959
  },
  {
    "seed": 69121
  },
  {
    "seed": 69303
  },
  {
    "seed": 69393
  },
  {
    "seed": 69418
  },
  {
    "seed": 69489
  },
  {
    "seed": 69592
  },
  {
    "seed": 69613
  },
  {
    "seed": 69943
  },
  {
    "seed": 70208
  },
  {
    "seed": 70254
  },
  {
    "seed": 70557
  },
  {
    "seed": 70582
  },
  {
    "seed": 70652
  },
  {
    "seed": 70790
  },
  {
    "seed": 70795
  },
  {
    "seed": 70801
  },
  {
    "seed": 70931
  },
  {
    "seed": 70988
  },
  {
    "seed": 71114
  },
  {
    "seed": 71547
  },
  {
    "seed": 71679
  },
  {
    "seed": 71992
  },
  {
    "seed": 72064
  },
  {
    "seed": 72175
  },
  {
    "seed": 72207
  },
  {
    "seed": 72268
  },
  {
    "seed": 72273
  },
  {
    "seed": 72282
  },
  {
    "seed": 72300
  },
  {
    "seed": 72347
  },
  {
    "seed": 72358
  },
  {
    "seed": 72722
  },
  {
    "seed": 72775
  },
  {
    "seed": 72846
  },
  {
    "seed": 72862
  },
  {
    "seed": 72882
  },
  {
    "seed": 72929
  },
  {
    "seed": 72931
  },
  {
    "seed": 73123
  },
  {
    "seed": 73289
  },
  {
    "seed": 73413
  },
  {
    "seed": 73721
  },
  {
    "seed": 73777
  },
  {
    "seed": 73830
  },
  {
    "seed": 73889
  },
  {
    "seed": 74023
  },
  {
    "seed": 74054
  },
  {
    "seed": 74164
  },
  {
    "seed": 74199
  },
  {
    "seed": 74252
  },
  {
    "seed": 74288
  },
  {
    "seed": 74382
  },
  {
    "seed": 74444
  },
  {
    "seed": 74546
  },
  {
    "seed": 74586
  },
  {
    "seed": 74648
  },
  {
    "seed": 74744
  },
  {
    "seed": 74746
  },
  {
    "seed": 74772
  },
  {
    "seed": 74893
  },
  {
    "seed": 74897
  },
  {
    "seed": 75090
  },
  {
    "seed": 75096
  },
  {
    "seed": 75145
  },
  {
    "seed": 75158
  },
  {
    "seed": 75418
  },
  {
    "seed": 75489
  },
  {
    "seed": 75543
  },
  {
    "seed": 75581
  },
  {
    "seed": 75644
  },
  {
    "seed": 75749
  },
  {
    "seed": 75839
  },
  {
    "seed": 75892
  },
  {
    "seed": 75912
  },
  {
    "seed": 76103
  },
  {
    "seed": 76198
  },
  {
    "seed": 76221
  },
  {
    "seed": 76233
  },
  {
    "seed": 76558
  },
  {
    "seed": 76620
  },
  {
    "seed": 76777
  },
  {
    "seed": 76778
  },
  {
    "seed": 76936
  },
  {
    "seed": 77198
  },
  {
    "seed": 77363
  },
  {
    "seed": 77657
  },
  {
    "seed": 77672
  },
  {
    "seed": 77694
  },
  {
    "seed": 77716
  },
  {
    "seed": 77803
  },
  {
    "seed": 77852
  },
  {
    "seed": 78139
  },
  {
    "seed": 78158
  },
  {
    "seed": 78172
  },
  {
    "seed": 78276
  },
  {
    "seed": 78368
  },
  {
    "seed": 78579
  },
  {
    "seed": 78600
  },
  {
    "seed": 78606
  },
  {
    "seed": 78840
  },
  {
    "seed": 78880
  },
  {
    "seed": 78947
  },
  {
    "seed": 78992
  },
  {
    "seed": 79168
  },
  {
    "seed": 79232
  },
  {
    "seed": 79240
  },
  {
    "seed": 79366
  },
  {
    "seed": 79422
  },
  {
    "seed": 79583
  },
  {
    "seed": 79656
  },
  {
    "seed": 79658
  },
  {
    "seed": 79727
  },
  {
    "seed": 79764
  },
  {
    "seed": 79783
  },
  {
    "seed": 79801
  },
  {
    "seed": 79873
  },
  {
    "seed": 79876
  },
  {
    "seed": 79924
  },
  {
    "seed": 79981
  },
  {
    "seed": 80066
  },
  {
    "seed": 80129
  },
  {
    "seed": 80145
  },
  {
    "seed": 80236
  },
  {
    "seed": 80387
  },
  {
    "seed": 80489
  },
  {
    "seed": 80687
  },
  {
    "seed": 80737
  },
  {
    "seed": 80778
  },
  {
    "seed": 80981
  },
  {
    "seed": 81075
  },
  {
    "seed": 81102
  },
  {
    "seed": 81107
  },
  {
    "seed": 81136
  },
  {
    "seed": 81137
  },
  {
    "seed": 81244
  },
  {
    "seed": 81338
  },
  {
    "seed": 81396
  },
  {
    "seed": 81456
  },
  {
    "seed": 81461
  },
  {
    "seed": 81529
  },
  {
    "seed": 81579
  },
  {
    "seed": 81593
  },
  {
    "seed": 81621
  },
  {
    "seed": 81628
  },
  {
    "seed": 81641
  },
  {
    "seed": 81646
  },
  {
    "seed": 82069
  },
  {
    "seed": 82119
  },
  {
    "seed": 82146
  },
  {
    "seed": 82368
  },
  {
    "seed": 82645
  },
  {
    "seed": 82673
  },
  {
    "seed": 82739
  },
  {
    "seed": 82788
  },
  {
    "seed": 82798
  },
  {
    "seed": 82878
  },
  {
    "seed": 83028
  },
  {
    "seed": 83060
  },
  {
    "seed": 83106
  },
  {
    "seed": 83195
  },
  {
    "seed": 83222
  },
  {
    "seed": 83332
  },
  {
    "seed": 83456
  },
  {
    "seed": 83488
  },
  {
    "seed": 83604
  },
  {
    "seed": 83613
  },
  {
    "seed": 83890
  },
  {
    "seed": 84099
  },
  {
    "seed": 84214
  },
  {
    "seed": 84267
  },
  {
    "seed": 84452
  },
  {
    "seed": 84539
  },
  {
    "seed": 84748
  },
  {
    "seed": 84909
  },
  {
    "seed": 84968
  },
  {
    "seed": 85083
  },
  {
    "seed": 85109
  },
  {
    "seed": 85112
  },
  {
    "seed": 85113
  },
  {
    "seed": 85123
  },
  {
    "seed": 85255
  },
  {
    "seed": 85287
  },
  {
    "seed": 85543
  },
  {
    "seed": 85585
  },
  {
    "seed": 85758
  },
  {
    "seed": 85769
  },
  {
    "seed": 85808
  },
  {
    "seed": 85859
  },
  {
    "seed": 86054
  },
  {
    "seed": 86086
  },
  {
    "seed": 86426
  },
  {
    "seed": 86572
  },
  {
    "seed": 86724
  },
  {
    "seed": 86729
  },
  {
    "seed": 86815
  },
  {
    "seed": 86924
  },
  {
    "seed": 86974
  },
  {
    "seed": 86983
  },
  {
    "seed": 87064
  },
  {
    "seed": 87091
  },
  {
    "seed": 87219
  },
  {
    "seed": 87444
  },
  {
    "seed": 87586
  },
  {
    "seed": 87693
  },
  {
    "seed": 87747
  },
  {
    "seed": 87765
  },
  {
    "seed": 87784
  },
  {
    "seed": 87823
  },
  {
    "seed": 87882
  },
  {
    "seed": 88086
  },
  {
    "seed": 88091
  },
  {
    "seed": 88380
  },
  {
    "seed": 88451
  },
  {
    "seed": 88589
  },
  {
    "seed": 88769
  },
  {
    "seed": 88793
  },
  {
    "seed": 88806
  },
  {
    "seed": 88850
  },
  {
    "seed": 89092
  },
  {
    "seed": 89097
  },
  {
    "seed": 89169
  },
  {
    "seed": 89325
  },
  {
    "seed": 89373
  },
  {
    "seed": 89407
  },
  {
    "seed": 89448
  },
  {
    "seed": 89636
  },
  {
    "seed": 89773
  },
  {
    "seed": 89838
  },
  {
    "seed": 89974
  },
  {
    "seed": 90086
  },
  {
    "seed": 90128
  },
  {
    "seed": 90135
  },
  {
    "seed": 90176
  },
  {
    "seed": 90207
  },
  {
    "seed": 90259
  },
  {
    "seed": 90325
  },
  {
    "seed": 90379
  },
  {
    "seed": 90840
  },
  {
    "seed": 90869
  },
  {
    "seed": 91110
  },
  {
    "seed": 91154
  },
  {
    "seed": 91271
  },
  {
    "seed": 91312
  },
  {
    "seed": 91717
  },
  {
    "seed": 92073
  },
  {
    "seed": 92100
  },
  {
    "seed": 92116
  },
  {
    "seed": 92250
  },
  {
    "seed": 92557
  },
  {
    "seed": 92649
  },
  {
    "seed": 92657
  },
  {
    "seed": 92742
  },
  {
    "seed": 92912
  },
  {
    "seed": 92966
  },
  {
    "seed": 92991
  },
  {
    "seed": 93062
  },
  {
    "seed": 93094
  },
  {
    "seed": 93199
  },
  {
    "seed": 93321
  },
  {
    "seed": 93367
  },
  {
    "seed": 93477
  },
  {
    "seed": 93654
  },
  {
    "seed": 93701
  },
  {
    "seed": 93762
  },
  {
    "seed": 93779
  },
  {
    "seed": 93864
  },
  {
    "seed": 94046
  },
  {
    "seed": 94087
  },
  {
    "seed": 94122
  },
  {
    "seed": 94182
  },
  {
    "seed": 94419
  },
  {
    "seed": 94445
  },
  {
    "seed": 94476
  },
  {
    "seed": 94481
  },
  {
    "seed": 94580
  },
  {
    "seed": 94597
  },
  {
    "seed": 94668
  },
  {
    "seed": 94747
  },
  {
    "seed": 94768
  },
  {
    "seed": 94920
  },
  {
    "seed": 94946
  },
  {
    "seed": 95020
  },
  {
    "seed": 95192
  },
  {
    "seed": 95273
  },
  {
    "seed": 95306
  },
  {
    "seed": 95319
  },
  {
    "seed": 95368
  },
  {
    "seed": 95448
  },
  {
    "seed": 95626
  },
  {
    "seed": 95703
  },
  {
    "seed": 95775
  },
  {
    "seed": 95790
  },
  {
    "seed": 95977
  },
  {
    "seed": 95983
  },
  {
    "seed": 96032
  },
  {
    "seed": 96058
  },
  {
    "seed": 96098
  },
  {
    "seed": 96132
  },
  {
    "seed": 96147
  },
  {
    "seed": 96251
  },
  {
    "seed": 96253
  },
  {
    "seed": 96502
  },
  {
    "seed": 96612
  },
  {
    "seed": 97052
  },
  {
    "seed": 97104
  },
  {
    "seed": 97118
  },
  {
    "seed": 97222
  },
  {
    "seed": 97310
  },
  {
    "seed": 97360
  },
  {
    "seed": 97532
  },
  {
    "seed": 97687
  },
  {
    "seed": 98022
  },
  {
    "seed": 98135
  },
  {
    "seed": 98200
  },
  {
    "seed": 98249
  },
  {
    "seed": 98464
  },
  {
    "seed": 98731
  },
  {
    "seed": 99039
  },
  {
    "seed": 99086
  },
  {
    "seed": 99204
  },
  {
    "seed": 99297
  },
  {
    "seed": 99410
  },
  {
    "seed": 99512
  },
  {
    "seed": 99582
  },
  {
    "seed": 99625
  },
  {
    "seed": 99670
  },
  {
    "seed": 99930
  },
  {
    "seed": 99943
  },
  {
    "seed": 99983
  }
]