[
  {
    "seed": 245
  },
  {
    "seed": 1017
  },
  {
    "seed": 1022
  },
  {
    "seed": 1146
  },
  {
    "seed": 1236
  },
  {
    "seed": 1388
  },
  {
    "seed": 1412
  },
  {
    "seed": 2451
  },
  {
    "seed": 2805
  },
  {
    "seed": 2807
  },
  {
    "seed": 2839
  },
  {
    "seed": 3005
  },
  {
    "seed": 3125
  },
  {
    "seed": 3306
  },
  {
    "seed": 3476
  },
  {
    "seed": 3829
  },
  {
    "seed": 3956
  },
  {
    "seed": 4188
  },
  {
    "seed": 4641
  },
  {
    "seed": 4652
  },
  {
    "seed": 5332
  },
  {
    "seed": 5455
  },
  {
    "seed": 5570
  },
  {
    "seed": 8114
  },
  {
    "seed": 8486
  },
  {
    "seed": 8495
  },
  {
    "seed": 8526
  },
  {
    "seed": 8977
  },
  {
    "seed": 9143
  },
  {
    "seed": 9622
  },
  {
    "seed": 9691
  },
  {
    "seed": 9783
  },
  {
    "seed": 9977
  },
  {
    "seed": 10257
  },
  {
    "seed": 10303
  },
  {
    "seed": 10647
  },
  {
    "seed": 10741
  },
  {
    "seed": 10899
  },
  {
    "seed": 11151
  },
  {
    "seed": 11562
  },
  {
    "seed": 11622
  },
  {
    "seed": 11819
  },
  {
    "seed": 11917
  },
  {
    "seed": 12740
  },
  {
    "seed": 13162
  },
  {
    "seed": 13223
  },
  {
    "seed": 14089
  },
  {
    "seed": 14313
  },
  {
    "seed": 14481
  },
  {
    "seed": 15378
  },
  {
    "seed": 16266
  },
  {
    "seed": 16287
  },
  {
    "seed": 16653
  },
  {
    "seed": 16723
  },
  {
    "seed": 16853
  },
  {
    "seed": 16938
  },
  {
    "seed": 17049
  },
  {
    "seed": 17312
  },
  {
    "seed": 17626
  },
  {
    "seed": 17859
  },
  {
    "seed": 18364
  },
  {
    "seed": 19074
  },
  {
    "seed": 19231
  },
  {
    "seed": 19580
  },
  {
    "seed": 19917
  },
  {
    "seed": 20146
  },
  {
    "seed": 20268
  },
  {
    "seed": 20699
  },
  {
    "seed": 20921
  },
  {
    "seed": 20934
  },
  {
    "seed": 21137
  },
  {
    "seed": 21717
  },
  {
    "seed": 22375
  },
  {
    "seed": 22376
  },
  {
    "seed": 22837
  },
  {
    "seed": 23014
  },
  {
    "seed": 23445
  },
  {
    "seed": 23461
  },
  {
    "seed": 23577
  },
  {
    "seed": 23669
  },
  {
    "seed": 24708
  },
  {
    "seed": 25304
  },
  {
    "seed": 25339
  },
  {
    "seed": 25614
  },
  {
    "seed": 25782
  },
  {
    "seed": 26451
  },
  {
    "seed": 26786
  },
  {
    "seed": 27057
  },
  {
    "seed": 27198
  },
  {
    "seed": 27330
  },
  {
    "seed": 27970
  },
  {
    "seed": 28067
  },
  {
    "seed": 28125
  },
  {
    "seed": 28561
  },
  {
    "seed": 28582
  },
  {
    "seed": 28784
  },
  {
    "seed": 28889
  },
  {
    "seed": 28934
  },
  {
    "seed": 29018
  },
  {
    "seed": 29098
  },
  {
    "seed": 29510
  },
  {
    "seed": 29999
  },
  {
    "seed": 30057
  },
  {
    "seed": 30137
  },
  {
    "seed": 30387
  },
  {
    "seed": 30418
  },
  {
    "seed": 30610
  },
  {
    "seed": 31890
  },
  {
    "seed": 32055
  },
  {
    "seed": 32091
  },
  {
    "seed": 32322
  },
  {
    "seed": 32407
  },
  {
    "seed": 32700
  },
  {
    "seed": 32965
  },
  {
    "seed": 32986
  },
  {
    "seed": 33327
  },
  {
    "seed": 33595
  },
  {
    "seed": 33669
  },
  {
    "seed": 34259
  },
  {
    "seed": 34325
  },
  {
    "seed": 34452
  },
  {
    "seed": 35033
  },
  {
    "seed": 35778
  },
  {
    "seed": 35816
  },
  {
    "seed": 36118
  },
  {
    "seed": 36218
  },
  {
    "seed": 36393
  },
  {
    "seed": 36817
  },
  {
    "seed": 36918
  },
  {
    "seed": 37321
  },
  {
    "seed": 37385
  },
  {
    "seed": 37418
  },
  {
    "seed": 37604
  },
  {
    "seed": 38208
  },
  {
    "seed": 38209
  },
  {
    "seed": 38279
  },
  {
    "seed": 38359
  },
  {
    "seed": 38589
  },
  {
    "seed": 38659
  },
  {
    "seed": 38675
  },
  {
    "seed": 38934
  },
  {
    "seed": 39104
  },
  {
    "seed": 39427
  },
  {
    "seed": 39515
  },
  {
    "seed": 39636
  },
  {
    "seed": 39941
  },
  {
    "seed": 40360
  },
  {
    "seed": 40578
  },
  {
    "seed": 40808
  },
  {
    "seed": 41087
  },
  {
    "seed": 41321
  },
  {
    "seed": 41489
  },
  {
    "seed": 41906
  },
  {
    "seed": 42126
  },
  {
    "seed": 42379
  },
  {
    "seed": 42607
  },
  {
    "seed": 42883
  },
  {
    "seed": 42949
  },
  {
    "seed": 42952
  },
  {
    "seed": 42964
  },
  {
    "seed": 43094
  },
  {
    "seed": 43134
  },
  {
    "seed": 43312
  },
  {
    "seed": 43381
  },
  {
    "seed": 43560
  },
  {
    "seed": 43613
  },
  {
    "seed": 44102
  },
  {
    "seed": 44251
  },
  {
    "seed": 44623
  },
  {
    "seed": 44872
  },
  {
    "seed": 44887
  },
  {
    "seed": 45298
  },
  {
    "seed": 45727
  },
  {
    "seed": 46106
  },
  {
    "seed": 46218
  },
  {
    "seed": 46419
  },
  {
    "seed": 46928
  },
  {
    "seed": 47030
  },
  {
    "seed": 47211
  },
  {
    "seed": 47929
  },
  {
    "seed": 48005
  },
  {
    "seed": 48316
  },
  {
    "seed": 48330
  },
  {
    "seed": 48755
  },
  {
    "seed": 49278
  },
  {
    "seed": 49360
  },
  {
    "seed": 49461
  },
  {
    "seed": 50240
  },
  {
    "seed": 50306
  },
  {
    "seed": 50567
  },
  {
    "seed": 50642
  },
  {
    "seed": 51789
  },
  {
    "seed": 52005
  },
  {
    "seed": 52024
  },
  {
    "seed": 52281
  },
  {
    "seed": 52312
  },
  {
    "seed": 53248
  },
  {
    "seed": 53928
  },
  {
    "seed": 54154
  },
  {
    "seed": 54301
  },
  {
    "seed": 54321
  },
  {
    "seed": 54558
  },
  {
    "seed": 54665
  },
  {
    "seed": 55261
  },
  {
    "seed": 55559
  },
  {
    "seed": 55677
  },
  {
    "seed": 55964
  },
  {
    "seed": 56172
  },
  {
    "seed": 56750
  },
  {
    "seed": 56919
  },
  {
    "seed": 56985
  },
  {
    "seed": 57313
  },
  {
    "seed": 57392
  },
  {
    "seed": 58860
  },
  {
    "seed": 58925
  },
  {
    "seed": 59019
  },
  {
    "seed": 59240
  },
  {
    "seed": 59279
  },
  {
    "seed": 59310
  },
  {
    "seed": 59884
  },
  {
    "seed": 60011
  },
  {
    "seed": 60643
  },
  {
    "seed": 61093
  },
  {
    "seed": 61836
  },
  {
    "seed": 62023
  },
  {
    "seed": 62114
  },
  {
    "seed": 62176
  },
  {
    "seed": 62382
  },
  {
    "seed": 62482
  },
  {
    "seed": 62696
  },
  {
    "seed": 64592
  },
  {
    "seed": 65079
  },
  {
    "seed": 65591
  },
  {
    "seed": 65604
  },
  {
    "seed": 66196
  },
  {
    "seed": 66605
  },
  {
    "seed": 66669
  },
  {
    "seed": 66879
  },
  {
    "seed": 66933
  },
  {
    "seed": 67042
  },
  {
    "seed": 67533
  },
  {
    "seed": 67829
  },
  {
    "seed": 68371
  },
  {
    "seed": 68421
  },
  {
    "seed": 68472
  },
  {
    "seed": 68834
  },
  {
    "seed": 68916
  },
  {
    "seed": 70137
  },
  {
    "seed": 70443
  },
  {
    "seed": 70457
  },
  {
    "seed": 70915
  },
  {
    "seed": 72247
  },
  {
    "seed": 72289
  },
  {
    "seed": 72294
  },
  {
    "seed": 72609
  },
  {
    "seed": 72645
  },
  {
    "seed": 72923
  },
  {
    "seed": 73974
  },
  {
    "seed": 74146
  },
  {
    "seed": 74381
  },
  {
    "seed": 74550
  },
  {
    "seed": 74999
  },
  {
    "seed": 75173
  },
  {
    "seed": 75683
  },
  {
    "seed": 76231
  },
  {
    "seed": 76261
  },
  {
    "seed": 76272
  },
  {
    "seed": 76534
  },
  {
    "seed": 77005
  },
  {
    "seed": 77028
  },
  {
    "seed": 78227
  },
  {
    "seed": 78502
  },
  {
    "seed": 78843
  },
  {
    "seed": 79283
  },
  {
    "seed": 79459
  },
  {
    "seed": 79791
  },
  {
    "seed": 79839
  },
  {
    "seed": 80361
  },
  {
    "seed": 80493
  },
  {
    "seed": 80720
  },
  {
    "seed": 80860
  },
  {
    "seed": 80956
  },
  {
    "seed": 81056
  },
  {
    "seed": 81103
  },
  {
    "seed": 81207
  },
  {
    "seed": 81391
  },
  {
    "seed": 81402
  },
  {
    "seed": 81580
  },
  {
    "seed": 81609
  },
  {
    "seed": 81653
  },
  {
    "seed": 82147
  },
  {
    "seed": 82204
  },
  {
    "seed": 82670
  },
  {
    "seed": 82970
  },
  {
    "seed": 83149
  },
  {
    "seed": 83164
  },
  {
    "seed": 83319
  },
  {
    "seed": 83359
  },
  {
    "seed": 83467
  },
  {
    "seed": 83699
  },
  {
    "seed": 83729
  },
  {
    "seed": 83998
  },
  {
    "seed": 84442
  },
  {
    "seed": 84504
  },
  {
    "seed": 84644
  },
  {
    "seed": 85187
  },
  {
    "seed": 85312
  },
  {
    "seed": 85356
  },
  {
    "seed": 85656
  },
  {
    "seed": 86105
  },
  {
    "seed": 86431
  },
  {
    "seed": 86706
  },
  {
    "seed": 86906
  },
  {
    "seed": 86920
  },
  {
    "seed": 87178
  },
  {
    "seed": 87194
  },
  {
    "seed": 87566
  },
  {
    "seed": 87651
  },
  {
    "seed": 87772
  },
  {
    "seed": 87885
  },
  {
    "seed": 88093
  },
  {
    "seed": 88311
  },
  {
    "seed": 88593
  },
  {
    "seed": 88902
  },
  {
    "seed": 88931
  },
  {
    "seed": 88943
  },
  {
    "seed": 89171
  },
  {
    "seed": 90083
  },
  {
    "seed": 90297
  },
  {
    "seed": 90801
  },
  {
    "seed": 90944
  },
  {
    "seed": 90965
  },
  {
    "seed": 91167
  },
  {
    "seed": 91234
  },
  {
    "seed": 91505
  },
  {
    "seed": 91716
  },
  {
    "seed": 91809
  },
  {
    "seed": 91861
  },
  {
    "seed": 91914
  },
  {
    "seed": 91938
  },
  {
    "seed": 92699
  },
  {
    "seed": 93227
  },
  {
    "seed": 93773
  },
  {
    "seed": 93999
  },
  {
    "seed": 94062
  },
  {
    "seed": 94558
  },
  {
    "seed": 94719
  },
  {
    "seed": 94775
  },
  {
    "seed": 95279
  },
  {
    "seed": 96281
  },
  {
    "seed": 96689
  },
  {
    "seed": 96771
  },
  {
    "seed": 97081
  },
  {
    "seed": 97512
  },
  {
    "seed": 97964
  },
  {
    "seed": 99100
  },
  {
    "seed": 99232
  },
  {
    "seed": 99387
  }
]