[
  {
    "seed": 3
  },
  {
    "seed": 44
  },
  {
    "seed": 45
  },
  {
    "seed": 77
  },
  {
    "seed": 81
  },
  {
    "seed": 130
  },
  {
    "seed": 144
  },
  {
    "seed": 186
  },
  {
    "seed": 235
  },
  {
    "seed": 240
  },
  {
    "seed": 251
  },
  {
    "seed": 284
  },
  {
    "seed": 345
  },
  {
    "seed": 347
  },
  {
    "seed": 430
  },
  {
    "seed": 441
  },
  {
    "seed": 495
  },
  {
    "seed": 544
  },
  {
    "seed": 603
  },
  {
    "seed": 606
  },
  {
    "seed": 611
  },
  {
    "seed": 655
  },
  {
    "seed": 660
  },
  {
    "seed": 701
  },
  {
    "seed": 717
  },
  {
    "seed": 738
  },
  {
    "seed": 746
  },
  {
    "seed": 755
  },
  {
    "seed": 796
  },
  {
    "seed": 827
  },
  {
    "seed": 841
  },
  {
    "seed": 871
  },
  {
    "seed": 882
  },
  {
    "seed": 890
  },
  {
    "seed": 902
  },
  {
    "seed": 932
  },
  {
    "seed": 943
  },
  {
    "seed": 946
  },
  {
    "seed": 1025
  },
  {
    "seed": 1035
  },
  {
    "seed": 1063
  },
  {
    "seed": 1070
  },
  {
    "seed": 1077
  },
  {
    "seed": 1087
  },
  {
    "seed": 1133
  },
  {
    "seed": 1143
  },
  {
    "seed": 1152
  },
  {
    "seed": 1219
  },
  {
    "seed": 1220
  },
  {
    "seed": 1284
  },
  {
    "seed": 1286
  },
  {
    "seed": 1355
  },
  {
    "seed": 1381
  },
  {
    "seed": 1403
  },
  {
    "seed": 1449
  },
  {
    "seed": 1467
  },
  {
    "seed": 1490
  },
  {
    "seed": 1543
  },
  {
    "seed": 1554
  },
  {
    "seed": 1565
  },
  {
    "seed": 1602
  },
  {
    "seed": 1664
  },
  {
    "seed": 1673
  },
  {
    "seed": 1709
  },
  {
    "seed": 1712
  },
  {
    "seed": 1730
  },
  {
    "seed": 1735
  },
  {
    "seed": 1750
  },
  {
    "seed": 1798
  },
  {
    "seed": 1821
  },
  {
    "seed": 1837
  },
  {
    "seed": 1954
  },
  {
    "seed": 2004
  },
  {
    "seed": 2027
  },
  {
    "seed": 2031
  },
  {
    "seed": 2055
  },
  {
    "seed": 2121
  },
  {
    "seed": 2175
  },
  {
    "seed": 2195
  },
  {
    "seed": 2210
  },
  {
    "seed": 2285
  },
  {
    "seed": 2378
  },
  {
    "seed": 2386
  },
  {
    "seed": 2412
  },
  {
    "seed": 2432
  },
  {
    "seed": 2458
  },
  {
    "seed": 2473
  },
  {
    "seed": 2530
  },
  {
    "seed": 2562
  },
  {
    "seed": 2571
  },
  {
    "seed": 2635
  },
  {
    "seed": 2654
  },
  {
    "seed": 2685
  },
  {
    "seed": 2704
  },
  {
    "seed": 2717
  },
  {
    "seed": 2732
  },
  {
    "seed": 2771
  },
  {
    "seed": 2837
  },
  {
    "seed": 2847
  },
  {
    "seed": 2879
  },
  {
    "seed": 2919
  },
  {
    "seed": 2924
  },
  {
    "seed": 2934
  },
  {
    "seed": 2956
  },
  {
    "seed": 2958
  },
  {
    "seed": 3004
  },
  {
    "seed": 3031
  },
  {
    "seed": 3047
  },
  {
    "seed": 3145
  },
  {
    "seed": 3158
  },
  {
    "seed": 3243
  },
  {
    "seed": 3245
  },
  {
    "seed": 3257
  },
  {
    "seed": 3266
  },
  {
    "seed": 3274
  },
  {
    "seed": 3288
  },
  {
    "seed": 3340
  },
  {
    "seed": 3364
  },
  {
    "seed": 3384
  },
  {
    "seed": 3437
  },
  {
    "seed": 3475
  },
  {
    "seed": 3527
  },
  {
    "seed": 3597
  },
  {
    "seed": 3614
  },
  {
    "seed": 3669
  },
  {
    "seed": 3677
  },
  {
    "seed": 3731
  },
  {
    "seed": 3735
  },
  {
    "seed": 3805
  },
  {
    "seed": 3826
  },
  {
    "seed": 3868
  },
  {
    "seed": 3919
  },
  {
    "seed": 3985
  },
  {
    "seed": 3989
  },
  {
    "seed": 4011
  },
  {
    "seed": 4046
  },
  {
    "seed": 4048
  },
  {
    "seed": 4111
  },
  {
    "seed": 4167
  },
  {
    "seed": 4180
  },
  {
    "seed": 4194
  },
  {
    "seed": 4246
  },
  {
    "seed": 4268
  },
  {
    "seed": 4273
  },
  {
    "seed": 4281
  },
  {
    "seed": 4318
  },
  {
    "seed": 4329
  },
  {
    "seed": 4366
  },
  {
    "seed": 4374
  },
  {
    "seed": 4399
  },
  {
    "seed": 4400
  },
  {
    "seed": 4402
  },
  {
    "seed": 4414
  },
  {
    "seed": 4416
  },
  {
    "seed": 4421
  },
  {
    "seed": 4427
  },
  {
    "seed": 4440
  },
  {
    "seed": 4516
  },
  {
    "seed": 4638
  },
  {
    "seed": 4642
  },
  {
    "seed": 4643
  },
  {
    "seed": 4655
  },
  {
    "seed": 4679
  },
  {
    "seed": 4697
  },
  {
    "seed": 4718
  },
  {
    "seed": 4747
  },
  {
    "seed": 4825
  },
  {
    "seed": 4835
  },
  {
    "seed": 4843
  },
  {
    "seed": 4855
  },
  {
    "seed": 4862
  },
  {
    "seed": 4873
  },
  {
    "seed": 4885
  },
  {
    "seed": 4932
  },
  {
    "seed": 4959
  },
  {
    "seed": 4967
  },
  {
    "seed": 4971
  },
  {
    "seed": 4996
  },
  {
    "seed": 5000
  },
  {
    "seed": 5094
  },
  {
    "seed": 5123
  },
  {
    "seed": 5129
  },
  {
    "seed": 5140
  },
  {
    "seed": 5154
  },
  {
    "seed": 5159
  },
  {
    "seed": 5198
  },
  {
    "seed": 5230
  },
  {
    "seed": 5315
  },
  {
    "seed": 5350
  },
  {
    "seed": 5409
  },
  {
    "seed": 5445
  },
  {
    "seed": 5521
  },
  {
    "seed": 5554
  },
  {
    "seed": 5599
  },
  {
    "seed": 5605
  },
  {
    "seed": 5674
  },
  {
    "seed": 5707
  },
  {
    "seed": 5743
  },
  {
    "seed": 5770
  },
  {
    "seed": 5781
  },
  {
    "seed": 5789
  },
  {
    "seed": 5818
  },
  {
    "seed": 5828
  },
  {
    "seed": 5830
  },
  {
    "seed": 5840
  },
  {
    "seed": 5886
  },
  {
    "seed": 5891
  },
  {
    "seed": 5898
  },
  {
    "seed": 5901
  },
  {
    "seed": 5911
  },
  {
    "seed": 5927
  },
  {
    "seed": 5967
  },
  {
    "seed": 5972
  },
  {
    "seed": 5976
  },
  {
    "seed": 6081
  },
  {
    "seed": 6096
  },
  {
    "seed": 6123
  },
  {
    "seed": 6126
  },
  {
    "seed": 6161
  },
  {
    "seed": 6208
  },
  {
    "seed": 6224
  },
  {
    "seed": 6234
  },
  {
    "seed": 6272
  },
  {
    "seed": 6301
  },
  {
    "seed": 6307
  },
  {
    "seed": 6363
  },
  {
    "seed": 6406
  },
  {
    "seed": 6409
  },
  {
    "seed": 6463
  },
  {
    "seed": 6502
  },
  {
    "seed": 6536
  },
  {
    "seed": 6544
  },
  {
    "seed": 6555
  },
  {
    "seed": 6564
  },
  {
    "seed": 6573
  },
  {
    "seed": 6623
  },
  {
    "seed": 6630
  },
  {
    "seed": 6631
  },
  {
    "seed": 6705
  },
  {
    "seed": 6729
  },
  {
    "seed": 6786
  },
  {
    "seed": 6808
  },
  {
    "seed": 6829
  },
  {
    "seed": 6848
  },
  {
    "seed": 6944
  },
  {
    "seed": 6973
  },
  {
    "seed": 7049
  },
  {
    "seed": 7055
  },
  {
    "seed": 7065
  },
  {
    "seed": 7133
  },
  {
    "seed": 7154
  },
  {
    "seed": 7182
  },
  {
    "seed": 7202
  },
  {
    "seed": 7237
  },
  {
    "seed": 7246
  },
  {
    "seed": 7255
  },
  {
    "seed": 7256
  },
  {
    "seed": 7320
  },
  {
    "seed": 7374
  },
  {
    "seed": 7393
  },
  {
    "seed": 7419
  },
  {
    "seed": 7431
  },
  {
    "seed": 7517
  },
  {
    "seed": 7565
  },
  {
    "seed": 7578
  },
  {
    "seed": 7583
  },
  {
    "seed": 7639
  },
  {
    "seed": 7649
  },
  {
    "seed": 7653
  },
  {
    "seed": 7670
  },
  {
    "seed": 7675
  },
  {
    "seed": 7720
  },
  {
    "seed": 7793
  },
  {
    "seed": 7820
  },
  {
    "seed": 7831
  },
  {
    "seed": 7860
  },
  {
    "seed": 7904
  },
  {
    "seed": 7972
  },
  {
    "seed": 8007
  },
  {
    "seed": 8020
  },
  {
    "seed": 8054
  },
  {
    "seed": 8056
  },
  {
    "seed": 8093
  },
  {
    "seed": 8148
  },
  {
    "seed": 8186
  },
  {
    "seed": 8197
  },
  {
    "seed": 8242
  },
  {
    "seed": 8307
  },
  {
    "seed": 8316
  },
  {
    "seed": 8369
  },
  {
    "seed": 8371
  },
  {
    "seed": 8389
  },
  {
    "seed": 8414
  },
  {
    "seed": 8471
  },
  {
    "seed": 8474
  },
  {
    "seed": 8502
  },
  {
    "seed": 8510
  },
  {
    "seed": 8528
  },
  {
    "seed": 8567
  },
  {
    "seed": 8598
  },
  {
    "seed": 8610
  },
  {
    "seed": 8630
  },
  {
    "seed": 8665
  },
  {
    "seed": 8672
  },
  {
    "seed": 8673
  },
  {
    "seed": 8711
  },
  {
    "seed": 8714
  },
  {
    "seed": 8717
  },
  {
    "seed": 8726
  },
  {
    "seed": 8738
  },
  {
    "seed": 8744
  },
  {
    "seed": 8853
  },
  {
    "seed": 8871
  },
  {
    "seed": 8879
  },
  {
    "seed": 8898
  },
  {
    "seed": 8924
  },
  {
    "seed": 8936
  },
  {
    "seed": 8944
  },
  {
    "seed": 8956
  },
  {
    "seed": 9029
  },
  {
    "seed": 9032
  },
  {
    "seed": 9057
  },
  {
    "seed": 9088
  },
  {
    "seed": 9091
  },
  {
    "seed": 9105
  },
  {
    "seed": 9122
  },
  {
    "seed": 9148
  },
  {
    "seed": 9187
  },
  {
    "seed": 9199
  },
  {
    "seed": 9331
  },
  {
    "seed": 9390
  },
  {
    "seed": 9392
  },
  {
    "seed": 9413
  },
  {
    "seed": 9417
  },
  {
    "seed": 9433
  },
  {
    "seed": 9434
  },
  {
    "seed": 9439
  },
  {
    "seed": 9479
  },
  {
    "seed": 9492
  },
  {
    "seed": 9517
  },
  {
    "seed": 9558
  },
  {
    "seed": 9619
  },
  {
    "seed": 9631
  },
  {
    "seed": 9650
  },
  {
    "seed": 9703
  },
  {
    "seed": 9706
  },
  {
    "seed": 9710
  },
  {
    "seed": 9725
  },
  {
    "seed": 9768
  },
  {
    "seed": 9770
  },
  {
    "seed": 9787
  },
  {
    "seed": 9793
  },
  {
    "seed": 9821
  },
  {
    "seed": 9822
  },
  {
    "seed": 9828
  },
  {
    "seed": 9837
  },
  {
    "seed": 9838
  },
  {
    "seed": 9863
  },
  {
    "seed": 9889
  },
  {
    "seed": 9920
  },
  {
    "seed": 9930
  },
  {
    "seed": 9951
  },
  {
    "seed": 9967
  },
  {
    "seed": 10056
  },
  {
    "seed": 10099
  },
  {
    "seed": 10106
  },
  {
    "seed": 10173
  },
  {
    "seed": 10179
  },
  {
    "seed": 10181
  },
  {
    "seed": 10223
  },
  {
    "seed": 10224
  },
  {
    "seed": 10238
  },
  {
    "seed": 10258
  },
  {
    "seed": 10358
  },
  {
    "seed": 10362
  },
  {
    "seed": 10386
  },
  {
    "seed": 10440
  },
  {
    "seed": 10462
  },
  {
    "seed": 10492
  },
  {
    "seed": 10500
  },
  {
    "seed": 10501
  },
  {
    "seed": 10560
  },
  {
    "seed": 10561
  },
  {
    "seed": 10591
  },
  {
    "seed": 10644
  },
  {
    "seed": 10648
  },
  {
    "seed": 10671
  },
  {
    "seed": 10754
  },
  {
    "seed": 10847
  },
  {
    "seed": 10855
  },
  {
    "seed": 10859
  },
  {
    "seed": 10888
  },
  {
    "seed": 10915
  },
  {
    "seed": 10949
  },
  {
    "seed": 10972
  },
  {
    "seed": 10991
  },
  {
    "seed": 11104
  },
  {
    "seed": 11173
  },
  {
    "seed": 11176
  },
  {
    "seed": 11206
  },
  {
    "seed": 11227
  },
  {
    "seed": 11283
  },
  {
    "seed": 11303
  },
  {
    "seed": 11347
  },
  {
    "seed": 11357
  },
  {
    "seed": 11392
  },
  {
    "seed": 11398
  },
  {
    "seed": 11400
  },
  {
    "seed": 11411
  },
  {
    "seed": 11422
  },
  {
    "seed": 11437
  },
  {
    "seed": 11446
  },
  {
    "seed": 11453
  },
  {
    "seed": 11471
  },
  {
    "seed": 11514
  },
  {
    "seed": 11540
  },
  {
    "seed": 11543
  },
  {
    "seed": 11565
  },
  {
    "seed": 11585
  },
  {
    "seed": 11608
  },
  {
    "seed": 11638
  },
  {
    "seed": 11667
  },
  {
    "seed": 11701
  },
  {
    "seed": 11707
  },
  {
    "seed": 11781
  },
  {
    "seed": 11787
  },
  {
    "seed": 11823
  },
  {
    "seed": 11827
  },
  {
    "seed": 11845
  },
  {
    "seed": 11846
  },
  {
    "seed": 11855
  },
  {
    "seed": 11910
  },
  {
    "seed": 11933
  },
  {
    "seed": 11961
  },
  {
    "seed": 11979
  },
  {
    "seed": 11997
  },
  {
    "seed": 11998
  },
  {
    "seed": 12001
  },
  {
    "seed": 12008
  },
  {
    "seed": 12012
  },
  {
    "seed": 12021
  },
  {
    "seed": 12051
  },
  {
    "seed": 12061
  },
  {
    "seed": 12094
  },
  {
    "seed": 12108
  },
  {
    "seed": 12116
  },
  {
    "seed": 12131
  },
  {
    "seed": 12155
  },
  {
    "seed": 12279
  },
  {
    "seed": 12324
  },
  {
    "seed": 12332
  },
  {
    "seed": 12362
  },
  {
    "seed": 12387
  },
  {
    "seed": 12429
  },
  {
    "seed": 12441
  },
  {
    "seed": 12467
  },
  {
    "seed": 12487
  },
  {
    "seed": 12495
  },
  {
    "seed": 12497
  },
  {
    "seed": 12599
  },
  {
    "seed": 12665
  },
  {
    "seed": 12683
  },
  {
    "seed": 12731
  },
  {
    "seed": 12767
  },
  {
    "seed": 12833
  },
  {
    "seed": 12840
  },
  {
    "seed": 12894
  },
  {
    "seed": 12903
  },
  {
    "seed": 12964
  },
  {
    "seed": 12972
  },
  {
    "seed": 12981
  },
  {
    "seed": 13010
  },
  {
    "seed": 13027
  },
  {
    "seed": 13090
  },
  {
    "seed": 13121
  },
  {
    "seed": 13157
  },
  {
    "seed": 13183
  },
  {
    "seed": 13193
  },
  {
    "seed": 13207
  },
  {
    "seed": 13267
  },
  {
    "seed": 13294
  },
  {
    "seed": 13340
  },
  {
    "seed": 13367
  },
  {
    "seed": 13371
  },
  {
    "seed": 13417
  },
  {
    "seed": 13426
  },
  {
    "seed": 13461
  },
  {
    "seed": 13486
  },
  {
    "seed": 13505
  },
  {
    "seed": 13509
  },
  {
    "seed": 13528
  },
  {
    "seed": 13532
  },
  {
    "seed": 13535
  },
  {
    "seed": 13609
  },
  {
    "seed": 13624
  },
  {
    "seed": 13625
  },
  {
    "seed": 13630
  },
  {
    "seed": 13661
  },
  {
    "seed": 13683
  },
  {
    "seed": 13734
  },
  {
    "seed": 13741
  },
  {
    "seed": 13806
  },
  {
    "seed": 13885
  },
  {
    "seed": 13889
  },
  {
    "seed": 13905
  },
  {
    "seed": 13946
  },
  {
    "seed": 13954
  },
  {
    "seed": 13961
  },
  {
    "seed": 14015
  },
  {
    "seed": 14029
  },
  {
    "seed": 14039
  },
  {
    "seed": 14043
  },
  {
    "seed": 14049
  },
  {
    "seed": 14094
  },
  {
    "seed": 14164
  },
  {
    "seed": 14242
  },
  {
    "seed": 14312
  },
  {
    "seed": 14352
  },
  {
    "seed": 14380
  },
  {
    "seed": 14388
  },
  {
    "seed": 14467
  },
  {
    "seed": 14477
  },
  {
    "seed": 14487
  },
  {
    "seed": 14584
  },
  {
    "seed": 14589
  },
  {
    "seed": 14626
  },
  {
    "seed": 14641
  },
  {
    "seed": 14661
  },
  {
    "seed": 14675
  },
  {
    "seed": 14690
  },
  {
    "seed": 14696
  },
  {
    "seed": 14832
  },
  {
    "seed": 14933
  },
  {
    "seed": 14947
  },
  {
    "seed": 15100
  },
  {
    "seed": 15110
  },
  {
    "seed": 15164
  },
  {
    "seed": 15194
  },
  {
    "seed": 15215
  },
  {
    "seed": 15233
  },
  {
    "seed": 15241
  },
  {
    "seed": 15246
  },
  {
    "seed": 15270
  },
  {
    "seed": 15305
  },
  {
    "seed": 15346
  },
  {
    "seed": 15419
  },
  {
    "seed": 15426
  },
  {
    "seed": 15456
  },
  {
    "seed": 15477
  },
  {
    "seed": 15483
  },
  {
    "seed": 15485
  },
  {
    "seed": 15534
  },
  {
    "seed": 15541
  },
  {
    "seed": 15592
  },
  {
    "seed": 15594
  },
  {
    "seed": 15638
  },
  {
    "seed": 15669
  },
  {
    "seed": 15696
  },
  {
    "seed": 15750
  },
  {
    "seed": 15766
  },
  {
    "seed": 15789
  },
  {
    "seed": 15793
  },
  {
    "seed": 15805
  },
  {
    "seed": 15837
  },
  {
    "seed": 15862
  },
  {
    "seed": 15911
  },
  {
    "seed": 16017
  },
  {
    "seed": 16040
  },
  {
    "seed": 16043
  },
  {
    "seed": 16044
  },
  {
    "seed": 16058
  },
  {
    "seed": 16124
  },
  {
    "seed": 16151
  },
  {
    "seed": 16161
  },
  {
    "seed": 16173
  },
  {
    "seed": 16190
  },
  {
    "seed": 16235
  },
  {
    "seed": 16241
  },
  {
    "seed": 16318
  },
  {
    "seed": 16322
  },
  {
    "seed": 16333
  },
  {
    "seed": 16352
  },
  {
    "seed": 16362
  },
  {
    "seed": 16442
  },
  {
    "seed": 16459
  },
  {
    "seed": 16487
  },
  {
    "seed": 16523
  },
  {
    "seed": 16541
  },
  {
    "seed": 16595
  },
  {
    "seed": 16606
  },
  {
    "seed": 16655
  },
  {
    "seed": 16674
  },
  {
    "seed": 16683
  },
  {
    "seed": 16735
  },
  {
    "seed": 16743
  },
  {
    "seed": 16805
  },
  {
    "seed": 16881
  },
  {
    "seed": 16888
  },
  {
    "seed": 16942
  },
  {
    "seed": 16944
  },
  {
    "seed": 16956
  },
  {
    "seed": 17165
  },
  {
    "seed": 17175
  },
  {
    "seed": 17213
  },
  {
    "seed": 17239
  },
  {
    "seed": 17267
  },
  {
    "seed": 17278
  },
  {
    "seed": 17284
  },
  {
    "seed": 17303
  },
  {
    "seed": 17338
  },
  {
    "seed": 17389
  },
  {
    "seed": 17417
  },
  {
    "seed": 17418
  },
  {
    "seed": 17455
  },
  {
    "seed": 17479
  },
  {
    "seed": 17487
  },
  {
    "seed": 17492
  },
  {
    "seed": 17499
  },
  {
    "seed": 17530
  },
  {
    "seed": 17605
  },
  {
    "seed": 17656
  },
  {
    "seed": 17862
  },
  {
    "seed": 17868
  },
  {
    "seed": 17916
  },
  {
    "seed": 17928
  },
  {
    "seed": 17935
  },
  {
    "seed": 17938
  },
  {
    "seed": 17940
  },
  {
    "seed": 17942
  },
  {
    "seed": 17959
  },
  {
    "seed": 17961
  },
  {
    "seed": 17989
  },
  {
    "seed": 18033
  },
  {
    "seed": 18044
  },
  {
    "seed": 18087
  },
  {
    "seed": 18116
  },
  {
    "seed": 18241
  },
  {
    "seed": 18254
  },
  {
    "seed": 18397
  },
  {
    "seed": 18411
  },
  {
    "seed": 18444
  },
  {
    "seed": 18487
  },
  {
    "seed": 18490
  },
  {
    "seed": 18493
  },
  {
    "seed": 18504
  },
  {
    "seed": 18556
  },
  {
    "seed": 18664
  },
  {
    "seed": 18665
  },
  {
    "seed": 18681
  },
  {
    "seed": 18707
  },
  {
    "seed": 18740
  },
  {
    "seed": 18751
  },
  {
    "seed": 18760
  },
  {
    "seed": 18764
  },
  {
    "seed": 18767
  },
  {
    "seed": 18779
  },
  {
    "seed": 18780
  },
  {
    "seed": 18788
  },
  {
    "seed": 18807
  },
  {
    "seed": 18836
  },
  {
    "seed": 18851
  },
  {
    "seed": 18864
  },
  {
    "seed": 18903
  },
  {
    "seed": 18914
  },
  {
    "seed": 18951
  },
  {
    "seed": 18974
  },
  {
    "seed": 19010
  },
  {
    "seed": 19042
  },
  {
    "seed": 19081
  },
  {
    "seed": 19155
  },
  {
    "seed": 19162
  },
  {
    "seed": 19252
  },
  {
    "seed": 19277
  },
  {
    "seed": 19353
  },
  {
    "seed": 19379
  },
  {
    "seed": 19476
  },
  {
    "seed": 19552
  },
  {
    "seed": 19597
  },
  {
    "seed": 19646
  },
  {
    "seed": 19686
  },
  {
    "seed": 19690
  },
  {
    "seed": 19697
  },
  {
    "seed": 19722
  },
  {
    "seed": 19728
  },
  {
    "seed": 19787
  },
  {
    "seed": 19834
  },
  {
    "seed": 19883
  },
  {
    "seed": 19956
  },
  {
    "seed": 19969
  },
  {
    "seed": 19976
  },
  {
    "seed": 20145
  },
  {
    "seed": 20167
  },
  {
    "seed": 20169
  },
  {
    "seed": 20186
  },
  {
    "seed": 20196
  },
  {
    "seed": 20251
  },
  {
    "seed": 20299
  },
  {
    "seed": 20313
  },
  {
    "seed": 20408
  },
  {
    "seed": 20414
  },
  {
    "seed": 20449
  },
  {
    "seed": 20472
  },
  {
    "seed": 20488
  },
  {
    "seed": 20495
  },
  {
    "seed": 20535
  },
  {
    "seed": 20579
  },
  {
    "seed": 20627
  },
  {
    "seed": 20649
  },
  {
    "seed": 20666
  },
  {
    "seed": 20690
  },
  {
    "seed": 20724
  },
  {
    "seed": 20780
  },
  {
    "seed": 20903
  },
  {
    "seed": 20976
  },
  {
    "seed": 21069
  },
  {
    "seed": 21071
  },
  {
    "seed": 21086
  },
  {
    "seed": 21110
  },
  {
    "seed": 21117
  },
  {
    "seed": 21207
  },
  {
    "seed": 21222
  },
  {
    "seed": 21230
  },
  {
    "seed": 21240
  },
  {
    "seed": 21259
  },
  {
    "seed": 21303
  },
  {
    "seed": 21310
  },
  {
    "seed": 21338
  },
  {
    "seed": 21344
  },
  {
    "seed": 21386
  },
  {
    "seed": 21399
  },
  {
    "seed": 21483
  },
  {
    "seed": 21504
  },
  {
    "seed": 21528
  },
  {
    "seed": 21534
  },
  {
    "seed": 21546
  },
  {
    "seed": 21552
  },
  {
    "seed": 21556
  },
  {
    "seed": 21565
  },
  {
    "seed": 21595
  },
  {
    "seed": 21606
  },
  {
    "seed": 21616
  },
  {
    "seed": 21667
  },
  {
    "seed": 21701
  },
  {
    "seed": 21712
  },
  {
    "seed": 21727
  },
  {
    "seed": 21782
  },
  {
    "seed": 21805
  },
  {
    "seed": 21822
  },
  {
    "seed": 21862
  },
  {
    "seed": 21933
  },
  {
    "seed": 21942
  },
  {
    "seed": 21964
  },
  {
    "seed": 21978
  },
  {
    "seed": 21982
  },
  {
    "seed": 22029
  },
  {
    "seed": 22089
  },
  {
    "seed": 22112
  },
  {
    "seed": 22198
  },
  {
    "seed": 22256
  },
  {
    "seed": 22308
  },
  {
    "seed": 22330
  },
  {
    "seed": 22398
  },
  {
    "seed": 22412
  },
  {
    "seed": 22422
  },
  {
    "seed": 22464
  },
  {
    "seed": 22559
  },
  {
    "seed": 22590
  },
  {
    "seed": 22606
  },
  {
    "seed": 22641
  },
  {
    "seed": 22672
  },
  {
    "seed": 22726
  },
  {
    "seed": 22754
  },
  {
    "seed": 22776
  },
  {
    "seed": 22868
  },
  {
    "seed": 22898
  },
  {
    "seed": 22934
  },
  {
    "seed": 22958
  },
  {
    "seed": 22963
  },
  {
    "seed": 22981
  },
  {
    "seed": 23022
  },
  {
    "seed": 23036
  },
  {
    "seed": 23064
  },
  {
    "seed": 23076
  },
  {
    "seed": 23077
  },
  {
    "seed": 23116
  },
  {
    "seed": 23125
  },
  {
    "seed": 23153
  },
  {
    "seed": 23215
  },
  {
    "seed": 23228
  },
  {
    "seed": 23242
  },
  {
    "seed": 23286
  },
  {
    "seed": 23417
  },
  {
    "seed": 23432
  },
  {
    "seed": 23451
  },
  {
    "seed": 23477
  },
  {
    "seed": 23483
  },
  {
    "seed": 23486
  },
  {
    "seed": 23493
  },
  {
    "seed": 23592
  },
  {
    "seed": 23606
  },
  {
    "seed": 23634
  },
  {
    "seed": 23661
  },
  {
    "seed": 23704
  },
  {
    "seed": 23708
  },
  {
    "seed": 23752
  },
  {
    "seed": 23821
  },
  {
    "seed": 23846
  },
  {
    "seed": 23854
  },
  {
    "seed": 23871
  },
  {
    "seed": 23876
  },
  {
    "seed": 23891
  },
  {
    "seed": 23927
  },
  {
    "seed": 23935
  },
  {
    "seed": 23955
  },
  {
    "seed": 23977
  },
  {
    "seed": 24000
  },
  {
    "seed": 24124
  },
  {
    "seed": 24159
  },
  {
    "seed": 24166
  },
  {
    "seed": 24175
  },
  {
    "seed": 24189
  },
  {
    "seed": 24198
  },
  {
    "seed": 24204
  },
  {
    "seed": 24205
  },
  {
    "seed": 24211
  },
  {
    "seed": 24213
  },
  {
    "seed": 24216
  },
  {
    "seed": 24289
  },
  {
    "seed": 24292
  },
  {
    "seed": 24323
  },
  {
    "seed": 24356
  },
  {
    "seed": 24386
  },
  {
    "seed": 24401
  },
  {
    "seed": 24421
  },
  {
    "seed": 24431
  },
  {
    "seed": 24447
  },
  {
    "seed": 24457
  },
  {
    "seed": 24479
  },
  {
    "seed": 24497
  },
  {
    "seed": 24499
  },
  {
    "seed": 24501
  },
  {
    "seed": 24508
  },
  {
    "seed": 24541
  },
  {
    "seed": 24545
  },
  {
    "seed": 24595
  },
  {
    "seed": 24622
  },
  {
    "seed": 24671
  },
  {
    "seed": 24705
  },
  {
    "seed": 24731
  },
  {
    "seed": 24735
  },
  {
    "seed": 24772
  },
  {
    "seed": 24813
  },
  {
    "seed": 24863
  },
  {
    "seed": 24918
  },
  {
    "seed": 24935
  },
  {
    "seed": 24978
  },
  {
    "seed": 24984
  },
  {
    "seed": 24998
  },
  {
    "seed": 25001
  },
  {
    "seed": 25005
  },
  {
    "seed": 25014
  },
  {
    "seed": 25025
  },
  {
    "seed": 25030
  },
  {
    "seed": 25071
  },
  {
    "seed": 25077
  },
  {
    "seed": 25080
  },
  {
    "seed": 25100
  },
  {
    "seed": 25231
  },
  {
    "seed": 25241
  },
  {
    "seed": 25244
  },
  {
    "seed": 25301
  },
  {
    "seed": 25302
  },
  {
    "seed": 25306
  },
  {
    "seed": 25353
  },
  {
    "seed": 25381
  },
  {
    "seed": 25398
  },
  {
    "seed": 25457
  },
  {
    "seed": 25464
  },
  {
    "seed": 25470
  },
  {
    "seed": 25487
  },
  {
    "seed": 25490
  },
  {
    "seed": 25497
  },
  {
    "seed": 25522
  },
  {
    "seed": 25534
  },
  {
    "seed": 25596
  },
  {
    "seed": 25620
  },
  {
    "seed": 25689
  },
  {
    "seed": 25731
  },
  {
    "seed": 25767
  },
  {
    "seed": 25774
  },
  {
    "seed": 25795
  },
  {
    "seed": 25812
  },
  {
    "seed": 25820
  },
  {
    "seed": 25852
  },
  {
    "seed": 25854
  },
  {
    "seed": 25897
  },
  {
    "seed": 25898
  },
  {
    "seed": 25925
  },
  {
    "seed": 25943
  },
  {
    "seed": 25961
  },
  {
    "seed": 25980
  },
  {
    "seed": 26019
  },
  {
    "seed": 26066
  },
  {
    "seed": 26079
  },
  {
    "seed": 26090
  },
  {
    "seed": 26107
  },
  {
    "seed": 26112
  },
  {
    "seed": 26119
  },
  {
    "seed": 26171
  },
  {
    "seed": 26178
  },
  {
    "seed": 26204
  },
  {
    "seed": 26227
  },
  {
    "seed": 26240
  },
  {
    "seed": 26271
  },
  {
    "seed": 26282
  },
  {
    "seed": 26287
  },
  {
    "seed": 26316
  },
  {
    "seed": 26327
  },
  {
    "seed": 26330
  },
  {
    "seed": 26432
  },
  {
    "seed": 26460
  },
  {
    "seed": 26468
  },
  {
    "seed": 26482
  },
  {
    "seed": 26506
  },
  {
    "seed": 26523
  },
  {
    "seed": 26545
  },
  {
    "seed": 26618
  },
  {
    "seed": 26643
  },
  {
    "seed": 26649
  },
  {
    "seed": 26662
  },
  {
    "seed": 26700
  },
  {
    "seed": 26715
  },
  {
    "seed": 26722
  },
  {
    "seed": 26761
  },
  {
    "seed": 26763
  },
  {
    "seed": 26765
  },
  {
    "seed": 26782
  },
  {
    "seed": 26811
  },
  {
    "seed": 26813
  },
  {
    "seed": 26820
  },
  {
    "seed": 26837
  },
  {
    "seed": 26861
  },
  {
    "seed": 26910
  },
  {
    "seed": 26915
  },
  {
    "seed": 26927
  },
  {
    "seed": 26929
  },
  {
    "seed": 26939
  },
  {
    "seed": 26970
  },
  {
    "seed": 26995
  },
  {
    "seed": 26996
  },
  {
    "seed": 27030
  },
  {
    "seed": 27087
  },
  {
    "seed": 27114
  },
  {
    "seed": 27164
  },
  {
    "seed": 27170
  },
  {
    "seed": 27171
  },
  {
    "seed": 27190
  },
  {
    "seed": 27203
  },
  {
    "seed": 27263
  },
  {
    "seed": 27274
  },
  {
    "seed": 27317
  },
  {
    "seed": 27325
  },
  {
    "seed": 27354
  },
  {
    "seed": 27360
  },
  {
    "seed": 27410
  },
  {
    "seed": 27431
  },
  {
    "seed": 27446
  },
  {
    "seed": 27448
  },
  {
    "seed": 27481
  },
  {
    "seed": 27603
  },
  {
    "seed": 27608
  },
  {
    "seed": 27611
  },
  {
    "seed": 27628
  },
  {
    "seed": 27631
  },
  {
    "seed": 27642
  },
  {
    "seed": 27646
  },
  {
    "seed": 27657
  },
  {
    "seed": 27693
  },
  {
    "seed": 27701
  },
  {
    "seed": 27712
  },
  {
    "seed": 27714
  },
  {
    "seed": 27725
  },
  {
    "seed": 27764
  },
  {
    "seed": 27769
  },
  {
    "seed": 27770
  },
  {
    "seed": 27774
  },
  {
    "seed": 27812
  },
  {
    "seed": 27824
  },
  {
    "seed": 27851
  },
  {
    "seed": 27894
  },
  {
    "seed": 27963
  },
  {
    "seed": 27991
  },
  {
    "seed": 28007
  },
  {
    "seed": 28071
  },
  {
    "seed": 28081
  },
  {
    "seed": 28172
  },
  {
    "seed": 28174
  },
  {
    "seed": 28182
  },
  {
    "seed": 28223
  },
  {
    "seed": 28228
  },
  {
    "seed": 28238
  },
  {
    "seed": 28250
  },
  {
    "seed": 28272
  },
  {
    "seed": 28287
  },
  {
    "seed": 28302
  },
  {
    "seed": 28303
  },
  {
    "seed": 28308
  },
  {
    "seed": 28310
  },
  {
    "seed": 28351
  },
  {
    "seed": 28352
  },
  {
    "seed": 28388
  },
  {
    "seed": 28421
  },
  {
    "seed": 28492
  },
  {
    "seed": 28522
  },
  {
    "seed": 28537
  },
  {
    "seed": 28566
  },
  {
    "seed": 28574
  },
  {
    "seed": 28628
  },
  {
    "seed": 28636
  },
  {
    "seed": 28654
  },
  {
    "seed": 28655
  },
  {
    "seed": 28705
  },
  {
    "seed": 28726
  },
  {
    "seed": 28759
  },
  {
    "seed": 28767
  },
  {
    "seed": 28795
  },
  {
    "seed": 28805
  },
  {
    "seed": 28829
  },
  {
    "seed": 28831
  },
  {
    "seed": 28855
  },
  {
    "seed": 28861
  },
  {
    "seed": 28873
  },
  {
    "seed": 28964
  },
  {
    "seed": 28990
  },
  {
    "seed": 29015
  },
  {
    "seed": 29019
  },
  {
    "seed": 29031
  },
  {
    "seed": 29057
  },
  {
    "seed": 29080
  },
  {
    "seed": 29141
  },
  {
    "seed": 29183
  },
  {
    "seed": 29184
  },
  {
    "seed": 29256
  },
  {
    "seed": 29257
  },
  {
    "seed": 29300
  },
  {
    "seed": 29348
  },
  {
    "seed": 29355
  },
  {
    "seed": 29384
  },
  {
    "seed": 29439
  },
  {
    "seed": 29468
  },
  {
    "seed": 29476
  },
  {
    "seed": 29513
  },
  {
    "seed": 29514
  },
  {
    "seed": 29521
  },
  {
    "seed": 29558
  },
  {
    "seed": 29591
  },
  {
    "seed": 29607
  },
  {
    "seed": 29624
  },
  {
    "seed": 29706
  },
  {
    "seed": 29711
  },
  {
    "seed": 29733
  },
  {
    "seed": 29746
  },
  {
    "seed": 29765
  },
  {
    "seed": 29795
  },
  {
    "seed": 29839
  },
  {
    "seed": 29840
  },
  {
    "seed": 29888
  },
  {
    "seed": 29904
  },
  {
    "seed": 29931
  },
  {
    "seed": 29969
  },
  {
    "seed": 30033
  },
  {
    "seed": 30047
  },
  {
    "seed": 30067
  },
  {
    "seed": 30076
  },
  {
    "seed": 30082
  },
  {
    "seed": 30090
  },
  {
    "seed": 30102
  },
  {
    "seed": 30198
  },
  {
    "seed": 30204
  },
  {
    "seed": 30274
  },
  {
    "seed": 30354
  },
  {
    "seed": 30370
  },
  {
    "seed": 30394
  },
  {
    "seed": 30470
  },
  {
    "seed": 30532
  },
  {
    "seed": 30618
  },
  {
    "seed": 30710
  },
  {
    "seed": 30717
  },
  {
    "seed": 30733
  },
  {
    "seed": 30776
  },
  {
    "seed": 30780
  },
  {
    "seed": 30789
  },
  {
    "seed": 30821
  },
  {
    "seed": 30842
  },
  {
    "seed": 30870
  },
  {
    "seed": 30871
  },
  {
    "seed": 30926
  },
  {
    "seed": 30967
  },
  {
    "seed": 30979
  },
  {
    "seed": 31058
  },
  {
    "seed": 31063
  },
  {
    "seed": 31079
  },
  {
    "seed": 31097
  },
  {
    "seed": 31113
  },
  {
    "seed": 31180
  },
  {
    "seed": 31187
  },
  {
    "seed": 31193
  },
  {
    "seed": 31231
  },
  {
    "seed": 31240
  },
  {
    "seed": 31249
  },
  {
    "seed": 31272
  },
  {
    "seed": 31284
  },
  {
    "seed": 31370
  },
  {
    "seed": 31383
  },
  {
    "seed": 31400
  },
  {
    "seed": 31417
  },
  {
    "seed": 31477
  },
  {
    "seed": 31493
  },
  {
    "seed": 31496
  },
  {
    "seed": 31514
  },
  {
    "seed": 31547
  },
  {
    "seed": 31548
  },
  {
    "seed": 31604
  },
  {
    "seed": 31627
  },
  {
    "seed": 31646
  },
  {
    "seed": 31656
  },
  {
    "seed": 31686
  },
  {
    "seed": 31751
  },
  {
    "seed": 31773
  },
  {
    "seed": 31794
  },
  {
    "seed": 31811
  },
  {
    "seed": 31838
  },
  {
    "seed": 31891
  },
  {
    "seed": 31900
  },
  {
    "seed": 31932
  },
  {
    "seed": 31941
  },
  {
    "seed": 31942
  },
  {
    "seed": 31944
  },
  {
    "seed": 31957
  },
  {
    "seed": 31976
  },
  {
    "seed": 31993
  },
  {
    "seed": 31998
  },
  {
    "seed": 32021
  },
  {
    "seed": 32049
  },
  {
    "seed": 32056
  },
  {
    "seed": 32133
  },
  {
    "seed": 32197
  },
  {
    "seed": 32209
  },
  {
    "seed": 32215
  },
  {
    "seed": 32223
  },
  {
    "seed": 32247
  },
  {
    "seed": 32262
  },
  {
    "seed": 32279
  },
  {
    "seed": 32485
  },
  {
    "seed": 32544
  },
  {
    "seed": 32587
  },
  {
    "seed": 32592
  },
  {
    "seed": 32603
  },
  {
    "seed": 32635
  },
  {
    "seed": 32636
  },
  {
    "seed": 32638
  },
  {
    "seed": 32752
  },
  {
    "seed": 32773
  },
  {
    "seed": 32804
  },
  {
    "seed": 32852
  },
  {
    "seed": 32866
  },
  {
    "seed": 32939
  },
  {
    "seed": 32946
  },
  {
    "seed": 32952
  },
  {
    "seed": 32979
  },
  {
    "seed": 32988
  },
  {
    "seed": 33017
  },
  {
    "seed": 33026
  },
  {
    "seed": 33070
  },
  {
    "seed": 33153
  },
  {
    "seed": 33184
  },
  {
    "seed": 33220
  },
  {
    "seed": 33278
  },
  {
    "seed": 33283
  },
  {
    "seed": 33340
  },
  {
    "seed": 33341
  },
  {
    "seed": 33355
  },
  {
    "seed": 33412
  },
  {
    "seed": 33455
  },
  {
    "seed": 33458
  },
  {
    "seed": 33478
  },
  {
    "seed": 33479
  },
  {
    "seed": 33483
  },
  {
    "seed": 33488
  },
  {
    "seed": 33493
  },
  {
    "seed": 33526
  },
  {
    "seed": 33561
  },
  {
    "seed": 33623
  },
  {
    "seed": 33643
  },
  {
    "seed": 33645
  },
  {
    "seed": 33655
  },
  {
    "seed": 33783
  },
  {
    "seed": 33814
  },
  {
    "seed": 33840
  },
  {
    "seed": 33873
  },
  {
    "seed": 33876
  },
  {
    "seed": 33881
  },
  {
    "seed": 33896
  },
  {
    "seed": 33907
  },
  {
    "seed": 33918
  },
  {
    "seed": 33927
  },
  {
    "seed": 33995
  },
  {
    "seed": 34018
  },
  {
    "seed": 34027
  },
  {
    "seed": 34124
  },
  {
    "seed": 34127
  },
  {
    "seed": 34143
  },
  {
    "seed": 34164
  },
  {
    "seed": 34182
  },
  {
    "seed": 34208
  },
  {
    "seed": 34218
  },
  {
    "seed": 34267
  },
  {
    "seed": 34271
  },
  {
    "seed": 34383
  },
  {
    "seed": 34384
  },
  {
    "seed": 34487
  },
  {
    "seed": 34544
  },
  {
    "seed": 34608
  },
  {
    "seed": 34635
  },
  {
    "seed": 34670
  },
  {
    "seed": 34673
  },
  {
    "seed": 34719
  },
  {
    "seed": 34729
  },
  {
    "seed": 34739
  },
  {
    "seed": 34746
  },
  {
    "seed": 34805
  },
  {
    "seed": 34819
  },
  {
    "seed": 34840
  },
  {
    "seed": 34905
  },
  {
    "seed": 34910
  },
  {
    "seed": 34971
  },
  {
    "seed": 34983
  },
  {
    "seed": 35031
  },
  {
    "seed": 35075
  },
  {
    "seed": 35088
  },
  {
    "seed": 35137
  },
  {
    "seed": 35195
  },
  {
    "seed": 35259
  },
  {
    "seed": 35275
  },
  {
    "seed": 35283
  },
  {
    "seed": 35308
  },
  {
    "seed": 35320
  },
  {
    "seed": 35342
  },
  {
    "seed": 35345
  },
  {
    "seed": 35369
  },
  {
    "seed": 35375
  },
  {
    "seed": 35398
  },
  {
    "seed": 35417
  },
  {
    "seed": 35461
  },
  {
    "seed": 35488
  },
  {
    "seed": 35529
  },
  {
    "seed": 35542
  },
  {
    "seed": 35594
  },
  {
    "seed": 35620
  },
  {
    "seed": 35650
  },
  {
    "seed": 35674
  },
  {
    "seed": 35682
  },
  {
    "seed": 35703
  },
  {
    "seed": 35796
  },
  {
    "seed": 35808
  },
  {
    "seed": 35817
  },
  {
    "seed": 35856
  },
  {
    "seed": 35872
  },
  {
    "seed": 35911
  },
  {
    "seed": 35923
  },
  {
    "seed": 35936
  },
  {
    "seed": 35939
  },
  {
    "seed": 35995
  },
  {
    "seed": 36011
  },
  {
    "seed": 36062
  },
  {
    "seed": 36066
  },
  {
    "seed": 36102
  },
  {
    "seed": 36165
  },
  {
    "seed": 36188
  },
  {
    "seed": 36190
  },
  {
    "seed": 36195
  },
  {
    "seed": 36232
  },
  {
    "seed": 36313
  },
  {
    "seed": 36323
  },
  {
    "seed": 36404
  },
  {
    "seed": 36428
  },
  {
    "seed": 36439
  },
  {
    "seed": 36456
  },
  {
    "seed": 36479
  },
  {
    "seed": 36502
  },
  {
    "seed": 36655
  },
  {
    "seed": 36656
  },
  {
    "seed": 36688
  },
  {
    "seed": 36719
  },
  {
    "seed": 36741
  },
  {
    "seed": 36745
  },
  {
    "seed": 36760
  },
  {
    "seed": 36782
  },
  {
    "seed": 36807
  },
  {
    "seed": 36820
  },
  {
    "seed": 36861
  },
  {
    "seed": 36974
  },
  {
    "seed": 36985
  },
  {
    "seed": 37000
  },
  {
    "seed": 37022
  },
  {
    "seed": 37039
  },
  {
    "seed": 37091
  },
  {
    "seed": 37132
  },
  {
    "seed": 37133
  },
  {
    "seed": 37175
  },
  {
    "seed": 37178
  },
  {
    "seed": 37275
  },
  {
    "seed": 37276
  },
  {
    "seed": 37365
  },
  {
    "seed": 37371
  },
  {
    "seed": 37412
  },
  {
    "seed": 37432
  },
  {
    "seed": 37451
  },
  {
    "seed": 37480
  },
  {
    "seed": 37506
  },
  {
    "seed": 37564
  },
  {
    "seed": 37568
  },
  {
    "seed": 37581
  },
  {
    "seed": 37623
  },
  {
    "seed": 37716
  },
  {
    "seed": 37829
  },
  {
    "seed": 37830
  },
  {
    "seed": 37837
  },
  {
    "seed": 37845
  },
  {
    "seed": 37860
  },
  {
    "seed": 38017
  },
  {
    "seed": 38044
  },
  {
    "seed": 38080
  },
  {
    "seed": 38106
  },
  {
    "seed": 38115
  },
  {
    "seed": 38154
  },
  {
    "seed": 38244
  },
  {
    "seed": 38249
  },
  {
    "seed": 38309
  },
  {
    "seed": 38371
  },
  {
    "seed": 38382
  },
  {
    "seed": 38395
  },
  {
    "seed": 38416
  },
  {
    "seed": 38512
  },
  {
    "seed": 38513
  },
  {
    "seed": 38551
  },
  {
    "seed": 38559
  },
  {
    "seed": 38677
  },
  {
    "seed": 38684
  },
  {
    "seed": 38692
  },
  {
    "seed": 38709
  },
  {
    "seed": 38715
  },
  {
    "seed": 38728
  },
  {
    "seed": 38737
  },
  {
    "seed": 38753
  },
  {
    "seed": 38811
  },
  {
    "seed": 38812
  },
  {
    "seed": 38846
  },
  {
    "seed": 38870
  },
  {
    "seed": 38919
  },
  {
    "seed": 38943
  },
  {
    "seed": 38952
  },
  {
    "seed": 38970
  },
  {
    "seed": 38983
  },
  {
    "seed": 38990
  },
  {
    "seed": 39096
  },
  {
    "seed": 39136
  },
  {
    "seed": 39187
  },
  {
    "seed": 39204
  },
  {
    "seed": 39267
  },
  {
    "seed": 39317
  },
  {
    "seed": 39335
  },
  {
    "seed": 39339
  },
  {
    "seed": 39374
  },
  {
    "seed": 39383
  },
  {
    "seed": 39392
  },
  {
    "seed": 39456
  },
  {
    "seed": 39511
  },
  {
    "seed": 39548
  },
  {
    "seed": 39559
  },
  {
    "seed": 39566
  },
  {
    "seed": 39581
  },
  {
    "seed": 39594
  },
  {
    "seed": 39696
  },
  {
    "seed": 39758
  },
  {
    "seed": 39773
  },
  {
    "seed": 39776
  },
  {
    "seed": 39789
  },
  {
    "seed": 39797
  },
  {
    "seed": 39834
  },
  {
    "seed": 39865
  },
  {
    "seed": 40007
  },
  {
    "seed": 40099
  },
  {
    "seed": 40107
  },
  {
    "seed": 40110
  },
  {
    "seed": 40161
  },
  {
    "seed": 40199
  },
  {
    "seed": 40307
  },
  {
    "seed": 40308
  },
  {
    "seed": 40310
  },
  {
    "seed": 40316
  },
  {
    "seed": 40322
  },
  {
    "seed": 40404
  },
  {
    "seed": 40424
  },
  {
    "seed": 40455
  },
  {
    "seed": 40500
  },
  {
    "seed": 40546
  },
  {
    "seed": 40595
  },
  {
    "seed": 40689
  },
  {
    "seed": 40718
  },
  {
    "seed": 40719
  },
  {
    "seed": 40770
  },
  {
    "seed": 40847
  },
  {
    "seed": 40851
  },
  {
    "seed": 40874
  },
  {
    "seed": 40904
  },
  {
    "seed": 40966
  },
  {
    "seed": 40992
  },
  {
    "seed": 41059
  },
  {
    "seed": 41062
  },
  {
    "seed": 41077
  },
  {
    "seed": 41096
  },
  {
    "seed": 41102
  },
  {
    "seed": 41114
  },
  {
    "seed": 41120
  },
  {
    "seed": 41122
  },
  {
    "seed": 41134
  },
  {
    "seed": 41181
  },
  {
    "seed": 41186
  },
  {
    "seed": 41205
  },
  {
    "seed": 41209
  },
  {
    "seed": 41243
  },
  {
    "seed": 41244
  },
  {
    "seed": 41246
  },
  {
    "seed": 41256
  },
  {
    "seed": 41322
  },
  {
    "seed": 41360
  },
  {
    "seed": 41425
  },
  {
    "seed": 41438
  },
  {
    "seed": 41450
  },
  {
    "seed": 41477
  },
  {
    "seed": 41481
  },
  {
    "seed": 41513
  },
  {
    "seed": 41558
  },
  {
    "seed": 41593
  },
  {
    "seed": 41611
  },
  {
    "seed": 41628
  },
  {
    "seed": 41682
  },
  {
    "seed": 41697
  },
  {
    "seed": 41718
  },
  {
    "seed": 41753
  },
  {
    "seed": 41763
  },
  {
    "seed": 41802
  },
  {
    "seed": 41807
  },
  {
    "seed": 41824
  },
  {
    "seed": 41857
  },
  {
    "seed": 41858
  },
  {
    "seed": 41873
  },
  {
    "seed": 41876
  },
  {
    "seed": 42088
  },
  {
    "seed": 42099
  },
  {
    "seed": 42101
  },
  {
    "seed": 42139
  },
  {
    "seed": 42236
  },
  {
    "seed": 42254
  },
  {
    "seed": 42318
  },
  {
    "seed": 42407
  },
  {
    "seed": 42442
  },
  {
    "seed": 42474
  },
  {
    "seed": 42496
  },
  {
    "seed": 42526
  },
  {
    "seed": 42530
  },
  {
    "seed": 42533
  },
  {
    "seed": 42549
  },
  {
    "seed": 42557
  },
  {
    "seed": 42561
  },
  {
    "seed": 42567
  },
  {
    "seed": 42672
  },
  {
    "seed": 42733
  },
  {
    "seed": 42736
  },
  {
    "seed": 42760
  },
  {
    "seed": 42776
  },
  {
    "seed": 42781
  },
  {
    "seed": 42831
  },
  {
    "seed": 42846
  },
  {
    "seed": 42847
  },
  {
    "seed": 42851
  },
  {
    "seed": 42953
  },
  {
    "seed": 42963
  },
  {
    "seed": 42969
  },
  {
    "seed": 42990
  },
  {
    "seed": 43005
  },
  {
    "seed": 43045
  },
  {
    "seed": 43110
  },
  {
    "seed": 43137
  },
  {
    "seed": 43160
  },
  {
    "seed": 43168
  },
  {
    "seed": 43181
  },
  {
    "seed": 43186
  },
  {
    "seed": 43200
  },
  {
    "seed": 43211
  },
  {
    "seed": 43223
  },
  {
    "seed": 43256
  },
  {
    "seed": 43264
  },
  {
    "seed": 43271
  },
  {
    "seed": 43273
  },
  {
    "seed": 43336
  },
  {
    "seed": 43341
  },
  {
    "seed": 43365
  },
  {
    "seed": 43404
  },
  {
    "seed": 43408
  },
  {
    "seed": 43414
  },
  {
    "seed": 43419
  },
  {
    "seed": 43475
  },
  {
    "seed": 43514
  },
  {
    "seed": 43519
  },
  {
    "seed": 43532
  },
  {
    "seed": 43573
  },
  {
    "seed": 43590
  },
  {
    "seed": 43603
  },
  {
    "seed": 43610
  },
  {
    "seed": 43640
  },
  {
    "seed": 43660
  },
  {
    "seed": 43712
  },
  {
    "seed": 43726
  },
  {
    "seed": 43745
  },
  {
    "seed": 43789
  },
  {
    "seed": 43806
  },
  {
    "seed": 43808
  },
  {
    "seed": 43809
  },
  {
    "seed": 43840
  },
  {
    "seed": 43844
  },
  {
    "seed": 43856
  },
  {
    "seed": 43872
  },
  {
    "seed": 43898
  },
  {
    "seed": 43949
  },
  {
    "seed": 43975
  },
  {
    "seed": 43983
  },
  {
    "seed": 44028
  },
  {
    "seed": 44040
  },
  {
    "seed": 44045
  },
  {
    "seed": 44056
  },
  {
    "seed": 44062
  },
  {
    "seed": 44095
  },
  {
    "seed": 44107
  },
  {
    "seed": 44177
  },
  {
    "seed": 44254
  },
  {
    "seed": 44267
  },
  {
    "seed": 44299
  },
  {
    "seed": 44351
  },
  {
    "seed": 44395
  },
  {
    "seed": 44396
  },
  {
    "seed": 44430
  },
  {
    "seed": 44547
  },
  {
    "seed": 44561
  },
  {
    "seed": 44638
  },
  {
    "seed": 44658
  },
  {
    "seed": 44712
  },
  {
    "seed": 44735
  },
  {
    "seed": 44776
  },
  {
    "seed": 44778
  },
  {
    "seed": 44779
  },
  {
    "seed": 44798
  },
  {
    "seed": 44939
  },
  {
    "seed": 44946
  },
  {
    "seed": 44967
  },
  {
    "seed": 44988
  },
  {
    "seed": 45002
  },
  {
    "seed": 45024
  },
  {
    "seed": 45054
  },
  {
    "seed": 45073
  },
  {
    "seed": 45169
  },
  {
    "seed": 45182
  },
  {
    "seed": 45258
  },
  {
    "seed": 45281
  },
  {
    "seed": 45286
  },
  {
    "seed": 45319
  },
  {
    "seed": 45357
  },
  {
    "seed": 45370
  },
  {
    "seed": 45396
  },
  {
    "seed": 45411
  },
  {
    "seed": 45474
  },
  {
    "seed": 45538
  },
  {
    "seed": 45565
  },
  {
    "seed": 45570
  },
  {
    "seed": 45595
  },
  {
    "seed": 45729
  },
  {
    "seed": 45760
  },
  {
    "seed": 45766
  },
  {
    "seed": 45823
  },
  {
    "seed": 45856
  },
  {
    "seed": 45859
  },
  {
    "seed": 45907
  },
  {
    "seed": 45919
  },
  {
    "seed": 45959
  },
  {
    "seed": 45995
  },
  {
    "seed": 46009
  },
  {
    "seed": 46022
  },
  {
    "seed": 46077
  },
  {
    "seed": 46081
  },
  {
    "seed": 46092
  },
  {
    "seed": 46160
  },
  {
    "seed": 46247
  },
  {
    "seed": 46259
  },
  {
    "seed": 46281
  },
  {
    "seed": 46318
  },
  {
    "seed": 46356
  },
  {
    "seed": 46415
  },
  {
    "seed": 46431
  },
  {
    "seed": 46456
  },
  {
    "seed": 46461
  },
  {
    "seed": 46496
  },
  {
    "seed": 46529
  },
  {
    "seed": 46606
  },
  {
    "seed": 46666
  },
  {
    "seed": 46677
  },
  {
    "seed": 46740
  },
  {
    "seed": 46746
  },
  {
    "seed": 46754
  },
  {
    "seed": 46755
  },
  {
    "seed": 46791
  },
  {
    "seed": 46798
  },
  {
    "seed": 46837
  },
  {
    "seed": 46849
  },
  {
    "seed": 46892
  },
  {
    "seed": 46897
  },
  {
    "seed": 46924
  },
  {
    "seed": 46939
  },
  {
    "seed": 46948
  },
  {
    "seed": 46967
  },
  {
    "seed": 46981
  },
  {
    "seed": 47014
  },
  {
    "seed": 47060
  },
  {
    "seed": 47078
  },
  {
    "seed": 47082
  },
  {
    "seed": 47129
  },
  {
    "seed": 47168
  },
  {
    "seed": 47196
  },
  {
    "seed": 47219
  },
  {
    "seed": 47224
  },
  {
    "seed": 47226
  },
  {
    "seed": 47259
  },
  {
    "seed": 47292
  },
  {
    "seed": 47323
  },
  {
    "seed": 47349
  },
  {
    "seed": 47351
  },
  {
    "seed": 47386
  },
  {
    "seed": 47438
  },
  {
    "seed": 47464
  },
  {
    "seed": 47482
  },
  {
    "seed": 47511
  },
  {
    "seed": 47595
  },
  {
    "seed": 47601
  },
  {
    "seed": 47623
  },
  {
    "seed": 47627
  },
  {
    "seed": 47688
  },
  {
    "seed": 47696
  },
  {
    "seed": 47716
  },
  {
    "seed": 47779
  },
  {
    "seed": 47781
  },
  {
    "seed": 47839
  },
  {
    "seed": 47905
  },
  {
    "seed": 47906
  },
  {
    "seed": 47917
  },
  {
    "seed": 47944
  },
  {
    "seed": 47945
  },
  {
    "seed": 47964
  },
  {
    "seed": 47985
  },
  {
    "seed": 48149
  },
  {
    "seed": 48233
  },
  {
    "seed": 48249
  },
  {
    "seed": 48301
  },
  {
    "seed": 48317
  },
  {
    "seed": 48360
  },
  {
    "seed": 48362
  },
  {
    "seed": 48419
  },
  {
    "seed": 48433
  },
  {
    "seed": 48486
  },
  {
    "seed": 48528
  },
  {
    "seed": 48562
  },
  {
    "seed": 48573
  },
  {
    "seed": 48672
  },
  {
    "seed": 48673
  },
  {
    "seed": 48682
  },
  {
    "seed": 48708
  },
  {
    "seed": 48713
  },
  {
    "seed": 48728
  },
  {
    "seed": 48772
  },
  {
    "seed": 48912
  },
  {
    "seed": 49001
  },
  {
    "seed": 49052
  },
  {
    "seed": 49057
  },
  {
    "seed": 49059
  },
  {
    "seed": 49150
  },
  {
    "seed": 49246
  },
  {
    "seed": 49255
  },
  {
    "seed": 49284
  },
  {
    "seed": 49301
  },
  {
    "seed": 49311
  },
  {
    "seed": 49341
  },
  {
    "seed": 49345
  },
  {
    "seed": 49359
  },
  {
    "seed": 49397
  },
  {
    "seed": 49440
  },
  {
    "seed": 49471
  },
  {
    "seed": 49476
  },
  {
    "seed": 49514
  },
  {
    "seed": 49516
  },
  {
    "seed": 49523
  },
  {
    "seed": 49568
  },
  {
    "seed": 49612
  },
  {
    "seed": 49626
  },
  {
    "seed": 49637
  },
  {
    "seed": 49652
  },
  {
    "seed": 49674
  },
  {
    "seed": 49723
  },
  {
    "seed": 49861
  },
  {
    "seed": 49885
  },
  {
    "seed": 49891
  },
  {
    "seed": 49892
  },
  {
    "seed": 49920
  },
  {
    "seed": 49952
  },
  {
    "seed": 49972
  },
  {
    "seed": 50009
  },
  {
    "seed": 50021
  },
  {
    "seed": 50046
  },
  {
    "seed": 50048
  },
  {
    "seed": 50064
  },
  {
    "seed": 50075
  },
  {
    "seed": 50114
  },
  {
    "seed": 50156
  },
  {
    "seed": 50194
  },
  {
    "seed": 50222
  },
  {
    "seed": 50227
  },
  {
    "seed": 50228
  },
  {
    "seed": 50257
  },
  {
    "seed": 50261
  },
  {
    "seed": 50269
  },
  {
    "seed": 50294
  },
  {
    "seed": 50313
  },
  {
    "seed": 50384
  },
  {
    "seed": 50481
  },
  {
    "seed": 50495
  },
  {
    "seed": 50502
  },
  {
    "seed": 50517
  },
  {
    "seed": 50550
  },
  {
    "seed": 50619
  },
  {
    "seed": 50624
  },
  {
    "seed": 50662
  },
  {
    "seed": 50680
  },
  {
    "seed": 50683
  },
  {
    "seed": 50690
  },
  {
    "seed": 50691
  },
  {
    "seed": 50761
  },
  {
    "seed": 50779
  },
  {
    "seed": 50833
  },
  {
    "seed": 50839
  },
  {
    "seed": 50853
  },
  {
    "seed": 50854
  },
  {
    "seed": 50857
  },
  {
    "seed": 50858
  },
  {
    "seed": 50954
  },
  {
    "seed": 50961
  },
  {
    "seed": 50979
  },
  {
    "seed": 50989
  },
  {
    "seed": 50995
  },
  {
    "seed": 51037
  },
  {
    "seed": 51052
  },
  {
    "seed": 51055
  },
  {
    "seed": 51061
  },
  {
    "seed": 51122
  },
  {
    "seed": 51186
  },
  {
    "seed": 51197
  },
  {
    "seed": 51240
  },
  {
    "seed": 51273
  },
  {
    "seed": 51313
  },
  {
    "seed": 51323
  },
  {
    "seed": 51333
  },
  {
    "seed": 51415
  },
  {
    "seed": 51428
  },
  {
    "seed": 51455
  },
  {
    "seed": 51482
  },
  {
    "seed": 51507
  },
  {
    "seed": 51530
  },
  {
    "seed": 51586
  },
  {
    "seed": 51618
  },
  {
    "seed": 51647
  },
  {
    "seed": 51667
  },
  {
    "seed": 51676
  },
  {
    "seed": 51696
  },
  {
    "seed": 51705
  },
  {
    "seed": 51717
  },
  {
    "seed": 51734
  },
  {
    "seed": 51741
  },
  {
    "seed": 51766
  },
  {
    "seed": 51790
  },
  {
    "seed": 51802
  },
  {
    "seed": 51805
  },
  {
    "seed": 51809
  },
  {
    "seed": 51860
  },
  {
    "seed": 51863
  },
  {
    "seed": 51871
  },
  {
    "seed": 51924
  },
  {
    "seed": 52004
  },
  {
    "seed": 52015
  },
  {
    "seed": 52071
  },
  {
    "seed": 52080
  },
  {
    "seed": 52088
  },
  {
    "seed": 52096
  },
  {
    "seed": 52112
  },
  {
    "seed": 52127
  },
  {
    "seed": 52137
  },
  {
    "seed": 52148
  },
  {
    "seed": 52158
  },
  {
    "seed": 52164
  },
  {
    "seed": 52178
  },
  {
    "seed": 52190
  },
  {
    "seed": 52204
  },
  {
    "seed": 52221
  },
  {
    "seed": 52246
  },
  {
    "seed": 52247
  },
  {
    "seed": 52261
  },
  {
    "seed": 52273
  },
  {
    "seed": 52294
  },
  {
    "seed": 52331
  },
  {
    "seed": 52351
  },
  {
    "seed": 52379
  },
  {
    "seed": 52456
  },
  {
    "seed": 52475
  },
  {
    "seed": 52486
  },
  {
    "seed": 52494
  },
  {
    "seed": 52495
  },
  {
    "seed": 52499
  },
  {
    "seed": 52502
  },
  {
    "seed": 52684
  },
  {
    "seed": 52729
  },
  {
    "seed": 52798
  },
  {
    "seed": 52805
  },
  {
    "seed": 52831
  },
  {
    "seed": 52837
  },
  {
    "seed": 52846
  },
  {
    "seed": 52879
  },
  {
    "seed": 52912
  },
  {
    "seed": 52916
  },
  {
    "seed": 52925
  },
  {
    "seed": 52926
  },
  {
    "seed": 52932
  },
  {
    "seed": 52969
  },
  {
    "seed": 52972
  },
  {
    "seed": 52994
  },
  {
    "seed": 53013
  },
  {
    "seed": 53096
  },
  {
    "seed": 53127
  },
  {
    "seed": 53134
  },
  {
    "seed": 53150
  },
  {
    "seed": 53177
  },
  {
    "seed": 53199
  },
  {
    "seed": 53233
  },
  {
    "seed": 53251
  },
  {
    "seed": 53261
  },
  {
    "seed": 53271
  },
  {
    "seed": 53280
  },
  {
    "seed": 53392
  },
  {
    "seed": 53430
  },
  {
    "seed": 53447
  },
  {
    "seed": 53450
  },
  {
    "seed": 53467
  },
  {
    "seed": 53479
  },
  {
    "seed": 53480
  },
  {
    "seed": 53505
  },
  {
    "seed": 53515
  },
  {
    "seed": 53565
  },
  {
    "seed": 53580
  },
  {
    "seed": 53587
  },
  {
    "seed": 53645
  },
  {
    "seed": 53659
  },
  {
    "seed": 53702
  },
  {
    "seed": 53703
  },
  {
    "seed": 53729
  },
  {
    "seed": 53742
  },
  {
    "seed": 53783
  },
  {
    "seed": 53813
  },
  {
    "seed": 53814
  },
  {
    "seed": 53819
  },
  {
    "seed": 53843
  },
  {
    "seed": 53870
  },
  {
    "seed": 53876
  },
  {
    "seed": 53887
  },
  {
    "seed": 53931
  },
  {
    "seed": 53963
  },
  {
    "seed": 53982
  },
  {
    "seed": 54018
  },
  {
    "seed": 54030
  },
  {
    "seed": 54050
  },
  {
    "seed": 54129
  },
  {
    "seed": 54135
  },
  {
    "seed": 54180
  },
  {
    "seed": 54284
  },
  {
    "seed": 54297
  },
  {
    "seed": 54299
  },
  {
    "seed": 54336
  },
  {
    "seed": 54367
  },
  {
    "seed": 54413
  },
  {
    "seed": 54445
  },
  {
    "seed": 54448
  },
  {
    "seed": 54484
  },
  {
    "seed": 54614
  },
  {
    "seed": 54671
  },
  {
    "seed": 54682
  },
  {
    "seed": 54698
  },
  {
    "seed": 54706
  },
  {
    "seed": 54753
  },
  {
    "seed": 54790
  },
  {
    "seed": 54805
  },
  {
    "seed": 54847
  },
  {
    "seed": 54879
  },
  {
    "seed": 54945
  },
  {
    "seed": 54959
  },
  {
    "seed": 55056
  },
  {
    "seed": 55144
  },
  {
    "seed": 55167
  },
  {
    "seed": 55168
  },
  {
    "seed": 55214
  },
  {
    "seed": 55226
  },
  {
    "seed": 55264
  },
  {
    "seed": 55270
  },
  {
    "seed": 55290
  },
  {
    "seed": 55308
  },
  {
    "seed": 55319
  },
  {
    "seed": 55331
  },
  {
    "seed": 55398
  },
  {
    "seed": 55399
  },
  {
    "seed": 55611
  },
  {
    "seed": 55626
  },
  {
    "seed": 55630
  },
  {
    "seed": 55639
  },
  {
    "seed": 55667
  },
  {
    "seed": 55691
  },
  {
    "seed": 55701
  },
  {
    "seed": 55713
  },
  {
    "seed": 55728
  },
  {
    "seed": 55739
  },
  {
    "seed": 55760
  },
  {
    "seed": 55765
  },
  {
    "seed": 55773
  },
  {
    "seed": 55778
  },
  {
    "seed": 55783
  },
  {
    "seed": 55786
  },
  {
    "seed": 55822
  },
  {
    "seed": 55827
  },
  {
    "seed": 55851
  },
  {
    "seed": 55859
  },
  {
    "seed": 55889
  },
  {
    "seed": 55909
  },
  {
    "seed": 55926
  },
  {
    "seed": 56000
  },
  {
    "seed": 56003
  },
  {
    "seed": 56014
  },
  {
    "seed": 56098
  },
  {
    "seed": 56105
  },
  {
    "seed": 56148
  },
  {
    "seed": 56189
  },
  {
    "seed": 56271
  },
  {
    "seed": 56402
  },
  {
    "seed": 56414
  },
  {
    "seed": 56445
  },
  {
    "seed": 56460
  },
  {
    "seed": 56491
  },
  {
    "seed": 56526
  },
  {
    "seed": 56610
  },
  {
    "seed": 56626
  },
  {
    "seed": 56696
  },
  {
    "seed": 56727
  },
  {
    "seed": 56732
  },
  {
    "seed": 56743
  },
  {
    "seed": 56747
  },
  {
    "seed": 56756
  },
  {
    "seed": 56814
  },
  {
    "seed": 56877
  },
  {
    "seed": 56891
  },
  {
    "seed": 56901
  },
  {
    "seed": 56935
  },
  {
    "seed": 56944
  },
  {
    "seed": 56992
  },
  {
    "seed": 57000
  },
  {
    "seed": 57050
  },
  {
    "seed": 57079
  },
  {
    "seed": 57115
  },
  {
    "seed": 57141
  },
  {
    "seed": 57142
  },
  {
    "seed": 57196
  },
  {
    "seed": 57197
  },
  {
    "seed": 57226
  },
  {
    "seed": 57246
  },
  {
    "seed": 57292
  },
  {
    "seed": 57356
  },
  {
    "seed": 57359
  },
  {
    "seed": 57403
  },
  {
    "seed": 57418
  },
  {
    "seed": 57430
  },
  {
    "seed": 57431
  },
  {
    "seed": 57440
  },
  {
    "seed": 57463
  },
  {
    "seed": 57467
  },
  {
    "seed": 57490
  },
  {
    "seed": 57502
  },
  {
    "seed": 57508
  },
  {
    "seed": 57566
  },
  {
    "seed": 57578
  },
  {
    "seed": 57611
  },
  {
    "seed": 57614
  },
  {
    "seed": 57658
  },
  {
    "seed": 57719
  },
  {
    "seed": 57724
  },
  {
    "seed": 57732
  },
  {
    "seed": 57756
  },
  {
    "seed": 57770
  },
  {
    "seed": 57794
  },
  {
    "seed": 57796
  },
  {
    "seed": 57806
  },
  {
    "seed": 57808
  },
  {
    "seed": 57812
  },
  {
    "seed": 57828
  },
  {
    "seed": 57862
  },
  {
    "seed": 57915
  },
  {
    "seed": 57924
  },
  {
    "seed": 57996
  },
  {
    "seed": 58035
  },
  {
    "seed": 58051
  },
  {
    "seed": 58071
  },
  {
    "seed": 58087
  },
  {
    "seed": 58092
  },
  {
    "seed": 58101
  },
  {
    "seed": 58270
  },
  {
    "seed": 58284
  },
  {
    "seed": 58299
  },
  {
    "seed": 58339
  },
  {
    "seed": 58340
  },
  {
    "seed": 58466
  },
  {
    "seed": 58484
  },
  {
    "seed": 58497
  },
  {
    "seed": 58504
  },
  {
    "seed": 58514
  },
  {
    "seed": 58525
  },
  {
    "seed": 58543
  },
  {
    "seed": 58550
  },
  {
    "seed": 58562
  },
  {
    "seed": 58570
  },
  {
    "seed": 58589
  },
  {
    "seed": 58596
  },
  {
    "seed": 58601
  },
  {
    "seed": 58658
  },
  {
    "seed": 58664
  },
  {
    "seed": 58672
  },
  {
    "seed": 58701
  },
  {
    "seed": 58721
  },
  {
    "seed": 58760
  },
  {
    "seed": 58826
  },
  {
    "seed": 58829
  },
  {
    "seed": 58833
  },
  {
    "seed": 58835
  },
  {
    "seed": 58912
  },
  {
    "seed": 58943
  },
  {
    "seed": 58965
  },
  {
    "seed": 58972
  },
  {
    "seed": 58999
  },
  {
    "seed": 59039
  },
  {
    "seed": 59076
  },
  {
    "seed": 59086
  },
  {
    "seed": 59088
  },
  {
    "seed": 59105
  },
  {
    "seed": 59107
  },
  {
    "seed": 59114
  },
  {
    "seed": 59118
  },
  {
    "seed": 59121
  },
  {
    "seed": 59146
  },
  {
    "seed": 59216
  },
  {
    "seed": 59245
  },
  {
    "seed": 59266
  },
  {
    "seed": 59281
  },
  {
    "seed": 59288
  },
  {
    "seed": 59325
  },
  {
    "seed": 59381
  },
  {
    "seed": 59392
  },
  {
    "seed": 59395
  },
  {
    "seed": 59398
  },
  {
    "seed": 59424
  },
  {
    "seed": 59446
  },
  {
    "seed": 59448
  },
  {
    "seed": 59467
  },
  {
    "seed": 59504
  },
  {
    "seed": 59530
  },
  {
    "seed": 59584
  },
  {
    "seed": 59673
  },
  {
    "seed": 59675
  },
  {
    "seed": 59711
  },
  {
    "seed": 59714
  },
  {
    "seed": 59731
  },
  {
    "seed": 59756
  },
  {
    "seed": 59900
  },
  {
    "seed": 59929
  },
  {
    "seed": 59934
  },
  {
    "seed": 59947
  },
  {
    "seed": 59966
  },
  {
    "seed": 59985
  },
  {
    "seed": 60005
  },
  {
    "seed": 60132
  },
  {
    "seed": 60136
  },
  {
    "seed": 60200
  },
  {
    "seed": 60230
  },
  {
    "seed": 60246
  },
  {
    "seed": 60279
  },
  {
    "seed": 60285
  },
  {
    "seed": 60292
  },
  {
    "seed": 60321
  },
  {
    "seed": 60365
  },
  {
    "seed": 60400
  },
  {
    "seed": 60412
  },
  {
    "seed": 60462
  },
  {
    "seed": 60484
  },
  {
    "seed": 60492
  },
  {
    "seed": 60552
  },
  {
    "seed": 60586
  },
  {
    "seed": 60626
  },
  {
    "seed": 60673
  },
  {
    "seed": 60691
  },
  {
    "seed": 60712
  },
  {
    "seed": 60719
  },
  {
    "seed": 60833
  },
  {
    "seed": 60836
  },
  {
    "seed": 60846
  },
  {
    "seed": 60896
  },
  {
    "seed": 60937
  },
  {
    "seed": 60943
  },
  {
    "seed": 60947
  },
  {
    "seed": 60987
  },
  {
    "seed": 61069
  },
  {
    "seed": 61142
  },
  {
    "seed": 61148
  },
  {
    "seed": 61189
  },
  {
    "seed": 61191
  },
  {
    "seed": 61217
  },
  {
    "seed": 61232
  },
  {
    "seed": 61246
  },
  {
    "seed": 61255
  },
  {
    "seed": 61277
  },
  {
    "seed": 61300
  },
  {
    "seed": 61327
  },
  {
    "seed": 61358
  },
  {
    "seed": 61376
  },
  {
    "seed": 61389
  },
  {
    "seed": 61426
  },
  {
    "seed": 61434
  },
  {
    "seed": 61447
  },
  {
    "seed": 61487
  },
  {
    "seed": 61495
  },
  {
    "seed": 61517
  },
  {
    "seed": 61606
  },
  {
    "seed": 61620
  },
  {
    "seed": 61633
  },
  {
    "seed": 61644
  },
  {
    "seed": 61669
  },
  {
    "seed": 61704
  },
  {
    "seed": 61738
  },
  {
    "seed": 61779
  },
  {
    "seed": 61839
  },
  {
    "seed": 61877
  },
  {
    "seed": 61957
  },
  {
    "seed": 62005
  },
  {
    "seed": 62031
  },
  {
    "seed": 62045
  },
  {
    "seed": 62054
  },
  {
    "seed": 62061
  },
  {
    "seed": 62071
  },
  {
    "seed": 62087
  },
  {
    "seed": 62106
  },
  {
    "seed": 62109
  },
  {
    "seed": 62239
  },
  {
    "seed": 62255
  },
  {
    "seed": 62260
  },
  {
    "seed": 62285
  },
  {
    "seed": 62296
  },
  {
    "seed": 62366
  },
  {
    "seed": 62401
  },
  {
    "seed": 62402
  },
  {
    "seed": 62407
  },
  {
    "seed": 62438
  },
  {
    "seed": 62486
  },
  {
    "seed": 62488
  },
  {
    "seed": 62545
  },
  {
    "seed": 62549
  },
  {
    "seed": 62554
  },
  {
    "seed": 62584
  },
  {
    "seed": 62587
  },
  {
    "seed": 62601
  },
  {
    "seed": 62634
  },
  {
    "seed": 62640
  },
  {
    "seed": 62670
  },
  {
    "seed": 62700
  },
  {
    "seed": 62703
  },
  {
    "seed": 62717
  },
  {
    "seed": 62750
  },
  {
    "seed": 62756
  },
  {
    "seed": 62775
  },
  {
    "seed": 62782
  },
  {
    "seed": 62824
  },
  {
    "seed": 62834
  },
  {
    "seed": 62877
  },
  {
    "seed": 62890
  },
  {
    "seed": 62918
  },
  {
    "seed": 62935
  },
  {
    "seed": 62940
  },
  {
    "seed": 62972
  },
  {
    "seed": 63008
  },
  {
    "seed": 63016
  },
  {
    "seed": 63038
  },
  {
    "seed": 63078
  },
  {
    "seed": 63085
  },
  {
    "seed": 63156
  },
  {
    "seed": 63164
  },
  {
    "seed": 63193
  },
  {
    "seed": 63195
  },
  {
    "seed": 63233
  },
  {
    "seed": 63278
  },
  {
    "seed": 63325
  },
  {
    "seed": 63347
  },
  {
    "seed": 63352
  },
  {
    "seed": 63355
  },
  {
    "seed": 63358
  },
  {
    "seed": 63433
  },
  {
    "seed": 63450
  },
  {
    "seed": 63483
  },
  {
    "seed": 63524
  },
  {
    "seed": 63544
  },
  {
    "seed": 63584
  },
  {
    "seed": 63600
  },
  {
    "seed": 63643
  },
  {
    "seed": 63688
  },
  {
    "seed": 63731
  },
  {
    "seed": 63734
  },
  {
    "seed": 63749
  },
  {
    "seed": 63804
  },
  {
    "seed": 63826
  },
  {
    "seed": 63843
  },
  {
    "seed": 63884
  },
  {
    "seed": 63974
  },
  {
    "seed": 64008
  },
  {
    "seed": 64023
  },
  {
    "seed": 64029
  },
  {
    "seed": 64073
  },
  {
    "seed": 64078
  },
  {
    "seed": 64118
  },
  {
    "seed": 64148
  },
  {
    "seed": 64180
  },
  {
    "seed": 64288
  },
  {
    "seed": 64294
  },
  {
    "seed": 64297
  },
  {
    "seed": 64437
  },
  {
    "seed": 64442
  },
  {
    "seed": 64444
  },
  {
    "seed": 64503
  },
  {
    "seed": 64504
  },
  {
    "seed": 64553
  },
  {
    "seed": 64600
  },
  {
    "seed": 64638
  },
  {
    "seed": 64656
  },
  {
    "seed": 64669
  },
  {
    "seed": 64687
  },
  {
    "seed": 64702
  },
  {
    "seed": 64750
  },
  {
    "seed": 64751
  },
  {
    "seed": 64764
  },
  {
    "seed": 64774
  },
  {
    "seed": 64775
  },
  {
    "seed": 64841
  },
  {
    "seed": 64879
  },
  {
    "seed": 64886
  },
  {
    "seed": 64897
  },
  {
    "seed": 64953
  },
  {
    "seed": 64985
  },
  {
    "seed": 65014
  },
  {
    "seed": 65034
  },
  {
    "seed": 65077
  },
  {
    "seed": 65085
  },
  {
    "seed": 65124
  },
  {
    "seed": 65143
  },
  {
    "seed": 65158
  },
  {
    "seed": 65167
  },
  {
    "seed": 65218
  },
  {
    "seed": 65267
  },
  {
    "seed": 65295
  },
  {
    "seed": 65314
  },
  {
    "seed": 65323
  },
  {
    "seed": 65332
  },
  {
    "seed": 65361
  },
  {
    "seed": 65366
  },
  {
    "seed": 65418
  },
  {
    "seed": 65442
  },
  {
    "seed": 65447
  },
  {
    "seed": 65569
  },
  {
    "seed": 65579
  },
  {
    "seed": 65654
  },
  {
    "seed": 65787
  },
  {
    "seed": 65791
  },
  {
    "seed": 65799
  },
  {
    "seed": 65813
  },
  {
    "seed": 65841
  },
  {
    "seed": 65864
  },
  {
    "seed": 65867
  },
  {
    "seed": 65894
  },
  {
    "seed": 65950
  },
  {
    "seed": 65991
  },
  {
    "seed": 66053
  },
  {
    "seed": 66057
  },
  {
    "seed": 66108
  },
  {
    "seed": 66120
  },
  {
    "seed": 66139
  },
  {
    "seed": 66187
  },
  {
    "seed": 66241
  },
  {
    "seed": 66247
  },
  {
    "seed": 66280
  },
  {
    "seed": 66310
  },
  {
    "seed": 66335
  },
  {
    "seed": 66347
  },
  {
    "seed": 66495
  },
  {
    "seed": 66513
  },
  {
    "seed": 66516
  },
  {
    "seed": 66552
  },
  {
    "seed": 66568
  },
  {
    "seed": 66584
  },
  {
    "seed": 66589
  },
  {
    "seed": 66600
  },
  {
    "seed": 66649
  },
  {
    "seed": 66686
  },
  {
    "seed": 66692
  },
  {
    "seed": 66693
  },
  {
    "seed": 66696
  },
  {
    "seed": 66721
  },
  {
    "seed": 66768
  },
  {
    "seed": 66785
  },
  {
    "seed": 66787
  },
  {
    "seed": 66803
  },
  {
    "seed": 66810
  },
  {
    "seed": 66812
  },
  {
    "seed": 66846
  },
  {
    "seed": 66873
  },
  {
    "seed": 66891
  },
  {
    "seed": 66892
  },
  {
    "seed": 66904
  },
  {
    "seed": 66931
  },
  {
    "seed": 66934
  },
  {
    "seed": 66949
  },
  {
    "seed": 67020
  },
  {
    "seed": 67125
  },
  {
    "seed": 67129
  },
  {
    "seed": 67140
  },
  {
    "seed": 67147
  },
  {
    "seed": 67160
  },
  {
    "seed": 67189
  },
  {
    "seed": 67255
  },
  {
    "seed": 67328
  },
  {
    "seed": 67340
  },
  {
    "seed": 67377
  },
  {
    "seed": 67406
  },
  {
    "seed": 67410
  },
  {
    "seed": 67434
  },
  {
    "seed": 67451
  },
  {
    "seed": 67454
  },
  {
    "seed": 67463
  },
  {
    "seed": 67477
  },
  {
    "seed": 67543
  },
  {
    "seed": 67565
  },
  {
    "seed": 67596
  },
  {
    "seed": 67640
  },
  {
    "seed": 67658
  },
  {
    "seed": 67676
  },
  {
    "seed": 67716
  },
  {
    "seed": 67761
  },
  {
    "seed": 67805
  },
  {
    "seed": 67839
  },
  {
    "seed": 67850
  },
  {
    "seed": 67973
  },
  {
    "seed": 67981
  },
  {
    "seed": 68036
  },
  {
    "seed": 68079
  },
  {
    "seed": 68086
  },
  {
    "seed": 68096
  },
  {
    "seed": 68109
  },
  {
    "seed": 68190
  },
  {
    "seed": 68283
  },
  {
    "seed": 68343
  },
  {
    "seed": 68390
  },
  {
    "seed": 68404
  },
  {
    "seed": 68417
  },
  {
    "seed": 68447
  },
  {
    "seed": 68492
  },
  {
    "seed": 68512
  },
  {
    "seed": 68604
  },
  {
    "seed": 68611
  },
  {
    "seed": 68626
  },
  {
    "seed": 68643
  },
  {
    "seed": 68667
  },
  {
    "seed": 68678
  },
  {
    "seed": 68786
  },
  {
    "seed": 68824
  },
  {
    "seed": 68830
  },
  {
    "seed": 68857
  },
  {
    "seed": 68864
  },
  {
    "seed": 68983
  },
  {
    "seed": 69036
  },
  {
    "seed": 69041
  },
  {
    "seed": 69049
  },
  {
    "seed": 69080
  },
  {
    "seed": 69093
  },
  {
    "seed": 69098
  },
  {
    "seed": 69152
  },
  {
    "seed": 69159
  },
  {
    "seed": 69190
  },
  {
    "seed": 69219
  },
  {
    "seed": 69254
  },
  {
    "seed": 69277
  },
  {
    "seed": 69310
  },
  {
    "seed": 69333
  },
  {
    "seed": 69343
  },
  {
    "seed": 69362
  },
  {
    "seed": 69367
  },
  {
    "seed": 69391
  },
  {
    "seed": 69467
  },
  {
    "seed": 69468
  },
  {
    "seed": 69497
  },
  {
    "seed": 69558
  },
  {
    "seed": 69615
  },
  {
    "seed": 69642
  },
  {
    "seed": 69668
  },
  {
    "seed": 69736
  },
  {
    "seed": 69737
  },
  {
    "seed": 69740
  },
  {
    "seed": 69777
  },
  {
    "seed": 69780
  },
  {
    "seed": 69784
  },
  {
    "seed": 69795
  },
  {
    "seed": 69888
  },
  {
    "seed": 69891
  },
  {
    "seed": 69912
  },
  {
    "seed": 69941
  },
  {
    "seed": 69946
  },
  {
    "seed": 70061
  },
  {
    "seed": 70067
  },
  {
    "seed": 70081
  },
  {
    "seed": 70181
  },
  {
    "seed": 70299
  },
  {
    "seed": 70333
  },
  {
    "seed": 70340
  },
  {
    "seed": 70371
  },
  {
    "seed": 70392
  },
  {
    "seed": 70434
  },
  {
    "seed": 70440
  },
  {
    "seed": 70466
  },
  {
    "seed": 70503
  },
  {
    "seed": 70578
  },
  {
    "seed": 70592
  },
  {
    "seed": 70599
  },
  {
    "seed": 70655
  },
  {
    "seed": 70689
  },
  {
    "seed": 70706
  },
  {
    "seed": 70751
  },
  {
    "seed": 70768
  },
  {
    "seed": 70787
  },
  {
    "seed": 70805
  },
  {
    "seed": 70838
  },
  {
    "seed": 70906
  },
  {
    "seed": 70918
  },
  {
    "seed": 70960
  },
  {
    "seed": 70999
  },
  {
    "seed": 71123
  },
  {
    "seed": 71138
  },
  {
    "seed": 71149
  },
  {
    "seed": 71196
  },
  {
    "seed": 71200
  },
  {
    "seed": 71240
  },
  {
    "seed": 71241
  },
  {
    "seed": 71244
  },
  {
    "seed": 71269
  },
  {
    "seed": 71302
  },
  {
    "seed": 71326
  },
  {
    "seed": 71345
  },
  {
    "seed": 71364
  },
  {
    "seed": 71389
  },
  {
    "seed": 71401
  },
  {
    "seed": 71410
  },
  {
    "seed": 71443
  },
  {
    "seed": 71490
  },
  {
    "seed": 71498
  },
  {
    "seed": 71503
  },
  {
    "seed": 71518
  },
  {
    "seed": 71538
  },
  {
    "seed": 71563
  },
  {
    "seed": 71653
  },
  {
    "seed": 71726
  },
  {
    "seed": 71759
  },
  {
    "seed": 71771
  },
  {
    "seed": 71778
  },
  {
    "seed": 71842
  },
  {
    "seed": 71862
  },
  {
    "seed": 71961
  },
  {
    "seed": 71989
  },
  {
    "seed": 72001
  },
  {
    "seed": 72012
  },
  {
    "seed": 72037
  },
  {
    "seed": 72053
  },
  {
    "seed": 72061
  },
  {
    "seed": 72143
  },
  {
    "seed": 72176
  },
  {
    "seed": 72240
  },
  {
    "seed": 72245
  },
  {
    "seed": 72258
  },
  {
    "seed": 72328
  },
  {
    "seed": 72332
  },
  {
    "seed": 72369
  },
  {
    "seed": 72373
  },
  {
    "seed": 72376
  },
  {
    "seed": 72390
  },
  {
    "seed": 72406
  },
  {
    "seed": 72413
  },
  {
    "seed": 72435
  },
  {
    "seed": 72454
  },
  {
    "seed": 72458
  },
  {
    "seed": 72460
  },
  {
    "seed": 72546
  },
  {
    "seed": 72562
  },
  {
    "seed": 72566
  },
  {
    "seed": 72602
  },
  {
    "seed": 72606
  },
  {
    "seed": 72651
  },
  {
    "seed": 72671
  },
  {
    "seed": 72675
  },
  {
    "seed": 72701
  },
  {
    "seed": 72796
  },
  {
    "seed": 72825
  },
  {
    "seed": 72831
  },
  {
    "seed": 72867
  },
  {
    "seed": 72902
  },
  {
    "seed": 72903
  },
  {
    "seed": 72910
  },
  {
    "seed": 72928
  },
  {
    "seed": 72933
  },
  {
    "seed": 72935
  },
  {
    "seed": 72943
  },
  {
    "seed": 72955
  },
  {
    "seed": 72960
  },
  {
    "seed": 72988
  },
  {
    "seed": 72991
  },
  {
    "seed": 73026
  },
  {
    "seed": 73190
  },
  {
    "seed": 73203
  },
  {
    "seed": 73233
  },
  {
    "seed": 73254
  },
  {
    "seed": 73318
  },
  {
    "seed": 73345
  },
  {
    "seed": 73387
  },
  {
    "seed": 73459
  },
  {
    "seed": 73472
  },
  {
    "seed": 73509
  },
  {
    "seed": 73595
  },
  {
    "seed": 73601
  },
  {
    "seed": 73724
  },
  {
    "seed": 73728
  },
  {
    "seed": 73776
  },
  {
    "seed": 73829
  },
  {
    "seed": 73838
  },
  {
    "seed": 73845
  },
  {
    "seed": 73857
  },
  {
    "seed": 73871
  },
  {
    "seed": 73904
  },
  {
    "seed": 73926
  },
  {
    "seed": 73946
  },
  {
    "seed": 73959
  },
  {
    "seed": 73987
  },
  {
    "seed": 74129
  },
  {
    "seed": 74136
  },
  {
    "seed": 74139
  },
  {
    "seed": 74172
  },
  {
    "seed": 74178
  },
  {
    "seed": 74181
  },
  {
    "seed": 74282
  },
  {
    "seed": 74305
  },
  {
    "seed": 74318
  },
  {
    "seed": 74324
  },
  {
    "seed": 74401
  },
  {
    "seed": 74436
  },
  {
    "seed": 74507
  },
  {
    "seed": 74511
  },
  {
    "seed": 74518
  },
  {
    "seed": 74534
  },
  {
    "seed": 74572
  },
  {
    "seed": 74628
  },
  {
    "seed": 74645
  },
  {
    "seed": 74652
  },
  {
    "seed": 74660
  },
  {
    "seed": 74693
  },
  {
    "seed": 74711
  },
  {
    "seed": 74718
  },
  {
    "seed": 74723
  },
  {
    "seed": 74730
  },
  {
    "seed": 74737
  },
  {
    "seed": 74745
  },
  {
    "seed": 74758
  },
  {
    "seed": 74768
  },
  {
    "seed": 74783
  },
  {
    "seed": 74788
  },
  {
    "seed": 74793
  },
  {
    "seed": 75004
  },
  {
    "seed": 75111
  },
  {
    "seed": 75114
  },
  {
    "seed": 75163
  },
  {
    "seed": 75164
  },
  {
    "seed": 75172
  },
  {
    "seed": 75207
  },
  {
    "seed": 75213
  },
  {
    "seed": 75228
  },
  {
    "seed": 75232
  },
  {
    "seed": 75264
  },
  {
    "seed": 75306
  },
  {
    "seed": 75379
  },
  {
    "seed": 75415
  },
  {
    "seed": 75461
  },
  {
    "seed": 75481
  },
  {
    "seed": 75483
  },
  {
    "seed": 75524
  },
  {
    "seed": 75536
  },
  {
    "seed": 75583
  },
  {
    "seed": 75648
  },
  {
    "seed": 75656
  },
  {
    "seed": 75706
  },
  {
    "seed": 75742
  },
  {
    "seed": 75850
  },
  {
    "seed": 75868
  },
  {
    "seed": 75894
  },
  {
    "seed": 75915
  },
  {
    "seed": 75917
  },
  {
    "seed": 75947
  },
  {
    "seed": 75964
  },
  {
    "seed": 75965
  },
  {
    "seed": 75975
  },
  {
    "seed": 76000
  },
  {
    "seed": 76031
  },
  {
    "seed": 76044
  },
  {
    "seed": 76046
  },
  {
    "seed": 76140
  },
  {
    "seed": 76162
  },
  {
    "seed": 76185
  },
  {
    "seed": 76204
  },
  {
    "seed": 76219
  },
  {
    "seed": 76238
  },
  {
    "seed": 76267
  },
  {
    "seed": 76273
  },
  {
    "seed": 76288
  },
  {
    "seed": 76302
  },
  {
    "seed": 76337
  },
  {
    "seed": 76343
  },
  {
    "seed": 76418
  },
  {
    "seed": 76465
  },
  {
    "seed": 76503
  },
  {
    "seed": 76525
  },
  {
    "seed": 76530
  },
  {
    "seed": 76531
  },
  {
    "seed": 76565
  },
  {
    "seed": 76571
  },
  {
    "seed": 76600
  },
  {
    "seed": 76602
  },
  {
    "seed": 76671
  },
  {
    "seed": 76679
  },
  {
    "seed": 76731
  },
  {
    "seed": 76742
  },
  {
    "seed": 76823
  },
  {
    "seed": 76844
  },
  {
    "seed": 76852
  },
  {
    "seed": 76860
  },
  {
    "seed": 76866
  },
  {
    "seed": 76883
  },
  {
    "seed": 76904
  },
  {
    "seed": 76933
  },
  {
    "seed": 76951
  },
  {
    "seed": 76954
  },
  {
    "seed": 76960
  },
  {
    "seed": 76995
  },
  {
    "seed": 77018
  },
  {
    "seed": 77102
  },
  {
    "seed": 77130
  },
  {
    "seed": 77137
  },
  {
    "seed": 77209
  },
  {
    "seed": 77215
  },
  {
    "seed": 77238
  },
  {
    "seed": 77246
  },
  {
    "seed": 77303
  },
  {
    "seed": 77318
  },
  {
    "seed": 77372
  },
  {
    "seed": 77373
  },
  {
    "seed": 77421
  },
  {
    "seed": 77496
  },
  {
    "seed": 77535
  },
  {
    "seed": 77578
  },
  {
    "seed": 77624
  },
  {
    "seed": 77644
  },
  {
    "seed": 77668
  },
  {
    "seed": 77702
  },
  {
    "seed": 77707
  },
  {
    "seed": 77711
  },
  {
    "seed": 77727
  },
  {
    "seed": 77750
  },
  {
    "seed": 77752
  },
  {
    "seed": 77754
  },
  {
    "seed": 77756
  },
  {
    "seed": 77762
  },
  {
    "seed": 77769
  },
  {
    "seed": 77775
  },
  {
    "seed": 77875
  },
  {
    "seed": 77909
  },
  {
    "seed": 77936
  },
  {
    "seed": 77960
  },
  {
    "seed": 78024
  },
  {
    "seed": 78035
  },
  {
    "seed": 78076
  },
  {
    "seed": 78080
  },
  {
    "seed": 78117
  },
  {
    "seed": 78120
  },
  {
    "seed": 78169
  },
  {
    "seed": 78286
  },
  {
    "seed": 78292
  },
  {
    "seed": 78300
  },
  {
    "seed": 78331
  },
  {
    "seed": 78357
  },
  {
    "seed": 78425
  },
  {
    "seed": 78426
  },
  {
    "seed": 78428
  },
  {
    "seed": 78430
  },
  {
    "seed": 78456
  },
  {
    "seed": 78485
  },
  {
    "seed": 78493
  },
  {
    "seed": 78525
  },
  {
    "seed": 78566
  },
  {
    "seed": 78569
  },
  {
    "seed": 78596
  },
  {
    "seed": 78718
  },
  {
    "seed": 78746
  },
  {
    "seed": 78814
  },
  {
    "seed": 78826
  },
  {
    "seed": 78863
  },
  {
    "seed": 78895
  },
  {
    "seed": 78906
  },
  {
    "seed": 78913
  },
  {
    "seed": 78930
  },
  {
    "seed": 78969
  },
  {
    "seed": 78990
  },
  {
    "seed": 79065
  },
  {
    "seed": 79126
  },
  {
    "seed": 79163
  },
  {
    "seed": 79207
  },
  {
    "seed": 79246
  },
  {
    "seed": 79248
  },
  {
    "seed": 79264
  },
  {
    "seed": 79268
  },
  {
    "seed": 79325
  },
  {
    "seed": 79369
  },
  {
    "seed": 79401
  },
  {
    "seed": 79405
  },
  {
    "seed": 79449
  },
  {
    "seed": 79454
  },
  {
    "seed": 79470
  },
  {
    "seed": 79480
  },
  {
    "seed": 79519
  },
  {
    "seed": 79528
  },
  {
    "seed": 79535
  },
  {
    "seed": 79551
  },
  {
    "seed": 79553
  },
  {
    "seed": 79586
  },
  {
    "seed": 79593
  },
  {
    "seed": 79599
  },
  {
    "seed": 79607
  },
  {
    "seed": 79652
  },
  {
    "seed": 79711
  },
  {
    "seed": 79719
  },
  {
    "seed": 79732
  },
  {
    "seed": 79768
  },
  {
    "seed": 79780
  },
  {
    "seed": 79792
  },
  {
    "seed": 79824
  },
  {
    "seed": 79844
  },
  {
    "seed": 79878
  },
  {
    "seed": 79983
  },
  {
    "seed": 80033
  },
  {
    "seed": 80040
  },
  {
    "seed": 80175
  },
  {
    "seed": 80184
  },
  {
    "seed": 80223
  },
  {
    "seed": 80268
  },
  {
    "seed": 80281
  },
  {
    "seed": 80304
  },
  {
    "seed": 80318
  },
  {
    "seed": 80344
  },
  {
    "seed": 80397
  },
  {
    "seed": 80418
  },
  {
    "seed": 80421
  },
  {
    "seed": 80498
  },
  {
    "seed": 80500
  },
  {
    "seed": 80524
  },
  {
    "seed": 80577
  },
  {
    "seed": 80589
  },
  {
    "seed": 80597
  },
  {
    "seed": 80638
  },
  {
    "seed": 80643
  },
  {
    "seed": 80648
  },
  {
    "seed": 80715
  },
  {
    "seed": 80717
  },
  {
    "seed": 80739
  },
  {
    "seed": 80747
  },
  {
    "seed": 80753
  },
  {
    "seed": 80786
  },
  {
    "seed": 80808
  },
  {
    "seed": 80813
  },
  {
    "seed": 80815
  },
  {
    "seed": 80987
  },
  {
    "seed": 81007
  },
  {
    "seed": 81008
  },
  {
    "seed": 81029
  },
  {
    "seed": 81044
  },
  {
    "seed": 81110
  },
  {
    "seed": 81133
  },
  {
    "seed": 81153
  },
  {
    "seed": 81157
  },
  {
    "seed": 81164
  },
  {
    "seed": 81174
  },
  {
    "seed": 81249
  },
  {
    "seed": 81273
  },
  {
    "seed": 81279
  },
  {
    "seed": 81312
  },
  {
    "seed": 81335
  },
  {
    "seed": 81345
  },
  {
    "seed": 81427
  },
  {
    "seed": 81448
  },
  {
    "seed": 81482
  },
  {
    "seed": 81497
  },
  {
    "seed": 81547
  },
  {
    "seed": 81574
  },
  {
    "seed": 81592
  },
  {
    "seed": 81597
  },
  {
    "seed": 81617
  },
  {
    "seed": 81618
  },
  {
    "seed": 81650
  },
  {
    "seed": 81651
  },
  {
    "seed": 81652
  },
  {
    "seed": 81698
  },
  {
    "seed": 81721
  },
  {
    "seed": 81730
  },
  {
    "seed": 81761
  },
  {
    "seed": 81763
  },
  {
    "seed": 81771
  },
  {
    "seed": 81802
  },
  {
    "seed": 81809
  },
  {
    "seed": 81817
  },
  {
    "seed": 81822
  },
  {
    "seed": 81852
  },
  {
    "seed": 81862
  },
  {
    "seed": 81896
  },
  {
    "seed": 81901
  },
  {
    "seed": 81940
  },
  {
    "seed": 81974
  },
  {
    "seed": 81976
  },
  {
    "seed": 82017
  },
  {
    "seed": 82018
  },
  {
    "seed": 82019
  },
  {
    "seed": 82041
  },
  {
    "seed": 82050
  },
  {
    "seed": 82110
  },
  {
    "seed": 82122
  },
  {
    "seed": 82129
  },
  {
    "seed": 82153
  },
  {
    "seed": 82161
  },
  {
    "seed": 82202
  },
  {
    "seed": 82226
  },
  {
    "seed": 82232
  },
  {
    "seed": 82293
  },
  {
    "seed": 82313
  },
  {
    "seed": 82338
  },
  {
    "seed": 82425
  },
  {
    "seed": 82454
  },
  {
    "seed": 82462
  },
  {
    "seed": 82494
  },
  {
    "seed": 82536
  },
  {
    "seed": 82546
  },
  {
    "seed": 82567
  },
  {
    "seed": 82582
  },
  {
    "seed": 82587
  },
  {
    "seed": 82600
  },
  {
    "seed": 82627
  },
  {
    "seed": 82685
  },
  {
    "seed": 82778
  },
  {
    "seed": 82785
  },
  {
    "seed": 82793
  },
  {
    "seed": 82803
  },
  {
    "seed": 82877
  },
  {
    "seed": 82956
  },
  {
    "seed": 82971
  },
  {
    "seed": 82987
  },
  {
    "seed": 83017
  },
  {
    "seed": 83025
  },
  {
    "seed": 83071
  },
  {
    "seed": 83080
  },
  {
    "seed": 83086
  },
  {
    "seed": 83121
  },
  {
    "seed": 83126
  },
  {
    "seed": 83142
  },
  {
    "seed": 83148
  },
  {
    "seed": 83153
  },
  {
    "seed": 83158
  },
  {
    "seed": 83166
  },
  {
    "seed": 83206
  },
  {
    "seed": 83228
  },
  {
    "seed": 83230
  },
  {
    "seed": 83235
  },
  {
    "seed": 83280
  },
  {
    "seed": 83298
  },
  {
    "seed": 83318
  },
  {
    "seed": 83323
  },
  {
    "seed": 83358
  },
  {
    "seed": 83362
  },
  {
    "seed": 83369
  },
  {
    "seed": 83382
  },
  {
    "seed": 83387
  },
  {
    "seed": 83388
  },
  {
    "seed": 83419
  },
  {
    "seed": 83428
  },
  {
    "seed": 83443
  },
  {
    "seed": 83562
  },
  {
    "seed": 83563
  },
  {
    "seed": 83575
  },
  {
    "seed": 83595
  },
  {
    "seed": 83622
  },
  {
    "seed": 83848
  },
  {
    "seed": 83866
  },
  {
    "seed": 83875
  },
  {
    "seed": 83879
  },
  {
    "seed": 83887
  },
  {
    "seed": 83922
  },
  {
    "seed": 83948
  },
  {
    "seed": 83953
  },
  {
    "seed": 83972
  },
  {
    "seed": 84025
  },
  {
    "seed": 84132
  },
  {
    "seed": 84149
  },
  {
    "seed": 84156
  },
  {
    "seed": 84216
  },
  {
    "seed": 84219
  },
  {
    "seed": 84260
  },
  {
    "seed": 84345
  },
  {
    "seed": 84346
  },
  {
    "seed": 84352
  },
  {
    "seed": 84356
  },
  {
    "seed": 84393
  },
  {
    "seed": 84407
  },
  {
    "seed": 84471
  },
  {
    "seed": 84483
  },
  {
    "seed": 84489
  },
  {
    "seed": 84496
  },
  {
    "seed": 84531
  },
  {
    "seed": 84544
  },
  {
    "seed": 84588
  },
  {
    "seed": 84627
  },
  {
    "seed": 84683
  },
  {
    "seed": 84725
  },
  {
    "seed": 84733
  },
  {
    "seed": 84799
  },
  {
    "seed": 84800
  },
  {
    "seed": 84811
  },
  {
    "seed": 84825
  },
  {
    "seed": 84845
  },
  {
    "seed": 84856
  },
  {
    "seed": 84873
  },
  {
    "seed": 84878
  },
  {
    "seed": 84924
  },
  {
    "seed": 84971
  },
  {
    "seed": 84972
  },
  {
    "seed": 84996
  },
  {
    "seed": 85040
  },
  {
    "seed": 85055
  },
  {
    "seed": 85100
  },
  {
    "seed": 85105
  },
  {
    "seed": 85153
  },
  {
    "seed": 85244
  },
  {
    "seed": 85246
  },
  {
    "seed": 85261
  },
  {
    "seed": 85268
  },
  {
    "seed": 85289
  },
  {
    "seed": 85321
  },
  {
    "seed": 85343
  },
  {
    "seed": 85370
  },
  {
    "seed": 85386
  },
  {
    "seed": 85417
  },
  {
    "seed": 85435
  },
  {
    "seed": 85438
  },
  {
    "seed": 85448
  },
  {
    "seed": 85468
  },
  {
    "seed": 85469
  },
  {
    "seed": 85493
  },
  {
    "seed": 85574
  },
  {
    "seed": 85578
  },
  {
    "seed": 85596
  },
  {
    "seed": 85617
  },
  {
    "seed": 85635
  },
  {
    "seed": 85640
  },
  {
    "seed": 85685
  },
  {
    "seed": 85695
  },
  {
    "seed": 85746
  },
  {
    "seed": 85797
  },
  {
    "seed": 85893
  },
  {
    "seed": 85919
  },
  {
    "seed": 85939
  },
  {
    "seed": 85995
  },
  {
    "seed": 86018
  },
  {
    "seed": 86101
  },
  {
    "seed": 86107
  },
  {
    "seed": 86120
  },
  {
    "seed": 86136
  },
  {
    "seed": 86148
  },
  {
    "seed": 86173
  },
  {
    "seed": 86210
  },
  {
    "seed": 86262
  },
  {
    "seed": 86296
  },
  {
    "seed": 86308
  },
  {
    "seed": 86341
  },
  {
    "seed": 86401
  },
  {
    "seed": 86420
  },
  {
    "seed": 86435
  },
  {
    "seed": 86494
  },
  {
    "seed": 86638
  },
  {
    "seed": 86658
  },
  {
    "seed": 86669
  },
  {
    "seed": 86692
  },
  {
    "seed": 86769
  },
  {
    "seed": 86796
  },
  {
    "seed": 86805
  },
  {
    "seed": 86817
  },
  {
    "seed": 86822
  },
  {
    "seed": 86825
  },
  {
    "seed": 86827
  },
  {
    "seed": 86959
  },
  {
    "seed": 87024
  },
  {
    "seed": 87053
  },
  {
    "seed": 87059
  },
  {
    "seed": 87067
  },
  {
    "seed": 87152
  },
  {
    "seed": 87158
  },
  {
    "seed": 87253
  },
  {
    "seed": 87260
  },
  {
    "seed": 87262
  },
  {
    "seed": 87303
  },
  {
    "seed": 87323
  },
  {
    "seed": 87330
  },
  {
    "seed": 87463
  },
  {
    "seed": 87482
  },
  {
    "seed": 87501
  },
  {
    "seed": 87536
  },
  {
    "seed": 87632
  },
  {
    "seed": 87676
  },
  {
    "seed": 87696
  },
  {
    "seed": 87709
  },
  {
    "seed": 87715
  },
  {
    "seed": 87727
  },
  {
    "seed": 87760
  },
  {
    "seed": 87785
  },
  {
    "seed": 87797
  },
  {
    "seed": 87814
  },
  {
    "seed": 87818
  },
  {
    "seed": 87822
  },
  {
    "seed": 87833
  },
  {
    "seed": 87835
  },
  {
    "seed": 87894
  },
  {
    "seed": 87901
  },
  {
    "seed": 87910
  },
  {
    "seed": 87917
  },
  {
    "seed": 87942
  },
  {
    "seed": 87972
  },
  {
    "seed": 88037
  },
  {
    "seed": 88078
  },
  {
    "seed": 88079
  },
  {
    "seed": 88144
  },
  {
    "seed": 88145
  },
  {
    "seed": 88155
  },
  {
    "seed": 88157
  },
  {
    "seed": 88166
  },
  {
    "seed": 88209
  },
  {
    "seed": 88225
  },
  {
    "seed": 88279
  },
  {
    "seed": 88292
  },
  {
    "seed": 88305
  },
  {
    "seed": 88317
  },
  {
    "seed": 88318
  },
  {
    "seed": 88328
  },
  {
    "seed": 88337
  },
  {
    "seed": 88358
  },
  {
    "seed": 88463
  },
  {
    "seed": 88471
  },
  {
    "seed": 88483
  },
  {
    "seed": 88512
  },
  {
    "seed": 88519
  },
  {
    "seed": 88549
  },
  {
    "seed": 88561
  },
  {
    "seed": 88594
  },
  {
    "seed": 88633
  },
  {
    "seed": 88637
  },
  {
    "seed": 88645
  },
  {
    "seed": 88646
  },
  {
    "seed": 88652
  },
  {
    "seed": 88708
  },
  {
    "seed": 88768
  },
  {
    "seed": 88770
  },
  {
    "seed": 88809
  },
  {
    "seed": 88876
  },
  {
    "seed": 88910
  },
  {
    "seed": 88924
  },
  {
    "seed": 88926
  },
  {
    "seed": 88973
  },
  {
    "seed": 88995
  },
  {
    "seed": 89001
  },
  {
    "seed": 89057
  },
  {
    "seed": 89070
  },
  {
    "seed": 89076
  },
  {
    "seed": 89081
  },
  {
    "seed": 89185
  },
  {
    "seed": 89263
  },
  {
    "seed": 89275
  },
  {
    "seed": 89306
  },
  {
    "seed": 89358
  },
  {
    "seed": 89388
  },
  {
    "seed": 89397
  },
  {
    "seed": 89403
  },
  {
    "seed": 89441
  },
  {
    "seed": 89453
  },
  {
    "seed": 89461
  },
  {
    "seed": 89479
  },
  {
    "seed": 89480
  },
  {
    "seed": 89548
  },
  {
    "seed": 89568
  },
  {
    "seed": 89625
  },
  {
    "seed": 89642
  },
  {
    "seed": 89659
  },
  {
    "seed": 89666
  },
  {
    "seed": 89673
  },
  {
    "seed": 89685
  },
  {
    "seed": 89709
  },
  {
    "seed": 89741
  },
  {
    "seed": 89782
  },
  {
    "seed": 89785
  },
  {
    "seed": 89797
  },
  {
    "seed": 89846
  },
  {
    "seed": 89851
  },
  {
    "seed": 89880
  },
  {
    "seed": 89898
  },
  {
    "seed": 89944
  },
  {
    "seed": 89964
  },
  {
    "seed": 90019
  },
  {
    "seed": 90022
  },
  {
    "seed": 90033
  },
  {
    "seed": 90039
  },
  {
    "seed": 90041
  },
  {
    "seed": 90081
  },
  {
    "seed": 90214
  },
  {
    "seed": 90224
  },
  {
    "seed": 90238
  },
  {
    "seed": 90263
  },
  {
    "seed": 90289
  },
  {
    "seed": 90334
  },
  {
    "seed": 90349
  },
  {
    "seed": 90350
  },
  {
    "seed": 90368
  },
  {
    "seed": 90385
  },
  {
    "seed": 90412
  },
  {
    "seed": 90436
  },
  {
    "seed": 90449
  },
  {
    "seed": 90450
  },
  {
    "seed": 90519
  },
  {
    "seed": 90563
  },
  {
    "seed": 90604
  },
  {
    "seed": 90627
  },
  {
    "seed": 90629
  },
  {
    "seed": 90660
  },
  {
    "seed": 90678
  },
  {
    "seed": 90732
  },
  {
    "seed": 90751
  },
  {
    "seed": 90757
  },
  {
    "seed": 90768
  },
  {
    "seed": 90784
  },
  {
    "seed": 90800
  },
  {
    "seed": 90808
  },
  {
    "seed": 90826
  },
  {
    "seed": 90856
  },
  {
    "seed": 90922
  },
  {
    "seed": 90978
  },
  {
    "seed": 90982
  },
  {
    "seed": 90987
  },
  {
    "seed": 91021
  },
  {
    "seed": 91031
  },
  {
    "seed": 91043
  },
  {
    "seed": 91080
  },
  {
    "seed": 91115
  },
  {
    "seed": 91153
  },
  {
    "seed": 91164
  },
  {
    "seed": 91196
  },
  {
    "seed": 91307
  },
  {
    "seed": 91309
  },
  {
    "seed": 91363
  },
  {
    "seed": 91368
  },
  {
    "seed": 91404
  },
  {
    "seed": 91441
  },
  {
    "seed": 91590
  },
  {
    "seed": 91592
  },
  {
    "seed": 91648
  },
  {
    "seed": 91697
  },
  {
    "seed": 91759
  },
  {
    "seed": 91811
  },
  {
    "seed": 91813
  },
  {
    "seed": 91843
  },
  {
    "seed": 91857
  },
  {
    "seed": 91895
  },
  {
    "seed": 91917
  },
  {
    "seed": 91942
  },
  {
    "seed": 91963
  },
  {
    "seed": 91966
  },
  {
    "seed": 91986
  },
  {
    "seed": 92043
  },
  {
    "seed": 92070
  },
  {
    "seed": 92123
  },
  {
    "seed": 92160
  },
  {
    "seed": 92235
  },
  {
    "seed": 92245
  },
  {
    "seed": 92261
  },
  {
    "seed": 92352
  },
  {
    "seed": 92379
  },
  {
    "seed": 92385
  },
  {
    "seed": 92441
  },
  {
    "seed": 92454
  },
  {
    "seed": 92509
  },
  {
    "seed": 92525
  },
  {
    "seed": 92533
  },
  {
    "seed": 92576
  },
  {
    "seed": 92587
  },
  {
    "seed": 92656
  },
  {
    "seed": 92678
  },
  {
    "seed": 92687
  },
  {
    "seed": 92695
  },
  {
    "seed": 92772
  },
  {
    "seed": 92807
  },
  {
    "seed": 92821
  },
  {
    "seed": 92871
  },
  {
    "seed": 92922
  },
  {
    "seed": 92932
  },
  {
    "seed": 92958
  },
  {
    "seed": 92960
  },
  {
    "seed": 93015
  },
  {
    "seed": 93070
  },
  {
    "seed": 93076
  },
  {
    "seed": 93180
  },
  {
    "seed": 93196
  },
  {
    "seed": 93223
  },
  {
    "seed": 93265
  },
  {
    "seed": 93270
  },
  {
    "seed": 93290
  },
  {
    "seed": 93292
  },
  {
    "seed": 93345
  },
  {
    "seed": 93350
  },
  {
    "seed": 93366
  },
  {
    "seed": 93376
  },
  {
    "seed": 93416
  },
  {
    "seed": 93426
  },
  {
    "seed": 93432
  },
  {
    "seed": 93444
  },
  {
    "seed": 93445
  },
  {
    "seed": 93471
  },
  {
    "seed": 93478
  },
  {
    "seed": 93505
  },
  {
    "seed": 93514
  },
  {
    "seed": 93568
  },
  {
    "seed": 93570
  },
  {
    "seed": 93585
  },
  {
    "seed": 93622
  },
  {
    "seed": 93636
  },
  {
    "seed": 93694
  },
  {
    "seed": 93699
  },
  {
    "seed": 93714
  },
  {
    "seed": 93768
  },
  {
    "seed": 93772
  },
  {
    "seed": 93811
  },
  {
    "seed": 93947
  },
  {
    "seed": 93953
  },
  {
    "seed": 93955
  },
  {
    "seed": 93988
  },
  {
    "seed": 94008
  },
  {
    "seed": 94034
  },
  {
    "seed": 94109
  },
  {
    "seed": 94156
  },
  {
    "seed": 94166
  },
  {
    "seed": 94212
  },
  {
    "seed": 94241
  },
  {
    "seed": 94287
  },
  {
    "seed": 94295
  },
  {
    "seed": 94315
  },
  {
    "seed": 94332
  },
  {
    "seed": 94365
  },
  {
    "seed": 94407
  },
  {
    "seed": 94420
  },
  {
    "seed": 94439
  },
  {
    "seed": 94455
  },
  {
    "seed": 94462
  },
  {
    "seed": 94523
  },
  {
    "seed": 94544
  },
  {
    "seed": 94559
  },
  {
    "seed": 94606
  },
  {
    "seed": 94612
  },
  {
    "seed": 94675
  },
  {
    "seed": 94688
  },
  {
    "seed": 94703
  },
  {
    "seed": 94709
  },
  {
    "seed": 94816
  },
  {
    "seed": 94844
  },
  {
    "seed": 94849
  },
  {
    "seed": 94921
  },
  {
    "seed": 94928
  },
  {
    "seed": 94932
  },
  {
    "seed": 94967
  },
  {
    "seed": 94968
  },
  {
    "seed": 95009
  },
  {
    "seed": 95053
  },
  {
    "seed": 95110
  },
  {
    "seed": 95133
  },
  {
    "seed": 95165
  },
  {
    "seed": 95186
  },
  {
    "seed": 95209
  },
  {
    "seed": 95266
  },
  {
    "seed": 95284
  },
  {
    "seed": 95296
  },
  {
    "seed": 95301
  },
  {
    "seed": 95309
  },
  {
    "seed": 95317
  },
  {
    "seed": 95329
  },
  {
    "seed": 95333
  },
  {
    "seed": 95373
  },
  {
    "seed": 95383
  },
  {
    "seed": 95404
  },
  {
    "seed": 95440
  },
  {
    "seed": 95455
  },
  {
    "seed": 95471
  },
  {
    "seed": 95597
  },
  {
    "seed": 95631
  },
  {
    "seed": 95641
  },
  {
    "seed": 95651
  },
  {
    "seed": 95668
  },
  {
    "seed": 95678
  },
  {
    "seed": 95700
  },
  {
    "seed": 95735
  },
  {
    "seed": 95788
  },
  {
    "seed": 95789
  },
  {
    "seed": 95828
  },
  {
    "seed": 95831
  },
  {
    "seed": 95911
  },
  {
    "seed": 95945
  },
  {
    "seed": 95986
  },
  {
    "seed": 95989
  },
  {
    "seed": 96026
  },
  {
    "seed": 96050
  },
  {
    "seed": 96121
  },
  {
    "seed": 96201
  },
  {
    "seed": 96220
  },
  {
    "seed": 96230
  },
  {
    "seed": 96246
  },
  {
    "seed": 96268
  },
  {
    "seed": 96337
  },
  {
    "seed": 96343
  },
  {
    "seed": 96349
  },
  {
    "seed": 96388
  },
  {
    "seed": 96391
  },
  {
    "seed": 96403
  },
  {
    "seed": 96416
  },
  {
    "seed": 96445
  },
  {
    "seed": 96544
  },
  {
    "seed": 96555
  },
  {
    "seed": 96621
  },
  {
    "seed": 96691
  },
  {
    "seed": 96698
  },
  {
    "seed": 96714
  },
  {
    "seed": 96769
  },
  {
    "seed": 96864
  },
  {
    "seed": 96877
  },
  {
    "seed": 96932
  },
  {
    "seed": 97019
  },
  {
    "seed": 97062
  },
  {
    "seed": 97068
  },
  {
    "seed": 97109
  },
  {
    "seed": 97149
  },
  {
    "seed": 97150
  },
  {
    "seed": 97161
  },
  {
    "seed": 97185
  },
  {
    "seed": 97247
  },
  {
    "seed": 97265
  },
  {
    "seed": 97323
  },
  {
    "seed": 97325
  },
  {
    "seed": 97407
  },
  {
    "seed": 97444
  },
  {
    "seed": 97445
  },
  {
    "seed": 97504
  },
  {
    "seed": 97518
  },
  {
    "seed": 97557
  },
  {
    "seed": 97588
  },
  {
    "seed": 97640
  },
  {
    "seed": 97664
  },
  {
    "seed": 97665
  },
  {
    "seed": 97666
  },
  {
    "seed": 97704
  },
  {
    "seed": 97722
  },
  {
    "seed": 97726
  },
  {
    "seed": 97758
  },
  {
    "seed": 97771
  },
  {
    "seed": 97791
  },
  {
    "seed": 97812
  },
  {
    "seed": 97851
  },
  {
    "seed": 97865
  },
  {
    "seed": 97888
  },
  {
    "seed": 97943
  },
  {
    "seed": 97953
  },
  {
    "seed": 98003
  },
  {
    "seed": 98117
  },
  {
    "seed": 98123
  },
  {
    "seed": 98155
  },
  {
    "seed": 98162
  },
  {
    "seed": 98178
  },
  {
    "seed": 98184
  },
  {
    "seed": 98272
  },
  {
    "seed": 98297
  },
  {
    "seed": 98310
  },
  {
    "seed": 98315
  },
  {
    "seed": 98368
  },
  {
    "seed": 98382
  },
  {
    "seed": 98383
  },
  {
    "seed": 98416
  },
  {
    "seed": 98426
  },
  {
    "seed": 98427
  },
  {
    "seed": 98434
  },
  {
    "seed": 98443
  },
  {
    "seed": 98459
  },
  {
    "seed": 98487
  },
  {
    "seed": 98489
  },
  {
    "seed": 98538
  },
  {
    "seed": 98553
  },
  {
    "seed": 98581
  },
  {
    "seed": 98586
  },
  {
    "seed": 98603
  },
  {
    "seed": 98687
  },
  {
    "seed": 98695
  },
  {
    "seed": 98702
  },
  {
    "seed": 98704
  },
  {
    "seed": 98760
  },
  {
    "seed": 98779
  },
  {
    "seed": 98789
  },
  {
    "seed": 98838
  },
  {
    "seed": 98844
  },
  {
    "seed": 98919
  },
  {
    "seed": 98952
  },
  {
    "seed": 99011
  },
  {
    "seed": 99103
  },
  {
    "seed": 99153
  },
  {
    "seed": 99156
  },
  {
    "seed": 99161
  },
  {
    "seed": 99166
  },
  {
    "seed": 99177
  },
  {
    "seed": 99198
  },
  {
    "seed": 99229
  },
  {
    "seed": 99238
  },
  {
    "seed": 99241
  },
  {
    "seed": 99315
  },
  {
    "seed": 99399
  },
  {
    "seed": 99429
  },
  {
    "seed": 99451
  },
  {
    "seed": 99473
  },
  {
    "seed": 99477
  },
  {
    "seed": 99486
  },
  {
    "seed": 99504
  },
  {
    "seed": 99531
  },
  {
    "seed": 99558
  },
  {
    "seed": 99564
  },
  {
    "seed": 99596
  },
  {
    "seed": 99610
  },
  {
    "seed": 99619
  },
  {
    "seed": 99627
  },
  {
    "seed": 99651
  },
  {
    "seed": 99667
  },
  {
    "seed": 99700
  },
  {
    "seed": 99704
  },
  {
    "seed": 99721
  },
  {
    "seed": 99723
  },
  {
    "seed": 99742
  },
  {
    "seed": 99747
  },
  {
    "seed": 99758
  },
  {
    "seed": 99777
  },
  {
    "seed": 99783
  },
  {
    "seed": 99804
  },
  {
    "seed": 99808
  },
  {
    "seed": 99810
  },
  {
    "seed": 99843
  },
  {
    "seed": 99933
  },
  {
    "seed": 99956
  },
  {
    "seed": 99965
  },
  {
    "seed": 99994
  }
]