[
  {
    "seed": 203
  },
  {
    "seed": 213
  },
  {
    "seed": 243
  },
  {
    "seed": 253
  },
  {
    "seed": 256
  },
  {
    "seed": 377
  },
  {
    "seed": 528
  },
  {
    "seed": 579
  },
  {
    "seed": 781
  },
  {
    "seed": 804
  },
  {
    "seed": 877
  },
  {
    "seed": 959
  },
  {
    "seed": 1082
  },
  {
    "seed": 1231
  },
  {
    "seed": 1319
  },
  {
    "seed": 1370
  },
  {
    "seed": 1505
  },
  {
    "seed": 1516
  },
  {
    "seed": 1612
  },
  {
    "seed": 1621
  },
  {
    "seed": 1641
  },
  {
    "seed": 1658
  },
  {
    "seed": 1676
  },
  {
    "seed": 1864
  },
  {
    "seed": 1870
  },
  {
    "seed": 2333
  },
  {
    "seed": 2405
  },
  {
    "seed": 2437
  },
  {
    "seed": 2470
  },
  {
    "seed": 2555
  },
  {
    "seed": 2568
  },
  {
    "seed": 2578
  },
  {
    "seed": 2786
  },
  {
    "seed": 2803
  },
  {
    "seed": 2843
  },
  {
    "seed": 2845
  },
  {
    "seed": 2907
  },
  {
    "seed": 3097
  },
  {
    "seed": 3112
  },
  {
    "seed": 3304
  },
  {
    "seed": 3439
  },
  {
    "seed": 3458
  },
  {
    "seed": 3619
  },
  {
    "seed": 3647
  },
  {
    "seed": 3800
  },
  {
    "seed": 4008
  },
  {
    "seed": 4019
  },
  {
    "seed": 4143
  },
  {
    "seed": 4178
  },
  {
    "seed": 4201
  },
  {
    "seed": 4252
  },
  {
    "seed": 4325
  },
  {
    "seed": 4669
  },
  {
    "seed": 4776
  },
  {
    "seed": 4884
  },
  {
    "seed": 4924
  },
  {
    "seed": 4943
  },
  {
    "seed": 4977
  },
  {
    "seed": 5039
  },
  {
    "seed": 5147
  },
  {
    "seed": 5257
  },
  {
    "seed": 5406
  },
  {
    "seed": 5500
  },
  {
    "seed": 5672
  },
  {
    "seed": 5704
  },
  {
    "seed": 5749
  },
  {
    "seed": 5782
  },
  {
    "seed": 5887
  },
  {
    "seed": 6060
  },
  {
    "seed": 6263
  },
  {
    "seed": 6386
  },
  {
    "seed": 6392
  },
  {
    "seed": 6413
  },
  {
    "seed": 6430
  },
  {
    "seed": 6445
  },
  {
    "seed": 6464
  },
  {
    "seed": 6491
  },
  {
    "seed": 6546
  },
  {
    "seed": 6636
  },
  {
    "seed": 6697
  },
  {
    "seed": 6715
  },
  {
    "seed": 6815
  },
  {
    "seed": 6857
  },
  {
    "seed": 6927
  },
  {
    "seed": 6947
  },
  {
    "seed": 7091
  },
  {
    "seed": 7358
  },
  {
    "seed": 7422
  },
  {
    "seed": 7511
  },
  {
    "seed": 7520
  },
  {
    "seed": 7784
  },
  {
    "seed": 7898
  },
  {
    "seed": 7905
  },
  {
    "seed": 7996
  },
  {
    "seed": 8120
  },
  {
    "seed": 8190
  },
  {
    "seed": 8209
  },
  {
    "seed": 8529
  },
  {
    "seed": 8553
  },
  {
    "seed": 8561
  },
  {
    "seed": 8599
  },
  {
    "seed": 8928
  },
  {
    "seed": 8986
  },
  {
    "seed": 9090
  },
  {
    "seed": 9159
  },
  {
    "seed": 9204
  },
  {
    "seed": 9258
  },
  {
    "seed": 9268
  },
  {
    "seed": 9420
  },
  {
    "seed": 9560
  },
  {
    "seed": 9572
  },
  {
    "seed": 9683
  },
  {
    "seed": 9736
  },
  {
    "seed": 9912
  },
  {
    "seed": 10034
  },
  {
    "seed": 10046
  },
  {
    "seed": 10052
  },
  {
    "seed": 10141
  },
  {
    "seed": 10172
  },
  {
    "seed": 10276
  },
  {
    "seed": 10343
  },
  {
    "seed": 10402
  },
  {
    "seed": 10429
  },
  {
    "seed": 10471
  },
  {
    "seed": 10535
  },
  {
    "seed": 10723
  },
  {
    "seed": 10733
  },
  {
    "seed": 10786
  },
  {
    "seed": 10839
  },
  {
    "seed": 11001
  },
  {
    "seed": 11073
  },
  {
    "seed": 11195
  },
  {
    "seed": 11226
  },
  {
    "seed": 11330
  },
  {
    "seed": 11351
  },
  {
    "seed": 11433
  },
  {
    "seed": 11518
  },
  {
    "seed": 11552
  },
  {
    "seed": 11561
  },
  {
    "seed": 11570
  },
  {
    "seed": 11644
  },
  {
    "seed": 11924
  },
  {
    "seed": 11940
  },
  {
    "seed": 12085
  },
  {
    "seed": 12225
  },
  {
    "seed": 12293
  },
  {
    "seed": 12310
  },
  {
    "seed": 12367
  },
  {
    "seed": 12448
  },
  {
    "seed": 12489
  },
  {
    "seed": 12520
  },
  {
    "seed": 12670
  },
  {
    "seed": 12673
  },
  {
    "seed": 12797
  },
  {
    "seed": 13013
  },
  {
    "seed": 13097
  },
  {
    "seed": 13140
  },
  {
    "seed": 13306
  },
  {
    "seed": 13307
  },
  {
    "seed": 13428
  },
  {
    "seed": 13492
  },
  {
    "seed": 13658
  },
  {
    "seed": 13715
  },
  {
    "seed": 13795
  },
  {
    "seed": 13898
  },
  {
    "seed": 14019
  },
  {
    "seed": 14024
  },
  {
    "seed": 14072
  },
  {
    "seed": 14102
  },
  {
    "seed": 14145
  },
  {
    "seed": 14178
  },
  {
    "seed": 14208
  },
  {
    "seed": 14219
  },
  {
    "seed": 14482
  },
  {
    "seed": 14496
  },
  {
    "seed": 14705
  },
  {
    "seed": 14706
  },
  {
    "seed": 14741
  },
  {
    "seed": 14862
  },
  {
    "seed": 15173
  },
  {
    "seed": 15206
  },
  {
    "seed": 15365
  },
  {
    "seed": 15781
  },
  {
    "seed": 15884
  },
  {
    "seed": 15904
  },
  {
    "seed": 16612
  },
  {
    "seed": 16660
  },
  {
    "seed": 16667
  },
  {
    "seed": 16775
  },
  {
    "seed": 17035
  },
  {
    "seed": 17103
  },
  {
    "seed": 17170
  },
  {
    "seed": 17342
  },
  {
    "seed": 17511
  },
  {
    "seed": 17632
  },
  {
    "seed": 17694
  },
  {
    "seed": 17994
  },
  {
    "seed": 18360
  },
  {
    "seed": 18374
  },
  {
    "seed": 18425
  },
  {
    "seed": 18455
  },
  {
    "seed": 18559
  },
  {
    "seed": 18571
  },
  {
    "seed": 18965
  },
  {
    "seed": 19041
  },
  {
    "seed": 19229
  },
  {
    "seed": 19774
  },
  {
    "seed": 19793
  },
  {
    "seed": 19796
  },
  {
    "seed": 19872
  },
  {
    "seed": 20002
  },
  {
    "seed": 20103
  },
  {
    "seed": 20115
  },
  {
    "seed": 20156
  },
  {
    "seed": 20444
  },
  {
    "seed": 20529
  },
  {
    "seed": 20586
  },
  {
    "seed": 20711
  },
  {
    "seed": 20875
  },
  {
    "seed": 20993
  },
  {
    "seed": 21027
  },
  {
    "seed": 21051
  },
  {
    "seed": 21576
  },
  {
    "seed": 21873
  },
  {
    "seed": 21879
  },
  {
    "seed": 22345
  },
  {
    "seed": 22383
  },
  {
    "seed": 22402
  },
  {
    "seed": 22403
  },
  {
    "seed": 22404
  },
  {
    "seed": 22419
  },
  {
    "seed": 22552
  },
  {
    "seed": 22597
  },
  {
    "seed": 22697
  },
  {
    "seed": 22851
  },
  {
    "seed": 23041
  },
  {
    "seed": 23095
  },
  {
    "seed": 23211
  },
  {
    "seed": 23302
  },
  {
    "seed": 23313
  },
  {
    "seed": 23402
  },
  {
    "seed": 23408
  },
  {
    "seed": 23536
  },
  {
    "seed": 23582
  },
  {
    "seed": 23709
  },
  {
    "seed": 23717
  },
  {
    "seed": 23737
  },
  {
    "seed": 24350
  },
  {
    "seed": 24390
  },
  {
    "seed": 24465
  },
  {
    "seed": 24553
  },
  {
    "seed": 24573
  },
  {
    "seed": 24588
  },
  {
    "seed": 24737
  },
  {
    "seed": 24980
  },
  {
    "seed": 25213
  },
  {
    "seed": 25330
  },
  {
    "seed": 25552
  },
  {
    "seed": 25618
  },
  {
    "seed": 25655
  },
  {
    "seed": 25720
  },
  {
    "seed": 25826
  },
  {
    "seed": 25936
  },
  {
    "seed": 25977
  },
  {
    "seed": 26024
  },
  {
    "seed": 26080
  },
  {
    "seed": 26122
  },
  {
    "seed": 26139
  },
  {
    "seed": 26179
  },
  {
    "seed": 26292
  },
  {
    "seed": 26294
  },
  {
    "seed": 26392
  },
  {
    "seed": 26561
  },
  {
    "seed": 26613
  },
  {
    "seed": 26642
  },
  {
    "seed": 26832
  },
  {
    "seed": 26904
  },
  {
    "seed": 26912
  },
  {
    "seed": 26918
  },
  {
    "seed": 27028
  },
  {
    "seed": 27033
  },
  {
    "seed": 27229
  },
  {
    "seed": 27297
  },
  {
    "seed": 27321
  },
  {
    "seed": 27387
  },
  {
    "seed": 27630
  },
  {
    "seed": 27640
  },
  {
    "seed": 27799
  },
  {
    "seed": 27834
  },
  {
    "seed": 27855
  },
  {
    "seed": 27890
  },
  {
    "seed": 27985
  },
  {
    "seed": 28062
  },
  {
    "seed": 28212
  },
  {
    "seed": 28296
  },
  {
    "seed": 28320
  },
  {
    "seed": 28363
  },
  {
    "seed": 28372
  },
  {
    "seed": 28441
  },
  {
    "seed": 28549
  },
  {
    "seed": 28560
  },
  {
    "seed": 28804
  },
  {
    "seed": 28820
  },
  {
    "seed": 28840
  },
  {
    "seed": 28986
  },
  {
    "seed": 29113
  },
  {
    "seed": 29114
  },
  {
    "seed": 29473
  },
  {
    "seed": 29487
  },
  {
    "seed": 29540
  },
  {
    "seed": 29932
  },
  {
    "seed": 30084
  },
  {
    "seed": 30133
  },
  {
    "seed": 30361
  },
  {
    "seed": 30455
  },
  {
    "seed": 30591
  },
  {
    "seed": 30594
  },
  {
    "seed": 30680
  },
  {
    "seed": 30886
  },
  {
    "seed": 31089
  },
  {
    "seed": 31305
  },
  {
    "seed": 31815
  },
  {
    "seed": 31901
  },
  {
    "seed": 32083
  },
  {
    "seed": 32200
  },
  {
    "seed": 32316
  },
  {
    "seed": 32364
  },
  {
    "seed": 32389
  },
  {
    "seed": 32396
  },
  {
    "seed": 32898
  },
  {
    "seed": 33040
  },
  {
    "seed": 33138
  },
  {
    "seed": 33270
  },
  {
    "seed": 33288
  },
  {
    "seed": 33372
  },
  {
    "seed": 33377
  },
  {
    "seed": 33411
  },
  {
    "seed": 33418
  },
  {
    "seed": 33551
  },
  {
    "seed": 33668
  },
  {
    "seed": 33748
  },
  {
    "seed": 33801
  },
  {
    "seed": 33816
  },
  {
    "seed": 33879
  },
  {
    "seed": 34211
  },
  {
    "seed": 34247
  },
  {
    "seed": 34352
  },
  {
    "seed": 34478
  },
  {
    "seed": 34548
  },
  {
    "seed": 34583
  },
  {
    "seed": 34593
  },
  {
    "seed": 34600
  },
  {
    "seed": 34620
  },
  {
    "seed": 34682
  },
  {
    "seed": 34684
  },
  {
    "seed": 34802
  },
  {
    "seed": 34810
  },
  {
    "seed": 34901
  },
  {
    "seed": 34946
  },
  {
    "seed": 34954
  },
  {
    "seed": 34994
  },
  {
    "seed": 35041
  },
  {
    "seed": 35070
  },
  {
    "seed": 35094
  },
  {
    "seed": 35126
  },
  {
    "seed": 35128
  },
  {
    "seed": 35226
  },
  {
    "seed": 35253
  },
  {
    "seed": 35641
  },
  {
    "seed": 35725
  },
  {
    "seed": 35783
  },
  {
    "seed": 36103
  },
  {
    "seed": 36162
  },
  {
    "seed": 36182
  },
  {
    "seed": 36187
  },
  {
    "seed": 36210
  },
  {
    "seed": 36364
  },
  {
    "seed": 36519
  },
  {
    "seed": 36784
  },
  {
    "seed": 37425
  },
  {
    "seed": 37466
  },
  {
    "seed": 37497
  },
  {
    "seed": 37546
  },
  {
    "seed": 37737
  },
  {
    "seed": 37772
  },
  {
    "seed": 37803
  },
  {
    "seed": 37985
  },
  {
    "seed": 38027
  },
  {
    "seed": 38085
  },
  {
    "seed": 38089
  },
  {
    "seed": 38100
  },
  {
    "seed": 38177
  },
  {
    "seed": 38180
  },
  {
    "seed": 38228
  },
  {
    "seed": 38281
  },
  {
    "seed": 38321
  },
  {
    "seed": 38363
  },
  {
    "seed": 38374
  },
  {
    "seed": 38376
  },
  {
    "seed": 38386
  },
  {
    "seed": 38418
  },
  {
    "seed": 38430
  },
  {
    "seed": 38451
  },
  {
    "seed": 38466
  },
  {
    "seed": 38561
  },
  {
    "seed": 38691
  },
  {
    "seed": 38869
  },
  {
    "seed": 38999
  },
  {
    "seed": 39146
  },
  {
    "seed": 39156
  },
  {
    "seed": 39197
  },
  {
    "seed": 39201
  },
  {
    "seed": 39241
  },
  {
    "seed": 39242
  },
  {
    "seed": 39247
  },
  {
    "seed": 39304
  },
  {
    "seed": 39462
  },
  {
    "seed": 39526
  },
  {
    "seed": 39570
  },
  {
    "seed": 39576
  },
  {
    "seed": 39637
  },
  {
    "seed": 39666
  },
  {
    "seed": 39679
  },
  {
    "seed": 39885
  },
  {
    "seed": 40021
  },
  {
    "seed": 40148
  },
  {
    "seed": 40227
  },
  {
    "seed": 40241
  },
  {
    "seed": 40745
  },
  {
    "seed": 40766
  },
  {
    "seed": 40975
  },
  {
    "seed": 40985
  },
  {
    "seed": 40996
  },
  {
    "seed": 41018
  },
  {
    "seed": 41124
  },
  {
    "seed": 41208
  },
  {
    "seed": 41268
  },
  {
    "seed": 41350
  },
  {
    "seed": 41411
  },
  {
    "seed": 41487
  },
  {
    "seed": 41524
  },
  {
    "seed": 41608
  },
  {
    "seed": 41769
  },
  {
    "seed": 41877
  },
  {
    "seed": 41933
  },
  {
    "seed": 41975
  },
  {
    "seed": 42132
  },
  {
    "seed": 42140
  },
  {
    "seed": 42155
  },
  {
    "seed": 42269
  },
  {
    "seed": 42324
  },
  {
    "seed": 42333
  },
  {
    "seed": 42369
  },
  {
    "seed": 42374
  },
  {
    "seed": 42425
  },
  {
    "seed": 42595
  },
  {
    "seed": 42684
  },
  {
    "seed": 42726
  },
  {
    "seed": 42891
  },
  {
    "seed": 43016
  },
  {
    "seed": 43112
  },
  {
    "seed": 43132
  },
  {
    "seed": 43162
  },
  {
    "seed": 43248
  },
  {
    "seed": 43255
  },
  {
    "seed": 43306
  },
  {
    "seed": 43345
  },
  {
    "seed": 43392
  },
  {
    "seed": 43407
  },
  {
    "seed": 43554
  },
  {
    "seed": 43657
  },
  {
    "seed": 43670
  },
  {
    "seed": 43735
  },
  {
    "seed": 43736
  },
  {
    "seed": 43929
  },
  {
    "seed": 43957
  },
  {
    "seed": 44147
  },
  {
    "seed": 44181
  },
  {
    "seed": 44207
  },
  {
    "seed": 44228
  },
  {
    "seed": 44284
  },
  {
    "seed": 44595
  },
  {
    "seed": 44665
  },
  {
    "seed": 44727
  },
  {
    "seed": 44753
  },
  {
    "seed": 44899
  },
  {
    "seed": 45001
  },
  {
    "seed": 45176
  },
  {
    "seed": 45240
  },
  {
    "seed": 45414
  },
  {
    "seed": 45798
  },
  {
    "seed": 45813
  },
  {
    "seed": 45842
  },
  {
    "seed": 45957
  },
  {
    "seed": 46049
  },
  {
    "seed": 46116
  },
  {
    "seed": 46168
  },
  {
    "seed": 46241
  },
  {
    "seed": 46248
  },
  {
    "seed": 46272
  },
  {
    "seed": 46387
  },
  {
    "seed": 46443
  },
  {
    "seed": 46550
  },
  {
    "seed": 46607
  },
  {
    "seed": 46767
  },
  {
    "seed": 46861
  },
  {
    "seed": 46865
  },
  {
    "seed": 46876
  },
  {
    "seed": 46906
  },
  {
    "seed": 46937
  },
  {
    "seed": 46953
  },
  {
    "seed": 47052
  },
  {
    "seed": 47088
  },
  {
    "seed": 47120
  },
  {
    "seed": 47162
  },
  {
    "seed": 47166
  },
  {
    "seed": 47197
  },
  {
    "seed": 47255
  },
  {
    "seed": 47564
  },
  {
    "seed": 47571
  },
  {
    "seed": 47663
  },
  {
    "seed": 47755
  },
  {
    "seed": 47796
  },
  {
    "seed": 47817
  },
  {
    "seed": 47932
  },
  {
    "seed": 47954
  },
  {
    "seed": 48368
  },
  {
    "seed": 48417
  },
  {
    "seed": 48579
  },
  {
    "seed": 48684
  },
  {
    "seed": 48757
  },
  {
    "seed": 48877
  },
  {
    "seed": 48929
  },
  {
    "seed": 48960
  },
  {
    "seed": 48986
  },
  {
    "seed": 49388
  },
  {
    "seed": 49469
  },
  {
    "seed": 49491
  },
  {
    "seed": 49528
  },
  {
    "seed": 49601
  },
  {
    "seed": 49651
  },
  {
    "seed": 50000
  },
  {
    "seed": 50225
  },
  {
    "seed": 50276
  },
  {
    "seed": 50373
  },
  {
    "seed": 50396
  },
  {
    "seed": 50486
  },
  {
    "seed": 50818
  },
  {
    "seed": 50994
  },
  {
    "seed": 51024
  },
  {
    "seed": 51113
  },
  {
    "seed": 51291
  },
  {
    "seed": 51322
  },
  {
    "seed": 51389
  },
  {
    "seed": 51493
  },
  {
    "seed": 51605
  },
  {
    "seed": 51617
  },
  {
    "seed": 51668
  },
  {
    "seed": 51774
  },
  {
    "seed": 51953
  },
  {
    "seed": 52116
  },
  {
    "seed": 52291
  },
  {
    "seed": 52412
  },
  {
    "seed": 52829
  },
  {
    "seed": 52896
  },
  {
    "seed": 52952
  },
  {
    "seed": 52957
  },
  {
    "seed": 53154
  },
  {
    "seed": 53196
  },
  {
    "seed": 53561
  },
  {
    "seed": 53653
  },
  {
    "seed": 53676
  },
  {
    "seed": 53760
  },
  {
    "seed": 53860
  },
  {
    "seed": 53891
  },
  {
    "seed": 53923
  },
  {
    "seed": 54002
  },
  {
    "seed": 54017
  },
  {
    "seed": 54043
  },
  {
    "seed": 54047
  },
  {
    "seed": 54091
  },
  {
    "seed": 54137
  },
  {
    "seed": 54229
  },
  {
    "seed": 54269
  },
  {
    "seed": 54271
  },
  {
    "seed": 54383
  },
  {
    "seed": 54511
  },
  {
    "seed": 54689
  },
  {
    "seed": 54751
  },
  {
    "seed": 54800
  },
  {
    "seed": 54941
  },
  {
    "seed": 55164
  },
  {
    "seed": 55221
  },
  {
    "seed": 55251
  },
  {
    "seed": 55260
  },
  {
    "seed": 55301
  },
  {
    "seed": 55329
  },
  {
    "seed": 55411
  },
  {
    "seed": 55642
  },
  {
    "seed": 55675
  },
  {
    "seed": 55689
  },
  {
    "seed": 55718
  },
  {
    "seed": 55823
  },
  {
    "seed": 56151
  },
  {
    "seed": 56157
  },
  {
    "seed": 56177
  },
  {
    "seed": 56258
  },
  {
    "seed": 56305
  },
  {
    "seed": 56325
  },
  {
    "seed": 56365
  },
  {
    "seed": 56439
  },
  {
    "seed": 56547
  },
  {
    "seed": 56719
  },
  {
    "seed": 56742
  },
  {
    "seed": 56951
  },
  {
    "seed": 56973
  },
  {
    "seed": 57014
  },
  {
    "seed": 57146
  },
  {
    "seed": 57450
  },
  {
    "seed": 57675
  },
  {
    "seed": 57777
  },
  {
    "seed": 57877
  },
  {
    "seed": 57927
  },
  {
    "seed": 57942
  },
  {
    "seed": 57986
  },
  {
    "seed": 58260
  },
  {
    "seed": 58280
  },
  {
    "seed": 58337
  },
  {
    "seed": 58457
  },
  {
    "seed": 58560
  },
  {
    "seed": 58575
  },
  {
    "seed": 58581
  },
  {
    "seed": 58654
  },
  {
    "seed": 58671
  },
  {
    "seed": 58697
  },
  {
    "seed": 58736
  },
  {
    "seed": 58853
  },
  {
    "seed": 59131
  },
  {
    "seed": 59317
  },
  {
    "seed": 59452
  },
  {
    "seed": 59524
  },
  {
    "seed": 59649
  },
  {
    "seed": 59662
  },
  {
    "seed": 59792
  },
  {
    "seed": 59857
  },
  {
    "seed": 59976
  },
  {
    "seed": 60185
  },
  {
    "seed": 60220
  },
  {
    "seed": 60375
  },
  {
    "seed": 60660
  },
  {
    "seed": 60729
  },
  {
    "seed": 61040
  },
  {
    "seed": 61101
  },
  {
    "seed": 61194
  },
  {
    "seed": 61196
  },
  {
    "seed": 61200
  },
  {
    "seed": 61270
  },
  {
    "seed": 61388
  },
  {
    "seed": 61506
  },
  {
    "seed": 61719
  },
  {
    "seed": 61727
  },
  {
    "seed": 61784
  },
  {
    "seed": 61795
  },
  {
    "seed": 61988
  },
  {
    "seed": 62408
  },
  {
    "seed": 62427
  },
  {
    "seed": 62447
  },
  {
    "seed": 62576
  },
  {
    "seed": 62579
  },
  {
    "seed": 62684
  },
  {
    "seed": 62870
  },
  {
    "seed": 62954
  },
  {
    "seed": 63043
  },
  {
    "seed": 63183
  },
  {
    "seed": 63298
  },
  {
    "seed": 63467
  },
  {
    "seed": 63480
  },
  {
    "seed": 63488
  },
  {
    "seed": 63583
  },
  {
    "seed": 63626
  },
  {
    "seed": 63659
  },
  {
    "seed": 63667
  },
  {
    "seed": 63703
  },
  {
    "seed": 63750
  },
  {
    "seed": 63906
  },
  {
    "seed": 64144
  },
  {
    "seed": 64153
  },
  {
    "seed": 64273
  },
  {
    "seed": 64296
  },
  {
    "seed": 64451
  },
  {
    "seed": 64466
  },
  {
    "seed": 64493
  },
  {
    "seed": 64538
  },
  {
    "seed": 64597
  },
  {
    "seed": 64626
  },
  {
    "seed": 64634
  },
  {
    "seed": 64735
  },
  {
    "seed": 64736
  },
  {
    "seed": 64958
  },
  {
    "seed": 65004
  },
  {
    "seed": 65137
  },
  {
    "seed": 65232
  },
  {
    "seed": 65394
  },
  {
    "seed": 65451
  },
  {
    "seed": 65471
  },
  {
    "seed": 65543
  },
  {
    "seed": 65625
  },
  {
    "seed": 65717
  },
  {
    "seed": 65740
  },
  {
    "seed": 65880
  },
  {
    "seed": 66065
  },
  {
    "seed": 66100
  },
  {
    "seed": 66218
  },
  {
    "seed": 66387
  },
  {
    "seed": 66435
  },
  {
    "seed": 66532
  },
  {
    "seed": 66542
  },
  {
    "seed": 66621
  },
  {
    "seed": 66719
  },
  {
    "seed": 66747
  },
  {
    "seed": 66845
  },
  {
    "seed": 66851
  },
  {
    "seed": 67027
  },
  {
    "seed": 67029
  },
  {
    "seed": 67163
  },
  {
    "seed": 67252
  },
  {
    "seed": 67385
  },
  {
    "seed": 67492
  },
  {
    "seed": 67558
  },
  {
    "seed": 67582
  },
  {
    "seed": 67696
  },
  {
    "seed": 67736
  },
  {
    "seed": 68185
  },
  {
    "seed": 68331
  },
  {
    "seed": 68423
  },
  {
    "seed": 68496
  },
  {
    "seed": 68621
  },
  {
    "seed": 68624
  },
  {
    "seed": 68755
  },
  {
    "seed": 68765
  },
  {
    "seed": 68807
  },
  {
    "seed": 68929
  },
  {
    "seed": 68957
  },
  {
    "seed": 69088
  },
  {
    "seed": 69156
  },
  {
    "seed": 69217
  },
  {
    "seed": 69397
  },
  {
    "seed": 69483
  },
  {
    "seed": 69658
  },
  {
    "seed": 69726
  },
  {
    "seed": 69811
  },
  {
    "seed": 69839
  },
  {
    "seed": 69865
  },
  {
    "seed": 70046
  },
  {
    "seed": 70088
  },
  {
    "seed": 70089
  },
  {
    "seed": 70110
  },
  {
    "seed": 70114
  },
  {
    "seed": 70273
  },
  {
    "seed": 70277
  },
  {
    "seed": 70534
  },
  {
    "seed": 70640
  },
  {
    "seed": 70735
  },
  {
    "seed": 70775
  },
  {
    "seed": 70822
  },
  {
    "seed": 70834
  },
  {
    "seed": 71295
  },
  {
    "seed": 71513
  },
  {
    "seed": 71520
  },
  {
    "seed": 71760
  },
  {
    "seed": 71856
  },
  {
    "seed": 72043
  },
  {
    "seed": 72315
  },
  {
    "seed": 72388
  },
  {
    "seed": 72436
  },
  {
    "seed": 72503
  },
  {
    "seed": 72515
  },
  {
    "seed": 72622
  },
  {
    "seed": 72662
  },
  {
    "seed": 72755
  },
  {
    "seed": 72794
  },
  {
    "seed": 72811
  },
  {
    "seed": 72891
  },
  {
    "seed": 73084
  },
  {
    "seed": 73136
  },
  {
    "seed": 73182
  },
  {
    "seed": 73225
  },
  {
    "seed": 73227
  },
  {
    "seed": 73442
  },
  {
    "seed": 73489
  },
  {
    "seed": 73523
  },
  {
    "seed": 73540
  },
  {
    "seed": 73557
  },
  {
    "seed": 73633
  },
  {
    "seed": 73865
  },
  {
    "seed": 73881
  },
  {
    "seed": 73917
  },
  {
    "seed": 73954
  },
  {
    "seed": 74226
  },
  {
    "seed": 74335
  },
  {
    "seed": 74368
  },
  {
    "seed": 74402
  },
  {
    "seed": 74407
  },
  {
    "seed": 74475
  },
  {
    "seed": 74713
  },
  {
    "seed": 74740
  },
  {
    "seed": 74782
  },
  {
    "seed": 74833
  },
  {
    "seed": 74905
  },
  {
    "seed": 74928
  },
  {
    "seed": 74950
  },
  {
    "seed": 74995
  },
  {
    "seed": 75026
  },
  {
    "seed": 75029
  },
  {
    "seed": 75274
  },
  {
    "seed": 75277
  },
  {
    "seed": 75364
  },
  {
    "seed": 75406
  },
  {
    "seed": 75421
  },
  {
    "seed": 75473
  },
  {
    "seed": 75759
  },
  {
    "seed": 75854
  },
  {
    "seed": 75859
  },
  {
    "seed": 76002
  },
  {
    "seed": 76010
  },
  {
    "seed": 76040
  },
  {
    "seed": 76110
  },
  {
    "seed": 76205
  },
  {
    "seed": 76211
  },
  {
    "seed": 76228
  },
  {
    "seed": 76241
  },
  {
    "seed": 76325
  },
  {
    "seed": 76524
  },
  {
    "seed": 76541
  },
  {
    "seed": 76739
  },
  {
    "seed": 76810
  },
  {
    "seed": 76816
  },
  {
    "seed": 76906
  },
  {
    "seed": 76998
  },
  {
    "seed": 77045
  },
  {
    "seed": 77204
  },
  {
    "seed": 77443
  },
  {
    "seed": 77546
  },
  {
    "seed": 77691
  },
  {
    "seed": 77786
  },
  {
    "seed": 77915
  },
  {
    "seed": 78197
  },
  {
    "seed": 78202
  },
  {
    "seed": 78273
  },
  {
    "seed": 78532
  },
  {
    "seed": 78627
  },
  {
    "seed": 78657
  },
  {
    "seed": 78663
  },
  {
    "seed": 78678
  },
  {
    "seed": 78902
  },
  {
    "seed": 78946
  },
  {
    "seed": 78981
  },
  {
    "seed": 79046
  },
  {
    "seed": 79096
  },
  {
    "seed": 79167
  },
  {
    "seed": 79169
  },
  {
    "seed": 79255
  },
  {
    "seed": 79381
  },
  {
    "seed": 79580
  },
  {
    "seed": 79698
  },
  {
    "seed": 79795
  },
  {
    "seed": 79856
  },
  {
    "seed": 79914
  },
  {
    "seed": 79948
  },
  {
    "seed": 79967
  },
  {
    "seed": 79993
  },
  {
    "seed": 80058
  },
  {
    "seed": 80308
  },
  {
    "seed": 80366
  },
  {
    "seed": 80454
  },
  {
    "seed": 80575
  },
  {
    "seed": 80605
  },
  {
    "seed": 80651
  },
  {
    "seed": 80794
  },
  {
    "seed": 80810
  },
  {
    "seed": 80867
  },
  {
    "seed": 81028
  },
  {
    "seed": 81059
  },
  {
    "seed": 81069
  },
  {
    "seed": 81199
  },
  {
    "seed": 81202
  },
  {
    "seed": 81314
  },
  {
    "seed": 81423
  },
  {
    "seed": 81577
  },
  {
    "seed": 81700
  },
  {
    "seed": 81920
  },
  {
    "seed": 81958
  },
  {
    "seed": 82169
  },
  {
    "seed": 82215
  },
  {
    "seed": 82230
  },
  {
    "seed": 82352
  },
  {
    "seed": 82396
  },
  {
    "seed": 82431
  },
  {
    "seed": 82601
  },
  {
    "seed": 82723
  },
  {
    "seed": 82766
  },
  {
    "seed": 82911
  },
  {
    "seed": 83001
  },
  {
    "seed": 83037
  },
  {
    "seed": 83065
  },
  {
    "seed": 83070
  },
  {
    "seed": 83109
  },
  {
    "seed": 83119
  },
  {
    "seed": 83159
  },
  {
    "seed": 83234
  },
  {
    "seed": 83260
  },
  {
    "seed": 83310
  },
  {
    "seed": 83354
  },
  {
    "seed": 83634
  },
  {
    "seed": 83710
  },
  {
    "seed": 83755
  },
  {
    "seed": 84146
  },
  {
    "seed": 84203
  },
  {
    "seed": 84245
  },
  {
    "seed": 84257
  },
  {
    "seed": 84283
  },
  {
    "seed": 84298
  },
  {
    "seed": 84382
  },
  {
    "seed": 84406
  },
  {
    "seed": 84500
  },
  {
    "seed": 84727
  },
  {
    "seed": 84817
  },
  {
    "seed": 85047
  },
  {
    "seed": 85087
  },
  {
    "seed": 85095
  },
  {
    "seed": 85202
  },
  {
    "seed": 85213
  },
  {
    "seed": 85358
  },
  {
    "seed": 85371
  },
  {
    "seed": 85393
  },
  {
    "seed": 85439
  },
  {
    "seed": 85487
  },
  {
    "seed": 85592
  },
  {
    "seed": 85662
  },
  {
    "seed": 85679
  },
  {
    "seed": 85686
  },
  {
    "seed": 85831
  },
  {
    "seed": 85928
  },
  {
    "seed": 85960
  },
  {
    "seed": 85985
  },
  {
    "seed": 86050
  },
  {
    "seed": 86080
  },
  {
    "seed": 86112
  },
  {
    "seed": 86150
  },
  {
    "seed": 86190
  },
  {
    "seed": 86263
  },
  {
    "seed": 86268
  },
  {
    "seed": 86468
  },
  {
    "seed": 86549
  },
  {
    "seed": 86696
  },
  {
    "seed": 86808
  },
  {
    "seed": 86931
  },
  {
    "seed": 86938
  },
  {
    "seed": 86986
  },
  {
    "seed": 86994
  },
  {
    "seed": 87081
  },
  {
    "seed": 87097
  },
  {
    "seed": 87135
  },
  {
    "seed": 87151
  },
  {
    "seed": 87336
  },
  {
    "seed": 87371
  },
  {
    "seed": 87397
  },
  {
    "seed": 87466
  },
  {
    "seed": 87689
  },
  {
    "seed": 87736
  },
  {
    "seed": 87813
  },
  {
    "seed": 87926
  },
  {
    "seed": 88014
  },
  {
    "seed": 88021
  },
  {
    "seed": 88130
  },
  {
    "seed": 88204
  },
  {
    "seed": 88215
  },
  {
    "seed": 88285
  },
  {
    "seed": 88435
  },
  {
    "seed": 88547
  },
  {
    "seed": 88666
  },
  {
    "seed": 88697
  },
  {
    "seed": 88939
  },
  {
    "seed": 89040
  },
  {
    "seed": 89049
  },
  {
    "seed": 89608
  },
  {
    "seed": 89626
  },
  {
    "seed": 89922
  },
  {
    "seed": 90050
  },
  {
    "seed": 90143
  },
  {
    "seed": 90155
  },
  {
    "seed": 90405
  },
  {
    "seed": 90574
  },
  {
    "seed": 90575
  },
  {
    "seed": 90612
  },
  {
    "seed": 90898
  },
  {
    "seed": 91142
  },
  {
    "seed": 91146
  },
  {
    "seed": 91150
  },
  {
    "seed": 91171
  },
  {
    "seed": 91193
  },
  {
    "seed": 91281
  },
  {
    "seed": 91389
  },
  {
    "seed": 91426
  },
  {
    "seed": 91440
  },
  {
    "seed": 91566
  },
  {
    "seed": 91660
  },
  {
    "seed": 91804
  },
  {
    "seed": 92088
  },
  {
    "seed": 92104
  },
  {
    "seed": 92220
  },
  {
    "seed": 92287
  },
  {
    "seed": 92333
  },
  {
    "seed": 92538
  },
  {
    "seed": 92567
  },
  {
    "seed": 92604
  },
  {
    "seed": 92634
  },
  {
    "seed": 92815
  },
  {
    "seed": 92927
  },
  {
    "seed": 92930
  },
  {
    "seed": 92938
  },
  {
    "seed": 92967
  },
  {
    "seed": 93029
  },
  {
    "seed": 93312
  },
  {
    "seed": 93365
  },
  {
    "seed": 93393
  },
  {
    "seed": 93407
  },
  {
    "seed": 93494
  },
  {
    "seed": 93565
  },
  {
    "seed": 93624
  },
  {
    "seed": 93929
  },
  {
    "seed": 94052
  },
  {
    "seed": 94321
  },
  {
    "seed": 94327
  },
  {
    "seed": 94374
  },
  {
    "seed": 94442
  },
  {
    "seed": 94526
  },
  {
    "seed": 94663
  },
  {
    "seed": 94878
  },
  {
    "seed": 94989
  },
  {
    "seed": 95001
  },
  {
    "seed": 95072
  },
  {
    "seed": 95122
  },
  {
    "seed": 95222
  },
  {
    "seed": 95320
  },
  {
    "seed": 95534
  },
  {
    "seed": 95577
  },
  {
    "seed": 95717
  },
  {
    "seed": 95862
  },
  {
    "seed": 95938
  },
  {
    "seed": 96071
  },
  {
    "seed": 96101
  },
  {
    "seed": 96390
  },
  {
    "seed": 96398
  },
  {
    "seed": 96491
  },
  {
    "seed": 96636
  },
  {
    "seed": 96658
  },
  {
    "seed": 96719
  },
  {
    "seed": 96766
  },
  {
    "seed": 96817
  },
  {
    "seed": 96819
  },
  {
    "seed": 96942
  },
  {
    "seed": 97170
  },
  {
    "seed": 97221
  },
  {
    "seed": 97249
  },
  {
    "seed": 97286
  },
  {
    "seed": 97297
  },
  {
    "seed": 97404
  },
  {
    "seed": 97491
  },
  {
    "seed": 97575
  },
  {
    "seed": 97587
  },
  {
    "seed": 97719
  },
  {
    "seed": 97761
  },
  {
    "seed": 97796
  },
  {
    "seed": 97876
  },
  {
    "seed": 97930
  },
  {
    "seed": 97941
  },
  {
    "seed": 97978
  },
  {
    "seed": 98174
  },
  {
    "seed": 98214
  },
  {
    "seed": 98507
  },
  {
    "seed": 98578
  },
  {
    "seed": 98827
  },
  {
    "seed": 98901
  },
  {
    "seed": 98957
  },
  {
    "seed": 98979
  },
  {
    "seed": 99025
  },
  {
    "seed": 99026
  },
  {
    "seed": 99082
  },
  {
    "seed": 99174
  },
  {
    "seed": 99245
  },
  {
    "seed": 99252
  },
  {
    "seed": 99266
  },
  {
    "seed": 99290
  },
  {
    "seed": 99331
  },
  {
    "seed": 99357
  },
  {
    "seed": 99476
  },
  {
    "seed": 99601
  },
  {
    "seed": 99607
  },
  {
    "seed": 99745
  },
  {
    "seed": 99845
  },
  {
    "seed": 99851
  },
  {
    "seed": 99883
  }
]