[
  {
    "seed": 646
  },
  {
    "seed": 801
  },
  {
    "seed": 868
  },
  {
    "seed": 920
  },
  {
    "seed": 1057
  },
  {
    "seed": 1102
  },
  {
    "seed": 1426
  },
  {
    "seed": 1448
  },
  {
    "seed": 2394
  },
  {
    "seed": 2626
  },
  {
    "seed": 2627
  },
  {
    "seed": 2902
  },
  {
    "seed": 2959
  },
  {
    "seed": 3118
  },
  {
    "seed": 3152
  },
  {
    "seed": 3460
  },
  {
    "seed": 3558
  },
  {
    "seed": 4384
  },
  {
    "seed": 4395
  },
  {
    "seed": 4406
  },
  {
    "seed": 4599
  },
  {
    "seed": 4863
  },
  {
    "seed": 4966
  },
  {
    "seed": 5544
  },
  {
    "seed": 5578
  },
  {
    "seed": 6243
  },
  {
    "seed": 6473
  },
  {
    "seed": 6945
  },
  {
    "seed": 7025
  },
  {
    "seed": 7096
  },
  {
    "seed": 7296
  },
  {
    "seed": 7662
  },
  {
    "seed": 8081
  },
  {
    "seed": 8859
  },
  {
    "seed": 9832
  },
  {
    "seed": 9859
  },
  {
    "seed": 9877
  },
  {
    "seed": 10293
  },
  {
    "seed": 10588
  },
  {
    "seed": 10765
  },
  {
    "seed": 12046
  },
  {
    "seed": 12148
  },
  {
    "seed": 12303
  },
  {
    "seed": 12404
  },
  {
    "seed": 12552
  },
  {
    "seed": 12669
  },
  {
    "seed": 12893
  },
  {
    "seed": 13370
  },
  {
    "seed": 13432
  },
  {
    "seed": 15093
  },
  {
    "seed": 15569
  },
  {
    "seed": 15642
  },
  {
    "seed": 15686
  },
  {
    "seed": 15948
  },
  {
    "seed": 16048
  },
  {
    "seed": 17039
  },
  {
    "seed": 17041
  },
  {
    "seed": 17521
  },
  {
    "seed": 18111
  },
  {
    "seed": 18488
  },
  {
    "seed": 19185
  },
  {
    "seed": 19513
  },
  {
    "seed": 19635
  },
  {
    "seed": 19638
  },
  {
    "seed": 19918
  },
  {
    "seed": 19972
  },
  {
    "seed": 20088
  },
  {
    "seed": 20692
  },
  {
    "seed": 20862
  },
  {
    "seed": 20879
  },
  {
    "seed": 21299
  },
  {
    "seed": 21411
  },
  {
    "seed": 21530
  },
  {
    "seed": 21567
  },
  {
    "seed": 22093
  },
  {
    "seed": 22164
  },
  {
    "seed": 22626
  },
  {
    "seed": 22959
  },
  {
    "seed": 23092
  },
  {
    "seed": 23203
  },
  {
    "seed": 23519
  },
  {
    "seed": 23581
  },
  {
    "seed": 23739
  },
  {
    "seed": 23751
  },
  {
    "seed": 23918
  },
  {
    "seed": 24023
  },
  {
    "seed": 24049
  },
  {
    "seed": 24304
  },
  {
    "seed": 24898
  },
  {
    "seed": 25041
  },
  {
    "seed": 25376
  },
  {
    "seed": 25626
  },
  {
    "seed": 25699
  },
  {
    "seed": 26322
  },
  {
    "seed": 26963
  },
  {
    "seed": 26967
  },
  {
    "seed": 27442
  },
  {
    "seed": 27980
  },
  {
    "seed": 28854
  },
  {
    "seed": 29100
  },
  {
    "seed": 29984
  },
  {
    "seed": 30072
  },
  {
    "seed": 30380
  },
  {
    "seed": 30539
  },
  {
    "seed": 30642
  },
  {
    "seed": 30862
  },
  {
    "seed": 31221
  },
  {
    "seed": 31245
  },
  {
    "seed": 31567
  },
  {
    "seed": 32062
  },
  {
    "seed": 33120
  },
  {
    "seed": 33146
  },
  {
    "seed": 33194
  },
  {
    "seed": 33820
  },
  {
    "seed": 33975
  },
  {
    "seed": 34190
  },
  {
    "seed": 34286
  },
  {
    "seed": 34351
  },
  {
    "seed": 34705
  },
  {
    "seed": 34993
  },
  {
    "seed": 35857
  },
  {
    "seed": 36033
  },
  {
    "seed": 36290
  },
  {
    "seed": 36460
  },
  {
    "seed": 36503
  },
  {
    "seed": 36705
  },
  {
    "seed": 36721
  },
  {
    "seed": 36722
  },
  {
    "seed": 36789
  },
  {
    "seed": 37358
  },
  {
    "seed": 38256
  },
  {
    "seed": 38275
  },
  {
    "seed": 38500
  },
  {
    "seed": 38718
  },
  {
    "seed": 38724
  },
  {
    "seed": 39927
  },
  {
    "seed": 40209
  },
  {
    "seed": 41051
  },
  {
    "seed": 41997
  },
  {
    "seed": 42220
  },
  {
    "seed": 42268
  },
  {
    "seed": 42535
  },
  {
    "seed": 43011
  },
  {
    "seed": 43095
  },
  {
    "seed": 43489
  },
  {
    "seed": 43683
  },
  {
    "seed": 43713
  },
  {
    "seed": 43817
  },
  {
    "seed": 44079
  },
  {
    "seed": 44110
  },
  {
    "seed": 45147
  },
  {
    "seed": 45275
  },
  {
    "seed": 45314
  },
  {
    "seed": 45348
  },
  {
    "seed": 45363
  },
  {
    "seed": 45399
  },
  {
    "seed": 45651
  },
  {
    "seed": 45732
  },
  {
    "seed": 45913
  },
  {
    "seed": 46045
  },
  {
    "seed": 46066
  },
  {
    "seed": 46874
  },
  {
    "seed": 47195
  },
  {
    "seed": 47200
  },
  {
    "seed": 47671
  },
  {
    "seed": 47915
  },
  {
    "seed": 48068
  },
  {
    "seed": 48154
  },
  {
    "seed": 48544
  },
  {
    "seed": 49222
  },
  {
    "seed": 49243
  },
  {
    "seed": 49323
  },
  {
    "seed": 50282
  },
  {
    "seed": 50742
  },
  {
    "seed": 50958
  },
  {
    "seed": 51431
  },
  {
    "seed": 51641
  },
  {
    "seed": 52156
  },
  {
    "seed": 52393
  },
  {
    "seed": 52862
  },
  {
    "seed": 53120
  },
  {
    "seed": 53137
  },
  {
    "seed": 53266
  },
  {
    "seed": 53668
  },
  {
    "seed": 54245
  },
  {
    "seed": 54282
  },
  {
    "seed": 54329
  },
  {
    "seed": 54564
  },
  {
    "seed": 54716
  },
  {
    "seed": 54978
  },
  {
    "seed": 55433
  },
  {
    "seed": 56646
  },
  {
    "seed": 56910
  },
  {
    "seed": 57189
  },
  {
    "seed": 57427
  },
  {
    "seed": 57832
  },
  {
    "seed": 57885
  },
  {
    "seed": 57962
  },
  {
    "seed": 58117
  },
  {
    "seed": 58279
  },
  {
    "seed": 58823
  },
  {
    "seed": 58983
  },
  {
    "seed": 60036
  },
  {
    "seed": 60271
  },
  {
    "seed": 61080
  },
  {
    "seed": 61216
  },
  {
    "seed": 61304
  },
  {
    "seed": 61746
  },
  {
    "seed": 61899
  },
  {
    "seed": 62197
  },
  {
    "seed": 62244
  },
  {
    "seed": 62464
  },
  {
    "seed": 63076
  },
  {
    "seed": 63226
  },
  {
    "seed": 63418
  },
  {
    "seed": 64254
  },
  {
    "seed": 64467
  },
  {
    "seed": 64701
  },
  {
    "seed": 64878
  },
  {
    "seed": 65456
  },
  {
    "seed": 65563
  },
  {
    "seed": 65617
  },
  {
    "seed": 65974
  },
  {
    "seed": 66267
  },
  {
    "seed": 66951
  },
  {
    "seed": 67174
  },
  {
    "seed": 67514
  },
  {
    "seed": 67745
  },
  {
    "seed": 68463
  },
  {
    "seed": 68568
  },
  {
    "seed": 68606
  },
  {
    "seed": 68679
  },
  {
    "seed": 68717
  },
  {
    "seed": 69040
  },
  {
    "seed": 69160
  },
  {
    "seed": 69801
  },
  {
    "seed": 69855
  },
  {
    "seed": 70472
  },
  {
    "seed": 70687
  },
  {
    "seed": 70745
  },
  {
    "seed": 70876
  },
  {
    "seed": 70961
  },
  {
    "seed": 71031
  },
  {
    "seed": 71232
  },
  {
    "seed": 71552
  },
  {
    "seed": 72374
  },
  {
    "seed": 72461
  },
  {
    "seed": 72732
  },
  {
    "seed": 72889
  },
  {
    "seed": 73446
  },
  {
    "seed": 73457
  },
  {
    "seed": 73527
  },
  {
    "seed": 73599
  },
  {
    "seed": 73732
  },
  {
    "seed": 73748
  },
  {
    "seed": 73927
  },
  {
    "seed": 74630
  },
  {
    "seed": 74706
  },
  {
    "seed": 74857
  },
  {
    "seed": 74941
  },
  {
    "seed": 75558
  },
  {
    "seed": 75784
  },
  {
    "seed": 75932
  },
  {
    "seed": 76048
  },
  {
    "seed": 76084
  },
  {
    "seed": 77197
  },
  {
    "seed": 77291
  },
  {
    "seed": 77638
  },
  {
    "seed": 77685
  },
  {
    "seed": 78026
  },
  {
    "seed": 78236
  },
  {
    "seed": 79134
  },
  {
    "seed": 79638
  },
  {
    "seed": 79758
  },
  {
    "seed": 80147
  },
  {
    "seed": 80667
  },
  {
    "seed": 81138
  },
  {
    "seed": 81406
  },
  {
    "seed": 81586
  },
  {
    "seed": 82935
  },
  {
    "seed": 83196
  },
  {
    "seed": 83519
  },
  {
    "seed": 83610
  },
  {
    "seed": 83676
  },
  {
    "seed": 83736
  },
  {
    "seed": 83840
  },
  {
    "seed": 84019
  },
  {
    "seed": 84032
  },
  {
    "seed": 84153
  },
  {
    "seed": 84363
  },
  {
    "seed": 84422
  },
  {
    "seed": 84451
  },
  {
    "seed": 84549
  },
  {
    "seed": 84567
  },
  {
    "seed": 85032
  },
  {
    "seed": 85346
  },
  {
    "seed": 85795
  },
  {
    "seed": 85806
  },
  {
    "seed": 85833
  },
  {
    "seed": 86204
  },
  {
    "seed": 86324
  },
  {
    "seed": 86511
  },
  {
    "seed": 86659
  },
  {
    "seed": 87401
  },
  {
    "seed": 87827
  },
  {
    "seed": 87862
  },
  {
    "seed": 87914
  },
  {
    "seed": 88087
  },
  {
    "seed": 88429
  },
  {
    "seed": 88532
  },
  {
    "seed": 89075
  },
  {
    "seed": 89203
  },
  {
    "seed": 89375
  },
  {
    "seed": 89904
  },
  {
    "seed": 89908
  },
  {
    "seed": 90108
  },
  {
    "seed": 90929
  },
  {
    "seed": 91509
  },
  {
    "seed": 91516
  },
  {
    "seed": 92058
  },
  {
    "seed": 92789
  },
  {
    "seed": 92992
  },
  {
    "seed": 93502
  },
  {
    "seed": 93849
  },
  {
    "seed": 94173
  },
  {
    "seed": 94196
  },
  {
    "seed": 94836
  },
  {
    "seed": 95068
  },
  {
    "seed": 95248
  },
  {
    "seed": 95356
  },
  {
    "seed": 95567
  },
  {
    "seed": 95618
  },
  {
    "seed": 96022
  },
  {
    "seed": 96702
  },
  {
    "seed": 96978
  },
  {
    "seed": 97552
  },
  {
    "seed": 98102
  },
  {
    "seed": 98548
  },
  {
    "seed": 98989
  }
]