[
  {
    "seed": 36
  },
  {
    "seed": 376
  },
  {
    "seed": 389
  },
  {
    "seed": 418
  },
  {
    "seed": 447
  },
  {
    "seed": 537
  },
  {
    "seed": 591
  },
  {
    "seed": 625
  },
  {
    "seed": 750
  },
  {
    "seed": 767
  },
  {
    "seed": 863
  },
  {
    "seed": 873
  },
  {
    "seed": 969
  },
  {
    "seed": 971
  },
  {
    "seed": 990
  },
  {
    "seed": 996
  },
  {
    "seed": 1012
  },
  {
    "seed": 1054
  },
  {
    "seed": 1086
  },
  {
    "seed": 1221
  },
  {
    "seed": 1354
  },
  {
    "seed": 1433
  },
  {
    "seed": 1437
  },
  {
    "seed": 1440
  },
  {
    "seed": 1568
  },
  {
    "seed": 1688
  },
  {
    "seed": 1793
  },
  {
    "seed": 1967
  },
  {
    "seed": 2021
  },
  {
    "seed": 2071
  },
  {
    "seed": 2073
  },
  {
    "seed": 2085
  },
  {
    "seed": 2233
  },
  {
    "seed": 2297
  },
  {
    "seed": 2356
  },
  {
    "seed": 2373
  },
  {
    "seed": 2431
  },
  {
    "seed": 2589
  },
  {
    "seed": 2598
  },
  {
    "seed": 2601
  },
  {
    "seed": 2720
  },
  {
    "seed": 2819
  },
  {
    "seed": 2854
  },
  {
    "seed": 2904
  },
  {
    "seed": 2953
  },
  {
    "seed": 3682
  },
  {
    "seed": 4035
  },
  {
    "seed": 4039
  },
  {
    "seed": 4172
  },
  {
    "seed": 4175
  },
  {
    "seed": 4236
  },
  {
    "seed": 4313
  },
  {
    "seed": 4348
  },
  {
    "seed": 4383
  },
  {
    "seed": 4439
  },
  {
    "seed": 4455
  },
  {
    "seed": 4522
  },
  {
    "seed": 4526
  },
  {
    "seed": 4611
  },
  {
    "seed": 4640
  },
  {
    "seed": 4753
  },
  {
    "seed": 4912
  },
  {
    "seed": 4921
  },
  {
    "seed": 4923
  },
  {
    "seed": 4944
  },
  {
    "seed": 4945
  },
  {
    "seed": 5042
  },
  {
    "seed": 5241
  },
  {
    "seed": 5248
  },
  {
    "seed": 5355
  },
  {
    "seed": 5536
  },
  {
    "seed": 5613
  },
  {
    "seed": 5788
  },
  {
    "seed": 5798
  },
  {
    "seed": 5833
  },
  {
    "seed": 6138
  },
  {
    "seed": 6141
  },
  {
    "seed": 6191
  },
  {
    "seed": 6193
  },
  {
    "seed": 6319
  },
  {
    "seed": 6322
  },
  {
    "seed": 6338
  },
  {
    "seed": 6440
  },
  {
    "seed": 6529
  },
  {
    "seed": 6541
  },
  {
    "seed": 6626
  },
  {
    "seed": 6658
  },
  {
    "seed": 6745
  },
  {
    "seed": 6891
  },
  {
    "seed": 6938
  },
  {
    "seed": 6949
  },
  {
    "seed": 6953
  },
  {
    "seed": 7053
  },
  {
    "seed": 7071
  },
  {
    "seed": 7185
  },
  {
    "seed": 7188
  },
  {
    "seed": 7218
  },
  {
    "seed": 7258
  },
  {
    "seed": 7299
  },
  {
    "seed": 7312
  },
  {
    "seed": 7326
  },
  {
    "seed": 7372
  },
  {
    "seed": 7392
  },
  {
    "seed": 7775
  },
  {
    "seed": 7826
  },
  {
    "seed": 7863
  },
  {
    "seed": 8008
  },
  {
    "seed": 8033
  },
  {
    "seed": 8053
  },
  {
    "seed": 8115
  },
  {
    "seed": 8138
  },
  {
    "seed": 8291
  },
  {
    "seed": 8444
  },
  {
    "seed": 8462
  },
  {
    "seed": 8472
  },
  {
    "seed": 8573
  },
  {
    "seed": 8608
  },
  {
    "seed": 8674
  },
  {
    "seed": 8691
  },
  {
    "seed": 8858
  },
  {
    "seed": 8874
  },
  {
    "seed": 9055
  },
  {
    "seed": 9112
  },
  {
    "seed": 9169
  },
  {
    "seed": 9249
  },
  {
    "seed": 9449
  },
  {
    "seed": 9589
  },
  {
    "seed": 9617
  },
  {
    "seed": 9673
  },
  {
    "seed": 9753
  },
  {
    "seed": 9862
  },
  {
    "seed": 9904
  },
  {
    "seed": 9924
  },
  {
    "seed": 9940
  },
  {
    "seed": 10022
  },
  {
    "seed": 10024
  },
  {
    "seed": 10134
  },
  {
    "seed": 10404
  },
  {
    "seed": 10475
  },
  {
    "seed": 10831
  },
  {
    "seed": 10851
  },
  {
    "seed": 10920
  },
  {
    "seed": 10932
  },
  {
    "seed": 10982
  },
  {
    "seed": 11017
  },
  {
    "seed": 11034
  },
  {
    "seed": 11277
  },
  {
    "seed": 11285
  },
  {
    "seed": 11296
  },
  {
    "seed": 11336
  },
  {
    "seed": 11450
  },
  {
    "seed": 11536
  },
  {
    "seed": 11537
  },
  {
    "seed": 11583
  },
  {
    "seed": 11590
  },
  {
    "seed": 11611
  },
  {
    "seed": 11761
  },
  {
    "seed": 11816
  },
  {
    "seed": 11891
  },
  {
    "seed": 11930
  },
  {
    "seed": 11949
  },
  {
    "seed": 11960
  },
  {
    "seed": 11980
  },
  {
    "seed": 12204
  },
  {
    "seed": 12256
  },
  {
    "seed": 12295
  },
  {
    "seed": 12407
  },
  {
    "seed": 12426
  },
  {
    "seed": 12465
  },
  {
    "seed": 12694
  },
  {
    "seed": 12762
  },
  {
    "seed": 12803
  },
  {
    "seed": 12949
  },
  {
    "seed": 12996
  },
  {
    "seed": 13101
  },
  {
    "seed": 13226
  },
  {
    "seed": 13228
  },
  {
    "seed": 13262
  },
  {
    "seed": 13284
  },
  {
    "seed": 13463
  },
  {
    "seed": 13524
  },
  {
    "seed": 13571
  },
  {
    "seed": 13607
  },
  {
    "seed": 13671
  },
  {
    "seed": 13710
  },
  {
    "seed": 13711
  },
  {
    "seed": 13796
  },
  {
    "seed": 13808
  },
  {
    "seed": 14044
  },
  {
    "seed": 14051
  },
  {
    "seed": 14070
  },
  {
    "seed": 14081
  },
  {
    "seed": 14217
  },
  {
    "seed": 14285
  },
  {
    "seed": 14370
  },
  {
    "seed": 14444
  },
  {
    "seed": 14485
  },
  {
    "seed": 14530
  },
  {
    "seed": 14707
  },
  {
    "seed": 14814
  },
  {
    "seed": 14850
  },
  {
    "seed": 14874
  },
  {
    "seed": 14931
  },
  {
    "seed": 14971
  },
  {
    "seed": 15071
  },
  {
    "seed": 15074
  },
  {
    "seed": 15091
  },
  {
    "seed": 15183
  },
  {
    "seed": 15232
  },
  {
    "seed": 15303
  },
  {
    "seed": 15304
  },
  {
    "seed": 15351
  },
  {
    "seed": 15383
  },
  {
    "seed": 15501
  },
  {
    "seed": 15560
  },
  {
    "seed": 15575
  },
  {
    "seed": 15810
  },
  {
    "seed": 15956
  },
  {
    "seed": 16093
  },
  {
    "seed": 16150
  },
  {
    "seed": 16210
  },
  {
    "seed": 16427
  },
  {
    "seed": 16447
  },
  {
    "seed": 16448
  },
  {
    "seed": 16512
  },
  {
    "seed": 16529
  },
  {
    "seed": 16586
  },
  {
    "seed": 16747
  },
  {
    "seed": 16823
  },
  {
    "seed": 16924
  },
  {
    "seed": 16965
  },
  {
    "seed": 16986
  },
  {
    "seed": 17009
  },
  {
    "seed": 17034
  },
  {
    "seed": 17040
  },
  {
    "seed": 17047
  },
  {
    "seed": 17071
  },
  {
    "seed": 17083
  },
  {
    "seed": 17280
  },
  {
    "seed": 17326
  },
  {
    "seed": 17440
  },
  {
    "seed": 17543
  },
  {
    "seed": 17606
  },
  {
    "seed": 17689
  },
  {
    "seed": 17796
  },
  {
    "seed": 17801
  },
  {
    "seed": 17917
  },
  {
    "seed": 17997
  },
  {
    "seed": 18197
  },
  {
    "seed": 18227
  },
  {
    "seed": 18257
  },
  {
    "seed": 18446
  },
  {
    "seed": 18458
  },
  {
    "seed": 18465
  },
  {
    "seed": 18473
  },
  {
    "seed": 18506
  },
  {
    "seed": 18567
  },
  {
    "seed": 18705
  },
  {
    "seed": 18727
  },
  {
    "seed": 18785
  },
  {
    "seed": 18840
  },
  {
    "seed": 19052
  },
  {
    "seed": 19165
  },
  {
    "seed": 19316
  },
  {
    "seed": 19336
  },
  {
    "seed": 19368
  },
  {
    "seed": 19394
  },
  {
    "seed": 19406
  },
  {
    "seed": 19438
  },
  {
    "seed": 19508
  },
  {
    "seed": 19520
  },
  {
    "seed": 19605
  },
  {
    "seed": 19645
  },
  {
    "seed": 19772
  },
  {
    "seed": 19779
  },
  {
    "seed": 19809
  },
  {
    "seed": 19832
  },
  {
    "seed": 19915
  },
  {
    "seed": 19983
  },
  {
    "seed": 20027
  },
  {
    "seed": 20031
  },
  {
    "seed": 20080
  },
  {
    "seed": 20194
  },
  {
    "seed": 20228
  },
  {
    "seed": 20475
  },
  {
    "seed": 20562
  },
  {
    "seed": 20590
  },
  {
    "seed": 20704
  },
  {
    "seed": 20708
  },
  {
    "seed": 20807
  },
  {
    "seed": 20814
  },
  {
    "seed": 20834
  },
  {
    "seed": 20957
  },
  {
    "seed": 21002
  },
  {
    "seed": 21021
  },
  {
    "seed": 21217
  },
  {
    "seed": 21285
  },
  {
    "seed": 21328
  },
  {
    "seed": 21371
  },
  {
    "seed": 21455
  },
  {
    "seed": 21633
  },
  {
    "seed": 21645
  },
  {
    "seed": 21678
  },
  {
    "seed": 21767
  },
  {
    "seed": 21836
  },
  {
    "seed": 21846
  },
  {
    "seed": 22145
  },
  {
    "seed": 22176
  },
  {
    "seed": 22446
  },
  {
    "seed": 22453
  },
  {
    "seed": 22636
  },
  {
    "seed": 22649
  },
  {
    "seed": 22650
  },
  {
    "seed": 22813
  },
  {
    "seed": 22831
  },
  {
    "seed": 22847
  },
  {
    "seed": 22923
  },
  {
    "seed": 23053
  },
  {
    "seed": 23060
  },
  {
    "seed": 23061
  },
  {
    "seed": 23099
  },
  {
    "seed": 23155
  },
  {
    "seed": 23159
  },
  {
    "seed": 23270
  },
  {
    "seed": 23530
  },
  {
    "seed": 23666
  },
  {
    "seed": 23921
  },
  {
    "seed": 23959
  },
  {
    "seed": 23964
  },
  {
    "seed": 24018
  },
  {
    "seed": 24102
  },
  {
    "seed": 24235
  },
  {
    "seed": 24510
  },
  {
    "seed": 24515
  },
  {
    "seed": 24517
  },
  {
    "seed": 24547
  },
  {
    "seed": 24565
  },
  {
    "seed": 24597
  },
  {
    "seed": 24621
  },
  {
    "seed": 24709
  },
  {
    "seed": 24856
  },
  {
    "seed": 24922
  },
  {
    "seed": 24970
  },
  {
    "seed": 25218
  },
  {
    "seed": 25257
  },
  {
    "seed": 25284
  },
  {
    "seed": 25326
  },
  {
    "seed": 25420
  },
  {
    "seed": 25428
  },
  {
    "seed": 25717
  },
  {
    "seed": 25757
  },
  {
    "seed": 25807
  },
  {
    "seed": 25880
  },
  {
    "seed": 25882
  },
  {
    "seed": 25920
  },
  {
    "seed": 25993
  },
  {
    "seed": 26113
  },
  {
    "seed": 26215
  },
  {
    "seed": 26281
  },
  {
    "seed": 26388
  },
  {
    "seed": 26515
  },
  {
    "seed": 26562
  },
  {
    "seed": 26633
  },
  {
    "seed": 26706
  },
  {
    "seed": 26780
  },
  {
    "seed": 26790
  },
  {
    "seed": 26981
  },
  {
    "seed": 26988
  },
  {
    "seed": 27027
  },
  {
    "seed": 27201
  },
  {
    "seed": 27209
  },
  {
    "seed": 27227
  },
  {
    "seed": 27230
  },
  {
    "seed": 27238
  },
  {
    "seed": 27285
  },
  {
    "seed": 27288
  },
  {
    "seed": 27463
  },
  {
    "seed": 27727
  },
  {
    "seed": 27784
  },
  {
    "seed": 27796
  },
  {
    "seed": 27950
  },
  {
    "seed": 27988
  },
  {
    "seed": 28013
  },
  {
    "seed": 28124
  },
  {
    "seed": 28254
  },
  {
    "seed": 28261
  },
  {
    "seed": 28327
  },
  {
    "seed": 28635
  },
  {
    "seed": 28691
  },
  {
    "seed": 28700
  },
  {
    "seed": 28760
  },
  {
    "seed": 29166
  },
  {
    "seed": 29210
  },
  {
    "seed": 29320
  },
  {
    "seed": 29357
  },
  {
    "seed": 29485
  },
  {
    "seed": 29532
  },
  {
    "seed": 29538
  },
  {
    "seed": 29634
  },
  {
    "seed": 29695
  },
  {
    "seed": 29707
  },
  {
    "seed": 29761
  },
  {
    "seed": 29781
  },
  {
    "seed": 29787
  },
  {
    "seed": 29829
  },
  {
    "seed": 29849
  },
  {
    "seed": 29979
  },
  {
    "seed": 30006
  },
  {
    "seed": 30089
  },
  {
    "seed": 30167
  },
  {
    "seed": 30169
  },
  {
    "seed": 30221
  },
  {
    "seed": 30310
  },
  {
    "seed": 30457
  },
  {
    "seed": 30498
  },
  {
    "seed": 30502
  },
  {
    "seed": 30582
  },
  {
    "seed": 30720
  },
  {
    "seed": 30755
  },
  {
    "seed": 30777
  },
  {
    "seed": 30965
  },
  {
    "seed": 30969
  },
  {
    "seed": 30983
  },
  {
    "seed": 31036
  },
  {
    "seed": 31167
  },
  {
    "seed": 31224
  },
  {
    "seed": 31312
  },
  {
    "seed": 31317
  },
  {
    "seed": 31372
  },
  {
    "seed": 31396
  },
  {
    "seed": 31459
  },
  {
    "seed": 31460
  },
  {
    "seed": 31555
  },
  {
    "seed": 31563
  },
  {
    "seed": 31594
  },
  {
    "seed": 31771
  },
  {
    "seed": 31780
  },
  {
    "seed": 31806
  },
  {
    "seed": 31832
  },
  {
    "seed": 31874
  },
  {
    "seed": 31880
  },
  {
    "seed": 31888
  },
  {
    "seed": 32115
  },
  {
    "seed": 32180
  },
  {
    "seed": 32344
  },
  {
    "seed": 32434
  },
  {
    "seed": 32440
  },
  {
    "seed": 32450
  },
  {
    "seed": 32568
  },
  {
    "seed": 32582
  },
  {
    "seed": 32649
  },
  {
    "seed": 32662
  },
  {
    "seed": 32697
  },
  {
    "seed": 32748
  },
  {
    "seed": 32888
  },
  {
    "seed": 33058
  },
  {
    "seed": 33059
  },
  {
    "seed": 33080
  },
  {
    "seed": 33111
  },
  {
    "seed": 33129
  },
  {
    "seed": 33230
  },
  {
    "seed": 33232
  },
  {
    "seed": 33406
  },
  {
    "seed": 33443
  },
  {
    "seed": 33486
  },
  {
    "seed": 33574
  },
  {
    "seed": 33819
  },
  {
    "seed": 33893
  },
  {
    "seed": 33988
  },
  {
    "seed": 34095
  },
  {
    "seed": 34288
  },
  {
    "seed": 34392
  },
  {
    "seed": 34428
  },
  {
    "seed": 34660
  },
  {
    "seed": 34725
  },
  {
    "seed": 34755
  },
  {
    "seed": 34887
  },
  {
    "seed": 35076
  },
  {
    "seed": 35082
  },
  {
    "seed": 35095
  },
  {
    "seed": 35187
  },
  {
    "seed": 35592
  },
  {
    "seed": 35597
  },
  {
    "seed": 35654
  },
  {
    "seed": 35694
  },
  {
    "seed": 35709
  },
  {
    "seed": 35735
  },
  {
    "seed": 35959
  },
  {
    "seed": 36264
  },
  {
    "seed": 36295
  },
  {
    "seed": 36377
  },
  {
    "seed": 36547
  },
  {
    "seed": 36566
  },
  {
    "seed": 36747
  },
  {
    "seed": 37014
  },
  {
    "seed": 37185
  },
  {
    "seed": 37238
  },
  {
    "seed": 37254
  },
  {
    "seed": 37346
  },
  {
    "seed": 37457
  },
  {
    "seed": 37509
  },
  {
    "seed": 37535
  },
  {
    "seed": 37536
  },
  {
    "seed": 37570
  },
  {
    "seed": 37638
  },
  {
    "seed": 37753
  },
  {
    "seed": 37788
  },
  {
    "seed": 37791
  },
  {
    "seed": 38139
  },
  {
    "seed": 38221
  },
  {
    "seed": 38252
  },
  {
    "seed": 38429
  },
  {
    "seed": 38443
  },
  {
    "seed": 38489
  },
  {
    "seed": 38529
  },
  {
    "seed": 38533
  },
  {
    "seed": 38592
  },
  {
    "seed": 38652
  },
  {
    "seed": 38687
  },
  {
    "seed": 38962
  },
  {
    "seed": 39059
  },
  {
    "seed": 39282
  },
  {
    "seed": 39372
  },
  {
    "seed": 39453
  },
  {
    "seed": 39476
  },
  {
    "seed": 39498
  },
  {
    "seed": 39660
  },
  {
    "seed": 39716
  },
  {
    "seed": 39767
  },
  {
    "seed": 39866
  },
  {
    "seed": 39989
  },
  {
    "seed": 40046
  },
  {
    "seed": 40320
  },
  {
    "seed": 40374
  },
  {
    "seed": 40382
  },
  {
    "seed": 40442
  },
  {
    "seed": 40657
  },
  {
    "seed": 40700
  },
  {
    "seed": 40799
  },
  {
    "seed": 40816
  },
  {
    "seed": 40831
  },
  {
    "seed": 40892
  },
  {
    "seed": 40917
  },
  {
    "seed": 40938
  },
  {
    "seed": 41031
  },
  {
    "seed": 41037
  },
  {
    "seed": 41050
  },
  {
    "seed": 41284
  },
  {
    "seed": 41364
  },
  {
    "seed": 41462
  },
  {
    "seed": 41617
  },
  {
    "seed": 41676
  },
  {
    "seed": 41752
  },
  {
    "seed": 41793
  },
  {
    "seed": 41795
  },
  {
    "seed": 41813
  },
  {
    "seed": 41815
  },
  {
    "seed": 41868
  },
  {
    "seed": 41930
  },
  {
    "seed": 42077
  },
  {
    "seed": 42180
  },
  {
    "seed": 42265
  },
  {
    "seed": 42276
  },
  {
    "seed": 42368
  },
  {
    "seed": 42480
  },
  {
    "seed": 42584
  },
  {
    "seed": 42608
  },
  {
    "seed": 42667
  },
  {
    "seed": 42874
  },
  {
    "seed": 42923
  },
  {
    "seed": 43187
  },
  {
    "seed": 43241
  },
  {
    "seed": 43470
  },
  {
    "seed": 43572
  },
  {
    "seed": 43626
  },
  {
    "seed": 43876
  },
  {
    "seed": 43953
  },
  {
    "seed": 43960
  },
  {
    "seed": 44129
  },
  {
    "seed": 44149
  },
  {
    "seed": 44186
  },
  {
    "seed": 44358
  },
  {
    "seed": 44361
  },
  {
    "seed": 44529
  },
  {
    "seed": 44576
  },
  {
    "seed": 44704
  },
  {
    "seed": 44758
  },
  {
    "seed": 45039
  },
  {
    "seed": 45045
  },
  {
    "seed": 45270
  },
  {
    "seed": 45340
  },
  {
    "seed": 45345
  },
  {
    "seed": 45371
  },
  {
    "seed": 45403
  },
  {
    "seed": 45421
  },
  {
    "seed": 45424
  },
  {
    "seed": 45573
  },
  {
    "seed": 45661
  },
  {
    "seed": 45709
  },
  {
    "seed": 45776
  },
  {
    "seed": 45808
  },
  {
    "seed": 45835
  },
  {
    "seed": 45854
  },
  {
    "seed": 45876
  },
  {
    "seed": 46052
  },
  {
    "seed": 46207
  },
  {
    "seed": 46212
  },
  {
    "seed": 46257
  },
  {
    "seed": 46413
  },
  {
    "seed": 46437
  },
  {
    "seed": 46553
  },
  {
    "seed": 46567
  },
  {
    "seed": 46571
  },
  {
    "seed": 46634
  },
  {
    "seed": 46636
  },
  {
    "seed": 46682
  },
  {
    "seed": 46724
  },
  {
    "seed": 46780
  },
  {
    "seed": 46813
  },
  {
    "seed": 46885
  },
  {
    "seed": 47003
  },
  {
    "seed": 47025
  },
  {
    "seed": 47233
  },
  {
    "seed": 47462
  },
  {
    "seed": 47493
  },
  {
    "seed": 47819
  },
  {
    "seed": 47821
  },
  {
    "seed": 47831
  },
  {
    "seed": 47924
  },
  {
    "seed": 47933
  },
  {
    "seed": 48015
  },
  {
    "seed": 48022
  },
  {
    "seed": 48065
  },
  {
    "seed": 48114
  },
  {
    "seed": 48157
  },
  {
    "seed": 48325
  },
  {
    "seed": 48446
  },
  {
    "seed": 48467
  },
  {
    "seed": 48589
  },
  {
    "seed": 48622
  },
  {
    "seed": 48658
  },
  {
    "seed": 48675
  },
  {
    "seed": 48751
  },
  {
    "seed": 48754
  },
  {
    "seed": 48804
  },
  {
    "seed": 48860
  },
  {
    "seed": 48872
  },
  {
    "seed": 48992
  },
  {
    "seed": 49097
  },
  {
    "seed": 49149
  },
  {
    "seed": 49214
  },
  {
    "seed": 49299
  },
  {
    "seed": 49310
  },
  {
    "seed": 49403
  },
  {
    "seed": 49432
  },
  {
    "seed": 49550
  },
  {
    "seed": 49659
  },
  {
    "seed": 49669
  },
  {
    "seed": 49936
  },
  {
    "seed": 49941
  },
  {
    "seed": 49987
  },
  {
    "seed": 49992
  },
  {
    "seed": 50091
  },
  {
    "seed": 50116
  },
  {
    "seed": 50134
  },
  {
    "seed": 50250
  },
  {
    "seed": 50270
  },
  {
    "seed": 50311
  },
  {
    "seed": 50376
  },
  {
    "seed": 50378
  },
  {
    "seed": 50470
  },
  {
    "seed": 50545
  },
  {
    "seed": 50604
  },
  {
    "seed": 50850
  },
  {
    "seed": 50884
  },
  {
    "seed": 50927
  },
  {
    "seed": 50935
  },
  {
    "seed": 51031
  },
  {
    "seed": 51147
  },
  {
    "seed": 51234
  },
  {
    "seed": 51239
  },
  {
    "seed": 51264
  },
  {
    "seed": 51340
  },
  {
    "seed": 51399
  },
  {
    "seed": 51408
  },
  {
    "seed": 51546
  },
  {
    "seed": 51597
  },
  {
    "seed": 51642
  },
  {
    "seed": 51652
  },
  {
    "seed": 51677
  },
  {
    "seed": 51694
  },
  {
    "seed": 51832
  },
  {
    "seed": 51995
  },
  {
    "seed": 52370
  },
  {
    "seed": 52525
  },
  {
    "seed": 52614
  },
  {
    "seed": 52635
  },
  {
    "seed": 52721
  },
  {
    "seed": 52773
  },
  {
    "seed": 52852
  },
  {
    "seed": 53002
  },
  {
    "seed": 53041
  },
  {
    "seed": 53063
  },
  {
    "seed": 53103
  },
  {
    "seed": 53203
  },
  {
    "seed": 53334
  },
  {
    "seed": 53438
  },
  {
    "seed": 53493
  },
  {
    "seed": 53534
  },
  {
    "seed": 53619
  },
  {
    "seed": 53658
  },
  {
    "seed": 53826
  },
  {
    "seed": 53942
  },
  {
    "seed": 53955
  },
  {
    "seed": 54175
  },
  {
    "seed": 54333
  },
  {
    "seed": 54509
  },
  {
    "seed": 54553
  },
  {
    "seed": 54597
  },
  {
    "seed": 54611
  },
  {
    "seed": 54643
  },
  {
    "seed": 54720
  },
  {
    "seed": 54840
  },
  {
    "seed": 54848
  },
  {
    "seed": 54919
  },
  {
    "seed": 54925
  },
  {
    "seed": 55027
  },
  {
    "seed": 55028
  },
  {
    "seed": 55105
  },
  {
    "seed": 55288
  },
  {
    "seed": 55357
  },
  {
    "seed": 55509
  },
  {
    "seed": 55540
  },
  {
    "seed": 55674
  },
  {
    "seed": 55695
  },
  {
    "seed": 55754
  },
  {
    "seed": 55770
  },
  {
    "seed": 55835
  },
  {
    "seed": 55872
  },
  {
    "seed": 56011
  },
  {
    "seed": 56025
  },
  {
    "seed": 56155
  },
  {
    "seed": 56156
  },
  {
    "seed": 56214
  },
  {
    "seed": 56308
  },
  {
    "seed": 56351
  },
  {
    "seed": 56375
  },
  {
    "seed": 56462
  },
  {
    "seed": 56517
  },
  {
    "seed": 56603
  },
  {
    "seed": 56697
  },
  {
    "seed": 56737
  },
  {
    "seed": 56837
  },
  {
    "seed": 56842
  },
  {
    "seed": 57055
  },
  {
    "seed": 57147
  },
  {
    "seed": 57341
  },
  {
    "seed": 57443
  },
  {
    "seed": 57468
  },
  {
    "seed": 57491
  },
  {
    "seed": 57538
  },
  {
    "seed": 57859
  },
  {
    "seed": 57903
  },
  {
    "seed": 57914
  },
  {
    "seed": 57954
  },
  {
    "seed": 58014
  },
  {
    "seed": 58068
  },
  {
    "seed": 58096
  },
  {
    "seed": 58167
  },
  {
    "seed": 58220
  },
  {
    "seed": 58268
  },
  {
    "seed": 58328
  },
  {
    "seed": 58366
  },
  {
    "seed": 58396
  },
  {
    "seed": 58443
  },
  {
    "seed": 58485
  },
  {
    "seed": 58531
  },
  {
    "seed": 58541
  },
  {
    "seed": 58546
  },
  {
    "seed": 58574
  },
  {
    "seed": 58707
  },
  {
    "seed": 58713
  },
  {
    "seed": 58764
  },
  {
    "seed": 58815
  },
  {
    "seed": 58878
  },
  {
    "seed": 58894
  },
  {
    "seed": 58923
  },
  {
    "seed": 58926
  },
  {
    "seed": 58989
  },
  {
    "seed": 59002
  },
  {
    "seed": 59044
  },
  {
    "seed": 59124
  },
  {
    "seed": 59229
  },
  {
    "seed": 59239
  },
  {
    "seed": 59258
  },
  {
    "seed": 59430
  },
  {
    "seed": 59606
  },
  {
    "seed": 59633
  },
  {
    "seed": 59664
  },
  {
    "seed": 59960
  },
  {
    "seed": 59995
  },
  {
    "seed": 60018
  },
  {
    "seed": 60021
  },
  {
    "seed": 60063
  },
  {
    "seed": 60064
  },
  {
    "seed": 60138
  },
  {
    "seed": 60196
  },
  {
    "seed": 60201
  },
  {
    "seed": 60209
  },
  {
    "seed": 60212
  },
  {
    "seed": 60265
  },
  {
    "seed": 60381
  },
  {
    "seed": 60391
  },
  {
    "seed": 60424
  },
  {
    "seed": 60441
  },
  {
    "seed": 60567
  },
  {
    "seed": 60579
  },
  {
    "seed": 60583
  },
  {
    "seed": 60697
  },
  {
    "seed": 60733
  },
  {
    "seed": 60749
  },
  {
    "seed": 60756
  },
  {
    "seed": 61025
  },
  {
    "seed": 61031
  },
  {
    "seed": 61100
  },
  {
    "seed": 61173
  },
  {
    "seed": 61375
  },
  {
    "seed": 61379
  },
  {
    "seed": 61491
  },
  {
    "seed": 61540
  },
  {
    "seed": 61607
  },
  {
    "seed": 61609
  },
  {
    "seed": 61694
  },
  {
    "seed": 61805
  },
  {
    "seed": 61920
  },
  {
    "seed": 61949
  },
  {
    "seed": 61966
  },
  {
    "seed": 61978
  },
  {
    "seed": 62052
  },
  {
    "seed": 62065
  },
  {
    "seed": 62191
  },
  {
    "seed": 62243
  },
  {
    "seed": 62273
  },
  {
    "seed": 62305
  },
  {
    "seed": 62328
  },
  {
    "seed": 62375
  },
  {
    "seed": 62425
  },
  {
    "seed": 62518
  },
  {
    "seed": 62565
  },
  {
    "seed": 62676
  },
  {
    "seed": 62681
  },
  {
    "seed": 62719
  },
  {
    "seed": 62752
  },
  {
    "seed": 62891
  },
  {
    "seed": 62936
  },
  {
    "seed": 62979
  },
  {
    "seed": 63059
  },
  {
    "seed": 63064
  },
  {
    "seed": 63114
  },
  {
    "seed": 63303
  },
  {
    "seed": 63366
  },
  {
    "seed": 63458
  },
  {
    "seed": 63633
  },
  {
    "seed": 63657
  },
  {
    "seed": 63671
  },
  {
    "seed": 63674
  },
  {
    "seed": 63790
  },
  {
    "seed": 63825
  },
  {
    "seed": 63926
  },
  {
    "seed": 64001
  },
  {
    "seed": 64429
  },
  {
    "seed": 64440
  },
  {
    "seed": 64462
  },
  {
    "seed": 64483
  },
  {
    "seed": 64671
  },
  {
    "seed": 64827
  },
  {
    "seed": 64912
  },
  {
    "seed": 64971
  },
  {
    "seed": 65007
  },
  {
    "seed": 65090
  },
  {
    "seed": 65139
  },
  {
    "seed": 65194
  },
  {
    "seed": 65212
  },
  {
    "seed": 65233
  },
  {
    "seed": 65236
  },
  {
    "seed": 65282
  },
  {
    "seed": 65564
  },
  {
    "seed": 65798
  },
  {
    "seed": 65809
  },
  {
    "seed": 65824
  },
  {
    "seed": 65863
  },
  {
    "seed": 65912
  },
  {
    "seed": 66085
  },
  {
    "seed": 66157
  },
  {
    "seed": 66242
  },
  {
    "seed": 66285
  },
  {
    "seed": 66328
  },
  {
    "seed": 66360
  },
  {
    "seed": 66372
  },
  {
    "seed": 66424
  },
  {
    "seed": 66425
  },
  {
    "seed": 66545
  },
  {
    "seed": 66563
  },
  {
    "seed": 66688
  },
  {
    "seed": 66777
  },
  {
    "seed": 66837
  },
  {
    "seed": 66847
  },
  {
    "seed": 66854
  },
  {
    "seed": 67071
  },
  {
    "seed": 67104
  },
  {
    "seed": 67253
  },
  {
    "seed": 67263
  },
  {
    "seed": 67278
  },
  {
    "seed": 67384
  },
  {
    "seed": 67386
  },
  {
    "seed": 67501
  },
  {
    "seed": 67656
  },
  {
    "seed": 67683
  },
  {
    "seed": 67713
  },
  {
    "seed": 67793
  },
  {
    "seed": 68032
  },
  {
    "seed": 68073
  },
  {
    "seed": 68108
  },
  {
    "seed": 68236
  },
  {
    "seed": 68291
  },
  {
    "seed": 68353
  },
  {
    "seed": 68449
  },
  {
    "seed": 68456
  },
  {
    "seed": 68488
  },
  {
    "seed": 68530
  },
  {
    "seed": 68560
  },
  {
    "seed": 68693
  },
  {
    "seed": 68702
  },
  {
    "seed": 68810
  },
  {
    "seed": 69101
  },
  {
    "seed": 69145
  },
  {
    "seed": 69204
  },
  {
    "seed": 69238
  },
  {
    "seed": 69255
  },
  {
    "seed": 69534
  },
  {
    "seed": 69964
  },
  {
    "seed": 70024
  },
  {
    "seed": 70041
  },
  {
    "seed": 70056
  },
  {
    "seed": 70256
  },
  {
    "seed": 70330
  },
  {
    "seed": 70373
  },
  {
    "seed": 70615
  },
  {
    "seed": 70616
  },
  {
    "seed": 70671
  },
  {
    "seed": 70938
  },
  {
    "seed": 71000
  },
  {
    "seed": 71077
  },
  {
    "seed": 71116
  },
  {
    "seed": 71154
  },
  {
    "seed": 71213
  },
  {
    "seed": 71259
  },
  {
    "seed": 71299
  },
  {
    "seed": 71313
  },
  {
    "seed": 71327
  },
  {
    "seed": 71429
  },
  {
    "seed": 71537
  },
  {
    "seed": 71559
  },
  {
    "seed": 71560
  },
  {
    "seed": 71586
  },
  {
    "seed": 71631
  },
  {
    "seed": 71715
  },
  {
    "seed": 71806
  },
  {
    "seed": 71904
  },
  {
    "seed": 71933
  },
  {
    "seed": 72098
  },
  {
    "seed": 72104
  },
  {
    "seed": 72115
  },
  {
    "seed": 72218
  },
  {
    "seed": 72389
  },
  {
    "seed": 72445
  },
  {
    "seed": 72467
  },
  {
    "seed": 72765
  },
  {
    "seed": 72768
  },
  {
    "seed": 73033
  },
  {
    "seed": 73039
  },
  {
    "seed": 73156
  },
  {
    "seed": 73266
  },
  {
    "seed": 73279
  },
  {
    "seed": 73282
  },
  {
    "seed": 73283
  },
  {
    "seed": 73329
  },
  {
    "seed": 73340
  },
  {
    "seed": 73426
  },
  {
    "seed": 73532
  },
  {
    "seed": 73576
  },
  {
    "seed": 73615
  },
  {
    "seed": 73670
  },
  {
    "seed": 73677
  },
  {
    "seed": 73697
  },
  {
    "seed": 73849
  },
  {
    "seed": 73873
  },
  {
    "seed": 73897
  },
  {
    "seed": 73955
  },
  {
    "seed": 73960
  },
  {
    "seed": 73965
  },
  {
    "seed": 73981
  },
  {
    "seed": 73983
  },
  {
    "seed": 74046
  },
  {
    "seed": 74065
  },
  {
    "seed": 74171
  },
  {
    "seed": 74314
  },
  {
    "seed": 74350
  },
  {
    "seed": 74354
  },
  {
    "seed": 74361
  },
  {
    "seed": 74391
  },
  {
    "seed": 74421
  },
  {
    "seed": 74526
  },
  {
    "seed": 74676
  },
  {
    "seed": 74810
  },
  {
    "seed": 74922
  },
  {
    "seed": 74975
  },
  {
    "seed": 75337
  },
  {
    "seed": 75353
  },
  {
    "seed": 75535
  },
  {
    "seed": 75599
  },
  {
    "seed": 75690
  },
  {
    "seed": 75716
  },
  {
    "seed": 75760
  },
  {
    "seed": 75786
  },
  {
    "seed": 75837
  },
  {
    "seed": 75886
  },
  {
    "seed": 75959
  },
  {
    "seed": 76136
  },
  {
    "seed": 76372
  },
  {
    "seed": 76447
  },
  {
    "seed": 76464
  },
  {
    "seed": 76635
  },
  {
    "seed": 76725
  },
  {
    "seed": 76767
  },
  {
    "seed": 76791
  },
  {
    "seed": 76827
  },
  {
    "seed": 76845
  },
  {
    "seed": 76881
  },
  {
    "seed": 76982
  },
  {
    "seed": 77080
  },
  {
    "seed": 77131
  },
  {
    "seed": 77530
  },
  {
    "seed": 77639
  },
  {
    "seed": 77649
  },
  {
    "seed": 77682
  },
  {
    "seed": 77720
  },
  {
    "seed": 77744
  },
  {
    "seed": 77766
  },
  {
    "seed": 77846
  },
  {
    "seed": 77868
  },
  {
    "seed": 77902
  },
  {
    "seed": 77920
  },
  {
    "seed": 78101
  },
  {
    "seed": 78222
  },
  {
    "seed": 78242
  },
  {
    "seed": 78321
  },
  {
    "seed": 78479
  },
  {
    "seed": 78527
  },
  {
    "seed": 78550
  },
  {
    "seed": 78563
  },
  {
    "seed": 78586
  },
  {
    "seed": 78598
  },
  {
    "seed": 78626
  },
  {
    "seed": 78727
  },
  {
    "seed": 78735
  },
  {
    "seed": 78751
  },
  {
    "seed": 78883
  },
  {
    "seed": 78885
  },
  {
    "seed": 78889
  },
  {
    "seed": 78903
  },
  {
    "seed": 78909
  },
  {
    "seed": 78916
  },
  {
    "seed": 78938
  },
  {
    "seed": 78964
  },
  {
    "seed": 79108
  },
  {
    "seed": 79205
  },
  {
    "seed": 79263
  },
  {
    "seed": 79367
  },
  {
    "seed": 79389
  },
  {
    "seed": 79409
  },
  {
    "seed": 79476
  },
  {
    "seed": 79478
  },
  {
    "seed": 79578
  },
  {
    "seed": 79679
  },
  {
    "seed": 79860
  },
  {
    "seed": 79906
  },
  {
    "seed": 79913
  },
  {
    "seed": 80074
  },
  {
    "seed": 80096
  },
  {
    "seed": 80189
  },
  {
    "seed": 80211
  },
  {
    "seed": 80255
  },
  {
    "seed": 80334
  },
  {
    "seed": 80339
  },
  {
    "seed": 80379
  },
  {
    "seed": 80390
  },
  {
    "seed": 80393
  },
  {
    "seed": 80581
  },
  {
    "seed": 80825
  },
  {
    "seed": 80886
  },
  {
    "seed": 80910
  },
  {
    "seed": 81171
  },
  {
    "seed": 81229
  },
  {
    "seed": 81234
  },
  {
    "seed": 81252
  },
  {
    "seed": 81324
  },
  {
    "seed": 81398
  },
  {
    "seed": 81498
  },
  {
    "seed": 81583
  },
  {
    "seed": 81614
  },
  {
    "seed": 81631
  },
  {
    "seed": 81810
  },
  {
    "seed": 82001
  },
  {
    "seed": 82106
  },
  {
    "seed": 82243
  },
  {
    "seed": 82247
  },
  {
    "seed": 82333
  },
  {
    "seed": 82423
  },
  {
    "seed": 82479
  },
  {
    "seed": 82497
  },
  {
    "seed": 82524
  },
  {
    "seed": 82676
  },
  {
    "seed": 82779
  },
  {
    "seed": 82818
  },
  {
    "seed": 82876
  },
  {
    "seed": 82974
  },
  {
    "seed": 82989
  },
  {
    "seed": 82991
  },
  {
    "seed": 83015
  },
  {
    "seed": 83042
  },
  {
    "seed": 83155
  },
  {
    "seed": 83168
  },
  {
    "seed": 83523
  },
  {
    "seed": 83803
  },
  {
    "seed": 83826
  },
  {
    "seed": 83855
  },
  {
    "seed": 83898
  },
  {
    "seed": 83914
  },
  {
    "seed": 83955
  },
  {
    "seed": 83966
  },
  {
    "seed": 83979
  },
  {
    "seed": 84051
  },
  {
    "seed": 84738
  },
  {
    "seed": 84771
  },
  {
    "seed": 84791
  },
  {
    "seed": 84838
  },
  {
    "seed": 84852
  },
  {
    "seed": 84908
  },
  {
    "seed": 85000
  },
  {
    "seed": 85014
  },
  {
    "seed": 85026
  },
  {
    "seed": 85080
  },
  {
    "seed": 85198
  },
  {
    "seed": 85257
  },
  {
    "seed": 85344
  },
  {
    "seed": 85552
  },
  {
    "seed": 85554
  },
  {
    "seed": 85768
  },
  {
    "seed": 85845
  },
  {
    "seed": 85862
  },
  {
    "seed": 85957
  },
  {
    "seed": 86074
  },
  {
    "seed": 86078
  },
  {
    "seed": 86085
  },
  {
    "seed": 86312
  },
  {
    "seed": 86502
  },
  {
    "seed": 86503
  },
  {
    "seed": 86512
  },
  {
    "seed": 86521
  },
  {
    "seed": 86673
  },
  {
    "seed": 86738
  },
  {
    "seed": 86770
  },
  {
    "seed": 86824
  },
  {
    "seed": 86849
  },
  {
    "seed": 86898
  },
  {
    "seed": 87062
  },
  {
    "seed": 87065
  },
  {
    "seed": 87068
  },
  {
    "seed": 87094
  },
  {
    "seed": 87110
  },
  {
    "seed": 87126
  },
  {
    "seed": 87353
  },
  {
    "seed": 87532
  },
  {
    "seed": 87551
  },
  {
    "seed": 87572
  },
  {
    "seed": 87585
  },
  {
    "seed": 87743
  },
  {
    "seed": 87879
  },
  {
    "seed": 87887
  },
  {
    "seed": 87979
  },
  {
    "seed": 87984
  },
  {
    "seed": 88020
  },
  {
    "seed": 88051
  },
  {
    "seed": 88066
  },
  {
    "seed": 88268
  },
  {
    "seed": 88288
  },
  {
    "seed": 88291
  },
  {
    "seed": 88362
  },
  {
    "seed": 88490
  },
  {
    "seed": 88575
  },
  {
    "seed": 88587
  },
  {
    "seed": 88607
  },
  {
    "seed": 88629
  },
  {
    "seed": 88651
  },
  {
    "seed": 88773
  },
  {
    "seed": 88785
  },
  {
    "seed": 88871
  },
  {
    "seed": 88930
  },
  {
    "seed": 88932
  },
  {
    "seed": 89000
  },
  {
    "seed": 89139
  },
  {
    "seed": 89464
  },
  {
    "seed": 89507
  },
  {
    "seed": 89521
  },
  {
    "seed": 89560
  },
  {
    "seed": 89572
  },
  {
    "seed": 89643
  },
  {
    "seed": 89731
  },
  {
    "seed": 89739
  },
  {
    "seed": 89749
  },
  {
    "seed": 89829
  },
  {
    "seed": 89903
  },
  {
    "seed": 89992
  },
  {
    "seed": 90001
  },
  {
    "seed": 90093
  },
  {
    "seed": 90151
  },
  {
    "seed": 90152
  },
  {
    "seed": 90222
  },
  {
    "seed": 90300
  },
  {
    "seed": 90470
  },
  {
    "seed": 90479
  },
  {
    "seed": 90512
  },
  {
    "seed": 90556
  },
  {
    "seed": 90588
  },
  {
    "seed": 90606
  },
  {
    "seed": 90641
  },
  {
    "seed": 90802
  },
  {
    "seed": 90843
  },
  {
    "seed": 90852
  },
  {
    "seed": 90940
  },
  {
    "seed": 91050
  },
  {
    "seed": 91088
  },
  {
    "seed": 91147
  },
  {
    "seed": 91157
  },
  {
    "seed": 91163
  },
  {
    "seed": 91313
  },
  {
    "seed": 91336
  },
  {
    "seed": 91353
  },
  {
    "seed": 91512
  },
  {
    "seed": 91609
  },
  {
    "seed": 91736
  },
  {
    "seed": 91774
  },
  {
    "seed": 91798
  },
  {
    "seed": 91886
  },
  {
    "seed": 92000
  },
  {
    "seed": 92030
  },
  {
    "seed": 92038
  },
  {
    "seed": 92182
  },
  {
    "seed": 92227
  },
  {
    "seed": 92344
  },
  {
    "seed": 92405
  },
  {
    "seed": 92425
  },
  {
    "seed": 92473
  },
  {
    "seed": 92495
  },
  {
    "seed": 92520
  },
  {
    "seed": 92537
  },
  {
    "seed": 92601
  },
  {
    "seed": 92636
  },
  {
    "seed": 92836
  },
  {
    "seed": 92859
  },
  {
    "seed": 92867
  },
  {
    "seed": 92885
  },
  {
    "seed": 92921
  },
  {
    "seed": 93133
  },
  {
    "seed": 93146
  },
  {
    "seed": 93305
  },
  {
    "seed": 93352
  },
  {
    "seed": 93387
  },
  {
    "seed": 93577
  },
  {
    "seed": 93845
  },
  {
    "seed": 93935
  },
  {
    "seed": 94140
  },
  {
    "seed": 94217
  },
  {
    "seed": 94275
  },
  {
    "seed": 94486
  },
  {
    "seed": 94540
  },
  {
    "seed": 94592
  },
  {
    "seed": 94608
  },
  {
    "seed": 94711
  },
  {
    "seed": 94766
  },
  {
    "seed": 94864
  },
  {
    "seed": 94916
  },
  {
    "seed": 94939
  },
  {
    "seed": 95052
  },
  {
    "seed": 95062
  },
  {
    "seed": 95126
  },
  {
    "seed": 95198
  },
  {
    "seed": 95299
  },
  {
    "seed": 95361
  },
  {
    "seed": 95401
  },
  {
    "seed": 95410
  },
  {
    "seed": 95477
  },
  {
    "seed": 95486
  },
  {
    "seed": 95504
  },
  {
    "seed": 95584
  },
  {
    "seed": 95658
  },
  {
    "seed": 95781
  },
  {
    "seed": 95805
  },
  {
    "seed": 95896
  },
  {
    "seed": 96057
  },
  {
    "seed": 96079
  },
  {
    "seed": 96164
  },
  {
    "seed": 96226
  },
  {
    "seed": 96276
  },
  {
    "seed": 96329
  },
  {
    "seed": 96374
  },
  {
    "seed": 96439
  },
  {
    "seed": 96454
  },
  {
    "seed": 96540
  },
  {
    "seed": 96573
  },
  {
    "seed": 96613
  },
  {
    "seed": 96708
  },
  {
    "seed": 96924
  },
  {
    "seed": 96961
  },
  {
    "seed": 97007
  },
  {
    "seed": 97036
  },
  {
    "seed": 97241
  },
  {
    "seed": 97302
  },
  {
    "seed": 97309
  },
  {
    "seed": 97318
  },
  {
    "seed": 97357
  },
  {
    "seed": 97476
  },
  {
    "seed": 97493
  },
  {
    "seed": 97581
  },
  {
    "seed": 97875
  },
  {
    "seed": 97890
  },
  {
    "seed": 97919
  },
  {
    "seed": 97995
  },
  {
    "seed": 98001
  },
  {
    "seed": 98012
  },
  {
    "seed": 98095
  },
  {
    "seed": 98106
  },
  {
    "seed": 98167
  },
  {
    "seed": 98177
  },
  {
    "seed": 98342
  },
  {
    "seed": 98359
  },
  {
    "seed": 98398
  },
  {
    "seed": 98411
  },
  {
    "seed": 98433
  },
  {
    "seed": 98438
  },
  {
    "seed": 98634
  },
  {
    "seed": 98666
  },
  {
    "seed": 98668
  },
  {
    "seed": 98716
  },
  {
    "seed": 98720
  },
  {
    "seed": 99133
  },
  {
    "seed": 99364
  },
  {
    "seed": 99572
  },
  {
    "seed": 99817
  }
]