[
  {
    "seed": 67
  },
  {
    "seed": 296
  },
  {
    "seed": 318
  },
  {
    "seed": 320
  },
  {
    "seed": 421
  },
  {
    "seed": 584
  },
  {
    "seed": 674
  },
  {
    "seed": 1059
  },
  {
    "seed": 1126
  },
  {
    "seed": 1193
  },
  {
    "seed": 1294
  },
  {
    "seed": 1489
  },
  {
    "seed": 1674
  },
  {
    "seed": 1677
  },
  {
    "seed": 1725
  },
  {
    "seed": 1939
  },
  {
    "seed": 2089
  },
  {
    "seed": 2125
  },
  {
    "seed": 2226
  },
  {
    "seed": 2425
  },
  {
    "seed": 2592
  },
  {
    "seed": 2842
  },
  {
    "seed": 2898
  },
  {
    "seed": 2963
  },
  {
    "seed": 3037
  },
  {
    "seed": 3086
  },
  {
    "seed": 3212
  },
  {
    "seed": 3276
  },
  {
    "seed": 3450
  },
  {
    "seed": 3789
  },
  {
    "seed": 3915
  },
  {
    "seed": 4278
  },
  {
    "seed": 4507
  },
  {
    "seed": 5020
  },
  {
    "seed": 5217
  },
  {
    "seed": 5242
  },
  {
    "seed": 5411
  },
  {
    "seed": 5719
  },
  {
    "seed": 6003
  },
  {
    "seed": 6039
  },
  {
    "seed": 6102
  },
  {
    "seed": 6211
  },
  {
    "seed": 6279
  },
  {
    "seed": 6560
  },
  {
    "seed": 7113
  },
  {
    "seed": 7251
  },
  {
    "seed": 7402
  },
  {
    "seed": 7415
  },
  {
    "seed": 7464
  },
  {
    "seed": 7496
  },
  {
    "seed": 7671
  },
  {
    "seed": 7681
  },
  {
    "seed": 7718
  },
  {
    "seed": 8022
  },
  {
    "seed": 8199
  },
  {
    "seed": 8301
  },
  {
    "seed": 8391
  },
  {
    "seed": 8413
  },
  {
    "seed": 8889
  },
  {
    "seed": 8914
  },
  {
    "seed": 9161
  },
  {
    "seed": 9545
  },
  {
    "seed": 9776
  },
  {
    "seed": 9875
  },
  {
    "seed": 9891
  },
  {
    "seed": 10144
  },
  {
    "seed": 10239
  },
  {
    "seed": 10242
  },
  {
    "seed": 10292
  },
  {
    "seed": 10743
  },
  {
    "seed": 10773
  },
  {
    "seed": 10780
  },
  {
    "seed": 11006
  },
  {
    "seed": 11237
  },
  {
    "seed": 11478
  },
  {
    "seed": 11483
  },
  {
    "seed": 11487
  },
  {
    "seed": 11639
  },
  {
    "seed": 11848
  },
  {
    "seed": 11885
  },
  {
    "seed": 12053
  },
  {
    "seed": 12111
  },
  {
    "seed": 12192
  },
  {
    "seed": 12244
  },
  {
    "seed": 12342
  },
  {
    "seed": 12348
  },
  {
    "seed": 12427
  },
  {
    "seed": 12458
  },
  {
    "seed": 12630
  },
  {
    "seed": 12802
  },
  {
    "seed": 12877
  },
  {
    "seed": 12899
  },
  {
    "seed": 12973
  },
  {
    "seed": 13224
  },
  {
    "seed": 13316
  },
  {
    "seed": 13369
  },
  {
    "seed": 13446
  },
  {
    "seed": 13462
  },
  {
    "seed": 13589
  },
  {
    "seed": 13866
  },
  {
    "seed": 13963
  },
  {
    "seed": 13980
  },
  {
    "seed": 14033
  },
  {
    "seed": 14050
  },
  {
    "seed": 14230
  },
  {
    "seed": 14391
  },
  {
    "seed": 14553
  },
  {
    "seed": 14956
  },
  {
    "seed": 15016
  },
  {
    "seed": 15075
  },
  {
    "seed": 15217
  },
  {
    "seed": 15430
  },
  {
    "seed": 15571
  },
  {
    "seed": 15928
  },
  {
    "seed": 15944
  },
  {
    "seed": 16172
  },
  {
    "seed": 16377
  },
  {
    "seed": 16397
  },
  {
    "seed": 16403
  },
  {
    "seed": 16432
  },
  {
    "seed": 16570
  },
  {
    "seed": 16712
  },
  {
    "seed": 16877
  },
  {
    "seed": 16931
  },
  {
    "seed": 17001
  },
  {
    "seed": 17135
  },
  {
    "seed": 17274
  },
  {
    "seed": 17319
  },
  {
    "seed": 17663
  },
  {
    "seed": 17742
  },
  {
    "seed": 17857
  },
  {
    "seed": 17986
  },
  {
    "seed": 18007
  },
  {
    "seed": 18131
  },
  {
    "seed": 18383
  },
  {
    "seed": 18392
  },
  {
    "seed": 18426
  },
  {
    "seed": 18592
  },
  {
    "seed": 18813
  },
  {
    "seed": 18886
  },
  {
    "seed": 18937
  },
  {
    "seed": 18961
  },
  {
    "seed": 19002
  },
  {
    "seed": 19330
  },
  {
    "seed": 19441
  },
  {
    "seed": 19442
  },
  {
    "seed": 19627
  },
  {
    "seed": 19750
  },
  {
    "seed": 20166
  },
  {
    "seed": 20277
  },
  {
    "seed": 20789
  },
  {
    "seed": 20806
  },
  {
    "seed": 20872
  },
  {
    "seed": 21112
  },
  {
    "seed": 21118
  },
  {
    "seed": 21147
  },
  {
    "seed": 21164
  },
  {
    "seed": 21289
  },
  {
    "seed": 21409
  },
  {
    "seed": 21488
  },
  {
    "seed": 21521
  },
  {
    "seed": 21589
  },
  {
    "seed": 21722
  },
  {
    "seed": 21723
  },
  {
    "seed": 21963
  },
  {
    "seed": 22286
  },
  {
    "seed": 22414
  },
  {
    "seed": 22749
  },
  {
    "seed": 22862
  },
  {
    "seed": 22887
  },
  {
    "seed": 22927
  },
  {
    "seed": 23182
  },
  {
    "seed": 23329
  },
  {
    "seed": 23335
  },
  {
    "seed": 23399
  },
  {
    "seed": 23456
  },
  {
    "seed": 23497
  },
  {
    "seed": 23641
  },
  {
    "seed": 23676
  },
  {
    "seed": 23712
  },
  {
    "seed": 24015
  },
  {
    "seed": 24035
  },
  {
    "seed": 24186
  },
  {
    "seed": 24250
  },
  {
    "seed": 24380
  },
  {
    "seed": 24455
  },
  {
    "seed": 24589
  },
  {
    "seed": 24649
  },
  {
    "seed": 24910
  },
  {
    "seed": 25139
  },
  {
    "seed": 25294
  },
  {
    "seed": 25727
  },
  {
    "seed": 25860
  },
  {
    "seed": 25909
  },
  {
    "seed": 26413
  },
  {
    "seed": 26475
  },
  {
    "seed": 26597
  },
  {
    "seed": 26773
  },
  {
    "seed": 26812
  },
  {
    "seed": 26975
  },
  {
    "seed": 27094
  },
  {
    "seed": 27294
  },
  {
    "seed": 27550
  },
  {
    "seed": 27737
  },
  {
    "seed": 28424
  },
  {
    "seed": 28668
  },
  {
    "seed": 28689
  },
  {
    "seed": 28697
  },
  {
    "seed": 28702
  },
  {
    "seed": 28731
  },
  {
    "seed": 28766
  },
  {
    "seed": 28815
  },
  {
    "seed": 28825
  },
  {
    "seed": 28975
  },
  {
    "seed": 29075
  },
  {
    "seed": 29360
  },
  {
    "seed": 30029
  },
  {
    "seed": 30134
  },
  {
    "seed": 30312
  },
  {
    "seed": 30436
  },
  {
    "seed": 30487
  },
  {
    "seed": 30576
  },
  {
    "seed": 30779
  },
  {
    "seed": 30879
  },
  {
    "seed": 30999
  },
  {
    "seed": 31027
  },
  {
    "seed": 31337
  },
  {
    "seed": 32155
  },
  {
    "seed": 32211
  },
  {
    "seed": 32216
  },
  {
    "seed": 32230
  },
  {
    "seed": 32716
  },
  {
    "seed": 32829
  },
  {
    "seed": 32977
  },
  {
    "seed": 33105
  },
  {
    "seed": 33186
  },
  {
    "seed": 33273
  },
  {
    "seed": 33573
  },
  {
    "seed": 33582
  },
  {
    "seed": 33619
  },
  {
    "seed": 33636
  },
  {
    "seed": 33768
  },
  {
    "seed": 34165
  },
  {
    "seed": 34179
  },
  {
    "seed": 34293
  },
  {
    "seed": 34550
  },
  {
    "seed": 34588
  },
  {
    "seed": 35145
  },
  {
    "seed": 35233
  },
  {
    "seed": 35296
  },
  {
    "seed": 35539
  },
  {
    "seed": 35649
  },
  {
    "seed": 35785
  },
  {
    "seed": 35876
  },
  {
    "seed": 36299
  },
  {
    "seed": 36333
  },
  {
    "seed": 36360
  },
  {
    "seed": 36417
  },
  {
    "seed": 36599
  },
  {
    "seed": 36776
  },
  {
    "seed": 37067
  },
  {
    "seed": 37081
  },
  {
    "seed": 37152
  },
  {
    "seed": 37489
  },
  {
    "seed": 37537
  },
  {
    "seed": 37616
  },
  {
    "seed": 37626
  },
  {
    "seed": 37631
  },
  {
    "seed": 37906
  },
  {
    "seed": 38126
  },
  {
    "seed": 38137
  },
  {
    "seed": 38446
  },
  {
    "seed": 38796
  },
  {
    "seed": 38858
  },
  {
    "seed": 38936
  },
  {
    "seed": 39006
  },
  {
    "seed": 39414
  },
  {
    "seed": 39743
  },
  {
    "seed": 39827
  },
  {
    "seed": 39987
  },
  {
    "seed": 40120
  },
  {
    "seed": 40151
  },
  {
    "seed": 40181
  },
  {
    "seed": 40642
  },
  {
    "seed": 40750
  },
  {
    "seed": 40763
  },
  {
    "seed": 40777
  },
  {
    "seed": 40854
  },
  {
    "seed": 40896
  },
  {
    "seed": 40941
  },
  {
    "seed": 41119
  },
  {
    "seed": 41282
  },
  {
    "seed": 41377
  },
  {
    "seed": 41417
  },
  {
    "seed": 41735
  },
  {
    "seed": 41780
  },
  {
    "seed": 41850
  },
  {
    "seed": 41887
  },
  {
    "seed": 41896
  },
  {
    "seed": 41946
  },
  {
    "seed": 42350
  },
  {
    "seed": 42432
  },
  {
    "seed": 42476
  },
  {
    "seed": 42877
  },
  {
    "seed": 42957
  },
  {
    "seed": 42971
  },
  {
    "seed": 43047
  },
  {
    "seed": 43190
  },
  {
    "seed": 43361
  },
  {
    "seed": 43447
  },
  {
    "seed": 43513
  },
  {
    "seed": 43594
  },
  {
    "seed": 43681
  },
  {
    "seed": 43995
  },
  {
    "seed": 44080
  },
  {
    "seed": 44083
  },
  {
    "seed": 44380
  },
  {
    "seed": 44442
  },
  {
    "seed": 44487
  },
  {
    "seed": 44615
  },
  {
    "seed": 44655
  },
  {
    "seed": 44656
  },
  {
    "seed": 44785
  },
  {
    "seed": 45374
  },
  {
    "seed": 45527
  },
  {
    "seed": 45617
  },
  {
    "seed": 45719
  },
  {
    "seed": 45894
  },
  {
    "seed": 45898
  },
  {
    "seed": 45966
  },
  {
    "seed": 45998
  },
  {
    "seed": 46135
  },
  {
    "seed": 46153
  },
  {
    "seed": 46156
  },
  {
    "seed": 46488
  },
  {
    "seed": 46508
  },
  {
    "seed": 46587
  },
  {
    "seed": 46593
  },
  {
    "seed": 46895
  },
  {
    "seed": 47193
  },
  {
    "seed": 47202
  },
  {
    "seed": 47254
  },
  {
    "seed": 47331
  },
  {
    "seed": 47353
  },
  {
    "seed": 47411
  },
  {
    "seed": 47474
  },
  {
    "seed": 47554
  },
  {
    "seed": 47766
  },
  {
    "seed": 47919
  },
  {
    "seed": 48043
  },
  {
    "seed": 48082
  },
  {
    "seed": 48265
  },
  {
    "seed": 48413
  },
  {
    "seed": 48416
  },
  {
    "seed": 48442
  },
  {
    "seed": 48444
  },
  {
    "seed": 48611
  },
  {
    "seed": 48620
  },
  {
    "seed": 48627
  },
  {
    "seed": 48847
  },
  {
    "seed": 49147
  },
  {
    "seed": 49546
  },
  {
    "seed": 49549
  },
  {
    "seed": 49584
  },
  {
    "seed": 49864
  },
  {
    "seed": 49913
  },
  {
    "seed": 50259
  },
  {
    "seed": 50399
  },
  {
    "seed": 50798
  },
  {
    "seed": 50919
  },
  {
    "seed": 50968
  },
  {
    "seed": 51346
  },
  {
    "seed": 51369
  },
  {
    "seed": 51424
  },
  {
    "seed": 51672
  },
  {
    "seed": 51895
  },
  {
    "seed": 52025
  },
  {
    "seed": 52047
  },
  {
    "seed": 52321
  },
  {
    "seed": 52441
  },
  {
    "seed": 52680
  },
  {
    "seed": 52770
  },
  {
    "seed": 52833
  },
  {
    "seed": 53126
  },
  {
    "seed": 53229
  },
  {
    "seed": 53264
  },
  {
    "seed": 53277
  },
  {
    "seed": 53383
  },
  {
    "seed": 53460
  },
  {
    "seed": 53497
  },
  {
    "seed": 53839
  },
  {
    "seed": 53971
  },
  {
    "seed": 54167
  },
  {
    "seed": 54668
  },
  {
    "seed": 54670
  },
  {
    "seed": 54674
  },
  {
    "seed": 54728
  },
  {
    "seed": 54769
  },
  {
    "seed": 54820
  },
  {
    "seed": 54822
  },
  {
    "seed": 54996
  },
  {
    "seed": 55128
  },
  {
    "seed": 55215
  },
  {
    "seed": 55268
  },
  {
    "seed": 55289
  },
  {
    "seed": 55358
  },
  {
    "seed": 55502
  },
  {
    "seed": 55545
  },
  {
    "seed": 55651
  },
  {
    "seed": 55753
  },
  {
    "seed": 55950
  },
  {
    "seed": 56101
  },
  {
    "seed": 56129
  },
  {
    "seed": 56274
  },
  {
    "seed": 56329
  },
  {
    "seed": 56748
  },
  {
    "seed": 56751
  },
  {
    "seed": 56946
  },
  {
    "seed": 57039
  },
  {
    "seed": 57085
  },
  {
    "seed": 57212
  },
  {
    "seed": 57269
  },
  {
    "seed": 57513
  },
  {
    "seed": 57534
  },
  {
    "seed": 57593
  },
  {
    "seed": 57653
  },
  {
    "seed": 57774
  },
  {
    "seed": 58025
  },
  {
    "seed": 58063
  },
  {
    "seed": 58305
  },
  {
    "seed": 58611
  },
  {
    "seed": 58685
  },
  {
    "seed": 58752
  },
  {
    "seed": 58773
  },
  {
    "seed": 59295
  },
  {
    "seed": 59322
  },
  {
    "seed": 59378
  },
  {
    "seed": 59387
  },
  {
    "seed": 59412
  },
  {
    "seed": 59632
  },
  {
    "seed": 59660
  },
  {
    "seed": 59694
  },
  {
    "seed": 59863
  },
  {
    "seed": 60019
  },
  {
    "seed": 60163
  },
  {
    "seed": 60216
  },
  {
    "seed": 60255
  },
  {
    "seed": 60322
  },
  {
    "seed": 60397
  },
  {
    "seed": 60408
  },
  {
    "seed": 60745
  },
  {
    "seed": 60858
  },
  {
    "seed": 60875
  },
  {
    "seed": 61399
  },
  {
    "seed": 61445
  },
  {
    "seed": 61716
  },
  {
    "seed": 61758
  },
  {
    "seed": 61803
  },
  {
    "seed": 62102
  },
  {
    "seed": 62439
  },
  {
    "seed": 62533
  },
  {
    "seed": 62543
  },
  {
    "seed": 62597
  },
  {
    "seed": 62712
  },
  {
    "seed": 62741
  },
  {
    "seed": 62980
  },
  {
    "seed": 63070
  },
  {
    "seed": 63312
  },
  {
    "seed": 63321
  },
  {
    "seed": 63329
  },
  {
    "seed": 63452
  },
  {
    "seed": 63502
  },
  {
    "seed": 63653
  },
  {
    "seed": 63735
  },
  {
    "seed": 63870
  },
  {
    "seed": 63879
  },
  {
    "seed": 64136
  },
  {
    "seed": 64301
  },
  {
    "seed": 64801
  },
  {
    "seed": 65177
  },
  {
    "seed": 65241
  },
  {
    "seed": 65386
  },
  {
    "seed": 65428
  },
  {
    "seed": 65477
  },
  {
    "seed": 65758
  },
  {
    "seed": 65918
  },
  {
    "seed": 65956
  },
  {
    "seed": 66177
  },
  {
    "seed": 66245
  },
  {
    "seed": 66326
  },
  {
    "seed": 66368
  },
  {
    "seed": 66390
  },
  {
    "seed": 66461
  },
  {
    "seed": 67397
  },
  {
    "seed": 67480
  },
  {
    "seed": 67647
  },
  {
    "seed": 67737
  },
  {
    "seed": 67757
  },
  {
    "seed": 67914
  },
  {
    "seed": 68205
  },
  {
    "seed": 68240
  },
  {
    "seed": 68401
  },
  {
    "seed": 68619
  },
  {
    "seed": 68655
  },
  {
    "seed": 68735
  },
  {
    "seed": 68738
  },
  {
    "seed": 68779
  },
  {
    "seed": 69003
  },
  {
    "seed": 69126
  },
  {
    "seed": 69228
  },
  {
    "seed": 69475
  },
  {
    "seed": 69496
  },
  {
    "seed": 69553
  },
  {
    "seed": 69560
  },
  {
    "seed": 69625
  },
  {
    "seed": 69786
  },
  {
    "seed": 69933
  },
  {
    "seed": 69986
  },
  {
    "seed": 70010
  },
  {
    "seed": 70014
  },
  {
    "seed": 70179
  },
  {
    "seed": 70275
  },
  {
    "seed": 70306
  },
  {
    "seed": 70429
  },
  {
    "seed": 70983
  },
  {
    "seed": 71287
  },
  {
    "seed": 71411
  },
  {
    "seed": 71447
  },
  {
    "seed": 71467
  },
  {
    "seed": 71472
  },
  {
    "seed": 71870
  },
  {
    "seed": 72007
  },
  {
    "seed": 72023
  },
  {
    "seed": 72026
  },
  {
    "seed": 72146
  },
  {
    "seed": 72206
  },
  {
    "seed": 72377
  },
  {
    "seed": 72510
  },
  {
    "seed": 72788
  },
  {
    "seed": 72856
  },
  {
    "seed": 72924
  },
  {
    "seed": 73171
  },
  {
    "seed": 73285
  },
  {
    "seed": 73420
  },
  {
    "seed": 73556
  },
  {
    "seed": 73558
  },
  {
    "seed": 73835
  },
  {
    "seed": 73908
  },
  {
    "seed": 74035
  },
  {
    "seed": 74078
  },
  {
    "seed": 74191
  },
  {
    "seed": 74300
  },
  {
    "seed": 74320
  },
  {
    "seed": 74326
  },
  {
    "seed": 74569
  },
  {
    "seed": 74820
  },
  {
    "seed": 74859
  },
  {
    "seed": 74926
  },
  {
    "seed": 74953
  },
  {
    "seed": 75062
  },
  {
    "seed": 75465
  },
  {
    "seed": 75937
  },
  {
    "seed": 76065
  },
  {
    "seed": 76120
  },
  {
    "seed": 76155
  },
  {
    "seed": 76157
  },
  {
    "seed": 76247
  },
  {
    "seed": 76362
  },
  {
    "seed": 76482
  },
  {
    "seed": 76582
  },
  {
    "seed": 76610
  },
  {
    "seed": 76726
  },
  {
    "seed": 76993
  },
  {
    "seed": 77071
  },
  {
    "seed": 77236
  },
  {
    "seed": 77320
  },
  {
    "seed": 77590
  },
  {
    "seed": 77618
  },
  {
    "seed": 77698
  },
  {
    "seed": 77731
  },
  {
    "seed": 77923
  },
  {
    "seed": 77965
  },
  {
    "seed": 77977
  },
  {
    "seed": 78047
  },
  {
    "seed": 78104
  },
  {
    "seed": 78150
  },
  {
    "seed": 78205
  },
  {
    "seed": 78272
  },
  {
    "seed": 78438
  },
  {
    "seed": 78494
  },
  {
    "seed": 78537
  },
  {
    "seed": 78803
  },
  {
    "seed": 78838
  },
  {
    "seed": 78953
  },
  {
    "seed": 78996
  },
  {
    "seed": 79236
  },
  {
    "seed": 79295
  },
  {
    "seed": 79359
  },
  {
    "seed": 79493
  },
  {
    "seed": 79548
  },
  {
    "seed": 80008
  },
  {
    "seed": 80169
  },
  {
    "seed": 80179
  },
  {
    "seed": 80443
  },
  {
    "seed": 80526
  },
  {
    "seed": 80683
  },
  {
    "seed": 80772
  },
  {
    "seed": 80838
  },
  {
    "seed": 80891
  },
  {
    "seed": 81046
  },
  {
    "seed": 81111
  },
  {
    "seed": 81113
  },
  {
    "seed": 81122
  },
  {
    "seed": 81269
  },
  {
    "seed": 81452
  },
  {
    "seed": 81487
  },
  {
    "seed": 81607
  },
  {
    "seed": 81623
  },
  {
    "seed": 81729
  },
  {
    "seed": 81772
  },
  {
    "seed": 82067
  },
  {
    "seed": 82213
  },
  {
    "seed": 82513
  },
  {
    "seed": 82532
  },
  {
    "seed": 82783
  },
  {
    "seed": 83852
  },
  {
    "seed": 83862
  },
  {
    "seed": 84018
  },
  {
    "seed": 84041
  },
  {
    "seed": 84054
  },
  {
    "seed": 84111
  },
  {
    "seed": 84150
  },
  {
    "seed": 84225
  },
  {
    "seed": 84424
  },
  {
    "seed": 84617
  },
  {
    "seed": 84709
  },
  {
    "seed": 84821
  },
  {
    "seed": 84847
  },
  {
    "seed": 84851
  },
  {
    "seed": 84905
  },
  {
    "seed": 84963
  },
  {
    "seed": 85036
  },
  {
    "seed": 85286
  },
  {
    "seed": 85324
  },
  {
    "seed": 85534
  },
  {
    "seed": 85541
  },
  {
    "seed": 85560
  },
  {
    "seed": 85752
  },
  {
    "seed": 85759
  },
  {
    "seed": 85791
  },
  {
    "seed": 85873
  },
  {
    "seed": 86233
  },
  {
    "seed": 86249
  },
  {
    "seed": 86527
  },
  {
    "seed": 86620
  },
  {
    "seed": 86751
  },
  {
    "seed": 86762
  },
  {
    "seed": 86768
  },
  {
    "seed": 87027
  },
  {
    "seed": 87072
  },
  {
    "seed": 87102
  },
  {
    "seed": 87109
  },
  {
    "seed": 87164
  },
  {
    "seed": 87280
  },
  {
    "seed": 87284
  },
  {
    "seed": 87356
  },
  {
    "seed": 87679
  },
  {
    "seed": 87713
  },
  {
    "seed": 87883
  },
  {
    "seed": 87886
  },
  {
    "seed": 87967
  },
  {
    "seed": 87975
  },
  {
    "seed": 88055
  },
  {
    "seed": 88391
  },
  {
    "seed": 88510
  },
  {
    "seed": 88741
  },
  {
    "seed": 89026
  },
  {
    "seed": 89103
  },
  {
    "seed": 89181
  },
  {
    "seed": 89193
  },
  {
    "seed": 89414
  },
  {
    "seed": 89458
  },
  {
    "seed": 89657
  },
  {
    "seed": 89690
  },
  {
    "seed": 89809
  },
  {
    "seed": 89867
  },
  {
    "seed": 89888
  },
  {
    "seed": 89895
  },
  {
    "seed": 89943
  },
  {
    "seed": 90286
  },
  {
    "seed": 90458
  },
  {
    "seed": 90591
  },
  {
    "seed": 90646
  },
  {
    "seed": 90711
  },
  {
    "seed": 90844
  },
  {
    "seed": 90985
  },
  {
    "seed": 91221
  },
  {
    "seed": 91253
  },
  {
    "seed": 91365
  },
  {
    "seed": 91387
  },
  {
    "seed": 91539
  },
  {
    "seed": 91606
  },
  {
    "seed": 92087
  },
  {
    "seed": 92115
  },
  {
    "seed": 92171
  },
  {
    "seed": 92174
  },
  {
    "seed": 92254
  },
  {
    "seed": 92311
  },
  {
    "seed": 92532
  },
  {
    "seed": 92733
  },
  {
    "seed": 92778
  },
  {
    "seed": 92788
  },
  {
    "seed": 92858
  },
  {
    "seed": 92941
  },
  {
    "seed": 92964
  },
  {
    "seed": 93442
  },
  {
    "seed": 93561
  },
  {
    "seed": 93715
  },
  {
    "seed": 93735
  },
  {
    "seed": 93753
  },
  {
    "seed": 93754
  },
  {
    "seed": 93816
  },
  {
    "seed": 93857
  },
  {
    "seed": 94014
  },
  {
    "seed": 94088
  },
  {
    "seed": 94106
  },
  {
    "seed": 94172
  },
  {
    "seed": 94174
  },
  {
    "seed": 94176
  },
  {
    "seed": 94363
  },
  {
    "seed": 94371
  },
  {
    "seed": 94423
  },
  {
    "seed": 94454
  },
  {
    "seed": 94661
  },
  {
    "seed": 94683
  },
  {
    "seed": 94726
  },
  {
    "seed": 94795
  },
  {
    "seed": 94995
  },
  {
    "seed": 95071
  },
  {
    "seed": 95225
  },
  {
    "seed": 95376
  },
  {
    "seed": 95423
  },
  {
    "seed": 95502
  },
  {
    "seed": 95569
  },
  {
    "seed": 95570
  },
  {
    "seed": 95632
  },
  {
    "seed": 95716
  },
  {
    "seed": 95721
  },
  {
    "seed": 95959
  },
  {
    "seed": 96045
  },
  {
    "seed": 96054
  },
  {
    "seed": 96087
  },
  {
    "seed": 96152
  },
  {
    "seed": 96208
  },
  {
    "seed": 96255
  },
  {
    "seed": 96373
  },
  {
    "seed": 96436
  },
  {
    "seed": 96532
  },
  {
    "seed": 97272
  },
  {
    "seed": 97312
  },
  {
    "seed": 97348
  },
  {
    "seed": 97417
  },
  {
    "seed": 97583
  },
  {
    "seed": 97750
  },
  {
    "seed": 97819
  },
  {
    "seed": 97846
  },
  {
    "seed": 97909
  },
  {
    "seed": 98208
  },
  {
    "seed": 98215
  },
  {
    "seed": 98521
  },
  {
    "seed": 98608
  },
  {
    "seed": 98887
  },
  {
    "seed": 99024
  },
  {
    "seed": 99031
  },
  {
    "seed": 99292
  },
  {
    "seed": 99374
  },
  {
    "seed": 99535
  },
  {
    "seed": 99753
  },
  {
    "seed": 99805
  },
  {
    "seed": 99892
  },
  {
    "seed": 99964
  }
]