[
  {
    "seed": 1804
  },
  {
    "seed": 2339
  },
  {
    "seed": 2952
  },
  {
    "seed": 4518
  },
  {
    "seed": 4553
  },
  {
    "seed": 4778
  },
  {
    "seed": 4988
  },
  {
    "seed": 5352
  },
  {
    "seed": 5557
  },
  {
    "seed": 5728
  },
  {
    "seed": 5802
  },
  {
    "seed": 6288
  },
  {
    "seed": 6628
  },
  {
    "seed": 6633
  },
  {
    "seed": 9647
  },
  {
    "seed": 9844
  },
  {
    "seed": 10135
  },
  {
    "seed": 11343
  },
  {
    "seed": 12356
  },
  {
    "seed": 12425
  },
  {
    "seed": 12809
  },
  {
    "seed": 13030
  },
  {
    "seed": 13382
  },
  {
    "seed": 13404
  },
  {
    "seed": 13427
  },
  {
    "seed": 13705
  },
  {
    "seed": 14758
  },
  {
    "seed": 15306
  },
  {
    "seed": 15685
  },
  {
    "seed": 15785
  },
  {
    "seed": 15870
  },
  {
    "seed": 18051
  },
  {
    "seed": 19953
  },
  {
    "seed": 20009
  },
  {
    "seed": 20662
  },
  {
    "seed": 21623
  },
  {
    "seed": 21868
  },
  {
    "seed": 21955
  },
  {
    "seed": 22226
  },
  {
    "seed": 22401
  },
  {
    "seed": 23136
  },
  {
    "seed": 24419
  },
  {
    "seed": 27055
  },
  {
    "seed": 27204
  },
  {
    "seed": 27342
  },
  {
    "seed": 27690
  },
  {
    "seed": 28360
  },
  {
    "seed": 28440
  },
  {
    "seed": 28871
  },
  {
    "seed": 31828
  },
  {
    "seed": 31937
  },
  {
    "seed": 32547
  },
  {
    "seed": 32553
  },
  {
    "seed": 32671
  },
  {
    "seed": 33157
  },
  {
    "seed": 34084
  },
  {
    "seed": 36756
  },
  {
    "seed": 37816
  },
  {
    "seed": 39246
  },
  {
    "seed": 40215
  },
  {
    "seed": 40351
  },
  {
    "seed": 42143
  },
  {
    "seed": 42426
  },
  {
    "seed": 42472
  },
  {
    "seed": 43014
  },
  {
    "seed": 43283
  },
  {
    "seed": 44353
  },
  {
    "seed": 44622
  },
  {
    "seed": 45012
  },
  {
    "seed": 45274
  },
  {
    "seed": 46851
  },
  {
    "seed": 47432
  },
  {
    "seed": 47632
  },
  {
    "seed": 47875
  },
  {
    "seed": 48432
  },
  {
    "seed": 49153
  },
  {
    "seed": 49518
  },
  {
    "seed": 50569
  },
  {
    "seed": 51483
  },
  {
    "seed": 51698
  },
  {
    "seed": 52350
  },
  {
    "seed": 54310
  },
  {
    "seed": 54352
  },
  {
    "seed": 54407
  },
  {
    "seed": 55862
  },
  {
    "seed": 56936
  },
  {
    "seed": 59063
  },
  {
    "seed": 59409
  },
  {
    "seed": 59544
  },
  {
    "seed": 60736
  },
  {
    "seed": 61951
  },
  {
    "seed": 62463
  },
  {
    "seed": 65524
  },
  {
    "seed": 65850
  },
  {
    "seed": 66028
  },
  {
    "seed": 67997
  },
  {
    "seed": 69454
  },
  {
    "seed": 70200
  },
  {
    "seed": 70858
  },
  {
    "seed": 70888
  },
  {
    "seed": 70963
  },
  {
    "seed": 72027
  },
  {
    "seed": 72815
  },
  {
    "seed": 73376
  },
  {
    "seed": 73735
  },
  {
    "seed": 75073
  },
  {
    "seed": 75755
  },
  {
    "seed": 75841
  },
  {
    "seed": 77489
  },
  {
    "seed": 78110
  },
  {
    "seed": 81392
  },
  {
    "seed": 81833
  },
  {
    "seed": 83090
  },
  {
    "seed": 85168
  },
  {
    "seed": 86821
  },
  {
    "seed": 88947
  },
  {
    "seed": 89436
  },
  {
    "seed": 90060
  },
  {
    "seed": 90197
  },
  {
    "seed": 90210
  },
  {
    "seed": 90423
  },
  {
    "seed": 92202
  },
  {
    "seed": 93322
  },
  {
    "seed": 96348
  },
  {
    "seed": 96803
  },
  {
    "seed": 97558
  },
  {
    "seed": 97885
  }
]