[
  {
    "seed": 114
  },
  {
    "seed": 125
  },
  {
    "seed": 182
  },
  {
    "seed": 307
  },
  {
    "seed": 326
  },
  {
    "seed": 417
  },
  {
    "seed": 460
  },
  {
    "seed": 470
  },
  {
    "seed": 534
  },
  {
    "seed": 567
  },
  {
    "seed": 636
  },
  {
    "seed": 647
  },
  {
    "seed": 681
  },
  {
    "seed": 697
  },
  {
    "seed": 712
  },
  {
    "seed": 773
  },
  {
    "seed": 854
  },
  {
    "seed": 855
  },
  {
    "seed": 860
  },
  {
    "seed": 866
  },
  {
    "seed": 876
  },
  {
    "seed": 974
  },
  {
    "seed": 1037
  },
  {
    "seed": 1072
  },
  {
    "seed": 1074
  },
  {
    "seed": 1075
  },
  {
    "seed": 1101
  },
  {
    "seed": 1105
  },
  {
    "seed": 1107
  },
  {
    "seed": 1162
  },
  {
    "seed": 1175
  },
  {
    "seed": 1302
  },
  {
    "seed": 1325
  },
  {
    "seed": 1363
  },
  {
    "seed": 1451
  },
  {
    "seed": 1504
  },
  {
    "seed": 1509
  },
  {
    "seed": 1695
  },
  {
    "seed": 1777
  },
  {
    "seed": 1780
  },
  {
    "seed": 1809
  },
  {
    "seed": 1814
  },
  {
    "seed": 1855
  },
  {
    "seed": 1877
  },
  {
    "seed": 1887
  },
  {
    "seed": 1893
  },
  {
    "seed": 1982
  },
  {
    "seed": 1991
  },
  {
    "seed": 2091
  },
  {
    "seed": 2114
  },
  {
    "seed": 2157
  },
  {
    "seed": 2234
  },
  {
    "seed": 2303
  },
  {
    "seed": 2352
  },
  {
    "seed": 2365
  },
  {
    "seed": 2401
  },
  {
    "seed": 2413
  },
  {
    "seed": 2493
  },
  {
    "seed": 2582
  },
  {
    "seed": 2659
  },
  {
    "seed": 2692
  },
  {
    "seed": 2753
  },
  {
    "seed": 2785
  },
  {
    "seed": 2800
  },
  {
    "seed": 2831
  },
  {
    "seed": 2874
  },
  {
    "seed": 2896
  },
  {
    "seed": 2921
  },
  {
    "seed": 2937
  },
  {
    "seed": 2962
  },
  {
    "seed": 2988
  },
  {
    "seed": 3064
  },
  {
    "seed": 3085
  },
  {
    "seed": 3115
  },
  {
    "seed": 3130
  },
  {
    "seed": 3144
  },
  {
    "seed": 3230
  },
  {
    "seed": 3298
  },
  {
    "seed": 3320
  },
  {
    "seed": 3343
  },
  {
    "seed": 3354
  },
  {
    "seed": 3423
  },
  {
    "seed": 3457
  },
  {
    "seed": 3492
  },
  {
    "seed": 3501
  },
  {
    "seed": 3519
  },
  {
    "seed": 3563
  },
  {
    "seed": 3616
  },
  {
    "seed": 3689
  },
  {
    "seed": 3714
  },
  {
    "seed": 3720
  },
  {
    "seed": 3742
  },
  {
    "seed": 3811
  },
  {
    "seed": 3823
  },
  {
    "seed": 3836
  },
  {
    "seed": 3850
  },
  {
    "seed": 3888
  },
  {
    "seed": 3899
  },
  {
    "seed": 3993
  },
  {
    "seed": 4057
  },
  {
    "seed": 4063
  },
  {
    "seed": 4103
  },
  {
    "seed": 4141
  },
  {
    "seed": 4145
  },
  {
    "seed": 4153
  },
  {
    "seed": 4185
  },
  {
    "seed": 4193
  },
  {
    "seed": 4206
  },
  {
    "seed": 4225
  },
  {
    "seed": 4282
  },
  {
    "seed": 4392
  },
  {
    "seed": 4433
  },
  {
    "seed": 4448
  },
  {
    "seed": 4481
  },
  {
    "seed": 4524
  },
  {
    "seed": 4566
  },
  {
    "seed": 4571
  },
  {
    "seed": 4593
  },
  {
    "seed": 4626
  },
  {
    "seed": 4702
  },
  {
    "seed": 4712
  },
  {
    "seed": 4715
  },
  {
    "seed": 4883
  },
  {
    "seed": 4997
  },
  {
    "seed": 5114
  },
  {
    "seed": 5149
  },
  {
    "seed": 5157
  },
  {
    "seed": 5213
  },
  {
    "seed": 5288
  },
  {
    "seed": 5348
  },
  {
    "seed": 5403
  },
  {
    "seed": 5417
  },
  {
    "seed": 5428
  },
  {
    "seed": 5439
  },
  {
    "seed": 5442
  },
  {
    "seed": 5482
  },
  {
    "seed": 5552
  },
  {
    "seed": 5560
  },
  {
    "seed": 5641
  },
  {
    "seed": 5678
  },
  {
    "seed": 5718
  },
  {
    "seed": 5808
  },
  {
    "seed": 5903
  },
  {
    "seed": 5970
  },
  {
    "seed": 6032
  },
  {
    "seed": 6051
  },
  {
    "seed": 6078
  },
  {
    "seed": 6103
  },
  {
    "seed": 6112
  },
  {
    "seed": 6115
  },
  {
    "seed": 6124
  },
  {
    "seed": 6145
  },
  {
    "seed": 6235
  },
  {
    "seed": 6498
  },
  {
    "seed": 6532
  },
  {
    "seed": 6670
  },
  {
    "seed": 6780
  },
  {
    "seed": 6781
  },
  {
    "seed": 6831
  },
  {
    "seed": 6905
  },
  {
    "seed": 6950
  },
  {
    "seed": 6960
  },
  {
    "seed": 6999
  },
  {
    "seed": 7004
  },
  {
    "seed": 7156
  },
  {
    "seed": 7168
  },
  {
    "seed": 7172
  },
  {
    "seed": 7180
  },
  {
    "seed": 7191
  },
  {
    "seed": 7194
  },
  {
    "seed": 7304
  },
  {
    "seed": 7330
  },
  {
    "seed": 7333
  },
  {
    "seed": 7418
  },
  {
    "seed": 7458
  },
  {
    "seed": 7561
  },
  {
    "seed": 7568
  },
  {
    "seed": 7622
  },
  {
    "seed": 7625
  },
  {
    "seed": 7650
  },
  {
    "seed": 7666
  },
  {
    "seed": 7680
  },
  {
    "seed": 7687
  },
  {
    "seed": 7759
  },
  {
    "seed": 7829
  },
  {
    "seed": 7836
  },
  {
    "seed": 7843
  },
  {
    "seed": 7988
  },
  {
    "seed": 8061
  },
  {
    "seed": 8101
  },
  {
    "seed": 8104
  },
  {
    "seed": 8124
  },
  {
    "seed": 8372
  },
  {
    "seed": 8375
  },
  {
    "seed": 8478
  },
  {
    "seed": 8498
  },
  {
    "seed": 8545
  },
  {
    "seed": 8565
  },
  {
    "seed": 8595
  },
  {
    "seed": 8803
  },
  {
    "seed": 8910
  },
  {
    "seed": 8926
  },
  {
    "seed": 8983
  },
  {
    "seed": 9010
  },
  {
    "seed": 9021
  },
  {
    "seed": 9027
  },
  {
    "seed": 9030
  },
  {
    "seed": 9036
  },
  {
    "seed": 9047
  },
  {
    "seed": 9060
  },
  {
    "seed": 9196
  },
  {
    "seed": 9267
  },
  {
    "seed": 9287
  },
  {
    "seed": 9339
  },
  {
    "seed": 9483
  },
  {
    "seed": 9486
  },
  {
    "seed": 9553
  },
  {
    "seed": 9582
  },
  {
    "seed": 9605
  },
  {
    "seed": 9644
  },
  {
    "seed": 9704
  },
  {
    "seed": 9815
  },
  {
    "seed": 9883
  },
  {
    "seed": 9937
  },
  {
    "seed": 9964
  },
  {
    "seed": 10045
  },
  {
    "seed": 10082
  },
  {
    "seed": 10154
  },
  {
    "seed": 10167
  },
  {
    "seed": 10270
  },
  {
    "seed": 10316
  },
  {
    "seed": 10380
  },
  {
    "seed": 10411
  },
  {
    "seed": 10426
  },
  {
    "seed": 10466
  },
  {
    "seed": 10599
  },
  {
    "seed": 10646
  },
  {
    "seed": 10762
  },
  {
    "seed": 10781
  },
  {
    "seed": 10797
  },
  {
    "seed": 10818
  },
  {
    "seed": 10829
  },
  {
    "seed": 10945
  },
  {
    "seed": 11036
  },
  {
    "seed": 11070
  },
  {
    "seed": 11111
  },
  {
    "seed": 11143
  },
  {
    "seed": 11160
  },
  {
    "seed": 11202
  },
  {
    "seed": 11213
  },
  {
    "seed": 11245
  },
  {
    "seed": 11276
  },
  {
    "seed": 11280
  },
  {
    "seed": 11295
  },
  {
    "seed": 11323
  },
  {
    "seed": 11359
  },
  {
    "seed": 11371
  },
  {
    "seed": 11491
  },
  {
    "seed": 11546
  },
  {
    "seed": 11615
  },
  {
    "seed": 11629
  },
  {
    "seed": 11642
  },
  {
    "seed": 11723
  },
  {
    "seed": 11802
  },
  {
    "seed": 11820
  },
  {
    "seed": 11825
  },
  {
    "seed": 11911
  },
  {
    "seed": 11996
  },
  {
    "seed": 12041
  },
  {
    "seed": 12095
  },
  {
    "seed": 12125
  },
  {
    "seed": 12162
  },
  {
    "seed": 12201
  },
  {
    "seed": 12208
  },
  {
    "seed": 12335
  },
  {
    "seed": 12361
  },
  {
    "seed": 12368
  },
  {
    "seed": 12417
  },
  {
    "seed": 12486
  },
  {
    "seed": 12537
  },
  {
    "seed": 12598
  },
  {
    "seed": 12606
  },
  {
    "seed": 12661
  },
  {
    "seed": 12728
  },
  {
    "seed": 12752
  },
  {
    "seed": 12892
  },
  {
    "seed": 12925
  },
  {
    "seed": 12926
  },
  {
    "seed": 12944
  },
  {
    "seed": 13007
  },
  {
    "seed": 13025
  },
  {
    "seed": 13106
  },
  {
    "seed": 13114
  },
  {
    "seed": 13118
  },
  {
    "seed": 13208
  },
  {
    "seed": 13213
  },
  {
    "seed": 13239
  },
  {
    "seed": 13341
  },
  {
    "seed": 13353
  },
  {
    "seed": 13361
  },
  {
    "seed": 13368
  },
  {
    "seed": 13454
  },
  {
    "seed": 13663
  },
  {
    "seed": 13765
  },
  {
    "seed": 13768
  },
  {
    "seed": 13805
  },
  {
    "seed": 13830
  },
  {
    "seed": 13842
  },
  {
    "seed": 13894
  },
  {
    "seed": 13913
  },
  {
    "seed": 13927
  },
  {
    "seed": 13986
  },
  {
    "seed": 14083
  },
  {
    "seed": 14096
  },
  {
    "seed": 14120
  },
  {
    "seed": 14141
  },
  {
    "seed": 14143
  },
  {
    "seed": 14226
  },
  {
    "seed": 14322
  },
  {
    "seed": 14327
  },
  {
    "seed": 14328
  },
  {
    "seed": 14340
  },
  {
    "seed": 14359
  },
  {
    "seed": 14427
  },
  {
    "seed": 14458
  },
  {
    "seed": 14464
  },
  {
    "seed": 14480
  },
  {
    "seed": 14484
  },
  {
    "seed": 14516
  },
  {
    "seed": 14566
  },
  {
    "seed": 14592
  },
  {
    "seed": 14613
  },
  {
    "seed": 14625
  },
  {
    "seed": 14632
  },
  {
    "seed": 14635
  },
  {
    "seed": 14657
  },
  {
    "seed": 14683
  },
  {
    "seed": 14732
  },
  {
    "seed": 14766
  },
  {
    "seed": 14782
  },
  {
    "seed": 14828
  },
  {
    "seed": 14837
  },
  {
    "seed": 14857
  },
  {
    "seed": 14866
  },
  {
    "seed": 14889
  },
  {
    "seed": 14925
  },
  {
    "seed": 14982
  },
  {
    "seed": 15105
  },
  {
    "seed": 15158
  },
  {
    "seed": 15182
  },
  {
    "seed": 15228
  },
  {
    "seed": 15237
  },
  {
    "seed": 15269
  },
  {
    "seed": 15322
  },
  {
    "seed": 15327
  },
  {
    "seed": 15382
  },
  {
    "seed": 15387
  },
  {
    "seed": 15413
  },
  {
    "seed": 15545
  },
  {
    "seed": 15552
  },
  {
    "seed": 15561
  },
  {
    "seed": 15630
  },
  {
    "seed": 15655
  },
  {
    "seed": 15866
  },
  {
    "seed": 15873
  },
  {
    "seed": 16001
  },
  {
    "seed": 16021
  },
  {
    "seed": 16027
  },
  {
    "seed": 16064
  },
  {
    "seed": 16169
  },
  {
    "seed": 16202
  },
  {
    "seed": 16250
  },
  {
    "seed": 16364
  },
  {
    "seed": 16479
  },
  {
    "seed": 16657
  },
  {
    "seed": 16689
  },
  {
    "seed": 16704
  },
  {
    "seed": 16789
  },
  {
    "seed": 16798
  },
  {
    "seed": 16807
  },
  {
    "seed": 16852
  },
  {
    "seed": 16994
  },
  {
    "seed": 16995
  },
  {
    "seed": 17190
  },
  {
    "seed": 17195
  },
  {
    "seed": 17210
  },
  {
    "seed": 17297
  },
  {
    "seed": 17310
  },
  {
    "seed": 17443
  },
  {
    "seed": 17444
  },
  {
    "seed": 17519
  },
  {
    "seed": 17554
  },
  {
    "seed": 17662
  },
  {
    "seed": 17674
  },
  {
    "seed": 17704
  },
  {
    "seed": 17717
  },
  {
    "seed": 17839
  },
  {
    "seed": 17871
  },
  {
    "seed": 17883
  },
  {
    "seed": 18052
  },
  {
    "seed": 18056
  },
  {
    "seed": 18077
  },
  {
    "seed": 18091
  },
  {
    "seed": 18109
  },
  {
    "seed": 18114
  },
  {
    "seed": 18149
  },
  {
    "seed": 18180
  },
  {
    "seed": 18214
  },
  {
    "seed": 18236
  },
  {
    "seed": 18250
  },
  {
    "seed": 18371
  },
  {
    "seed": 18430
  },
  {
    "seed": 18470
  },
  {
    "seed": 18536
  },
  {
    "seed": 18585
  },
  {
    "seed": 18621
  },
  {
    "seed": 18655
  },
  {
    "seed": 18711
  },
  {
    "seed": 18822
  },
  {
    "seed": 18889
  },
  {
    "seed": 18893
  },
  {
    "seed": 18977
  },
  {
    "seed": 19123
  },
  {
    "seed": 19219
  },
  {
    "seed": 19296
  },
  {
    "seed": 19451
  },
  {
    "seed": 19494
  },
  {
    "seed": 19535
  },
  {
    "seed": 19561
  },
  {
    "seed": 19604
  },
  {
    "seed": 19670
  },
  {
    "seed": 19738
  },
  {
    "seed": 19741
  },
  {
    "seed": 19792
  },
  {
    "seed": 19825
  },
  {
    "seed": 19838
  },
  {
    "seed": 19866
  },
  {
    "seed": 19912
  },
  {
    "seed": 19922
  },
  {
    "seed": 19949
  },
  {
    "seed": 19967
  },
  {
    "seed": 19981
  },
  {
    "seed": 20023
  },
  {
    "seed": 20035
  },
  {
    "seed": 20052
  },
  {
    "seed": 20102
  },
  {
    "seed": 20203
  },
  {
    "seed": 20282
  },
  {
    "seed": 20357
  },
  {
    "seed": 20365
  },
  {
    "seed": 20401
  },
  {
    "seed": 20445
  },
  {
    "seed": 20642
  },
  {
    "seed": 20763
  },
  {
    "seed": 20776
  },
  {
    "seed": 20778
  },
  {
    "seed": 20803
  },
  {
    "seed": 20811
  },
  {
    "seed": 20823
  },
  {
    "seed": 20895
  },
  {
    "seed": 20923
  },
  {
    "seed": 20949
  },
  {
    "seed": 20961
  },
  {
    "seed": 20996
  },
  {
    "seed": 20997
  },
  {
    "seed": 21006
  },
  {
    "seed": 21024
  },
  {
    "seed": 21129
  },
  {
    "seed": 21150
  },
  {
    "seed": 21162
  },
  {
    "seed": 21170
  },
  {
    "seed": 21182
  },
  {
    "seed": 21233
  },
  {
    "seed": 21247
  },
  {
    "seed": 21294
  },
  {
    "seed": 21306
  },
  {
    "seed": 21330
  },
  {
    "seed": 21334
  },
  {
    "seed": 21339
  },
  {
    "seed": 21397
  },
  {
    "seed": 21420
  },
  {
    "seed": 21421
  },
  {
    "seed": 21471
  },
  {
    "seed": 21529
  },
  {
    "seed": 21617
  },
  {
    "seed": 21632
  },
  {
    "seed": 21753
  },
  {
    "seed": 21774
  },
  {
    "seed": 21788
  },
  {
    "seed": 21821
  },
  {
    "seed": 21825
  },
  {
    "seed": 21867
  },
  {
    "seed": 21971
  },
  {
    "seed": 21975
  },
  {
    "seed": 22010
  },
  {
    "seed": 22069
  },
  {
    "seed": 22107
  },
  {
    "seed": 22117
  },
  {
    "seed": 22121
  },
  {
    "seed": 22215
  },
  {
    "seed": 22322
  },
  {
    "seed": 22328
  },
  {
    "seed": 22374
  },
  {
    "seed": 22451
  },
  {
    "seed": 22505
  },
  {
    "seed": 22522
  },
  {
    "seed": 22530
  },
  {
    "seed": 22538
  },
  {
    "seed": 22677
  },
  {
    "seed": 22692
  },
  {
    "seed": 22705
  },
  {
    "seed": 22725
  },
  {
    "seed": 22757
  },
  {
    "seed": 22787
  },
  {
    "seed": 22803
  },
  {
    "seed": 22806
  },
  {
    "seed": 22911
  },
  {
    "seed": 22975
  },
  {
    "seed": 22991
  },
  {
    "seed": 23013
  },
  {
    "seed": 23102
  },
  {
    "seed": 23164
  },
  {
    "seed": 23190
  },
  {
    "seed": 23323
  },
  {
    "seed": 23420
  },
  {
    "seed": 23446
  },
  {
    "seed": 23492
  },
  {
    "seed": 23622
  },
  {
    "seed": 23633
  },
  {
    "seed": 23687
  },
  {
    "seed": 23813
  },
  {
    "seed": 23887
  },
  {
    "seed": 23969
  },
  {
    "seed": 24039
  },
  {
    "seed": 24068
  },
  {
    "seed": 24125
  },
  {
    "seed": 24145
  },
  {
    "seed": 24162
  },
  {
    "seed": 24265
  },
  {
    "seed": 24335
  },
  {
    "seed": 24360
  },
  {
    "seed": 24389
  },
  {
    "seed": 24488
  },
  {
    "seed": 24613
  },
  {
    "seed": 24639
  },
  {
    "seed": 24779
  },
  {
    "seed": 24797
  },
  {
    "seed": 24835
  },
  {
    "seed": 24865
  },
  {
    "seed": 24939
  },
  {
    "seed": 25169
  },
  {
    "seed": 25322
  },
  {
    "seed": 25328
  },
  {
    "seed": 25357
  },
  {
    "seed": 25399
  },
  {
    "seed": 25541
  },
  {
    "seed": 25566
  },
  {
    "seed": 25628
  },
  {
    "seed": 25694
  },
  {
    "seed": 25742
  },
  {
    "seed": 25747
  },
  {
    "seed": 25837
  },
  {
    "seed": 25843
  },
  {
    "seed": 25857
  },
  {
    "seed": 25896
  },
  {
    "seed": 26043
  },
  {
    "seed": 26065
  },
  {
    "seed": 26070
  },
  {
    "seed": 26092
  },
  {
    "seed": 26106
  },
  {
    "seed": 26140
  },
  {
    "seed": 26141
  },
  {
    "seed": 26209
  },
  {
    "seed": 26329
  },
  {
    "seed": 26384
  },
  {
    "seed": 26385
  },
  {
    "seed": 26424
  },
  {
    "seed": 26446
  },
  {
    "seed": 26604
  },
  {
    "seed": 26615
  },
  {
    "seed": 26616
  },
  {
    "seed": 26629
  },
  {
    "seed": 26674
  },
  {
    "seed": 26772
  },
  {
    "seed": 26825
  },
  {
    "seed": 26989
  },
  {
    "seed": 27010
  },
  {
    "seed": 27043
  },
  {
    "seed": 27047
  },
  {
    "seed": 27074
  },
  {
    "seed": 27131
  },
  {
    "seed": 27143
  },
  {
    "seed": 27145
  },
  {
    "seed": 27221
  },
  {
    "seed": 27224
  },
  {
    "seed": 27275
  },
  {
    "seed": 27287
  },
  {
    "seed": 27373
  },
  {
    "seed": 27377
  },
  {
    "seed": 27403
  },
  {
    "seed": 27412
  },
  {
    "seed": 27492
  },
  {
    "seed": 27529
  },
  {
    "seed": 27591
  },
  {
    "seed": 27688
  },
  {
    "seed": 27691
  },
  {
    "seed": 27753
  },
  {
    "seed": 27879
  },
  {
    "seed": 27960
  },
  {
    "seed": 28032
  },
  {
    "seed": 28082
  },
  {
    "seed": 28134
  },
  {
    "seed": 28150
  },
  {
    "seed": 28381
  },
  {
    "seed": 28385
  },
  {
    "seed": 28565
  },
  {
    "seed": 28581
  },
  {
    "seed": 28682
  },
  {
    "seed": 28712
  },
  {
    "seed": 28770
  },
  {
    "seed": 28789
  },
  {
    "seed": 28843
  },
  {
    "seed": 28911
  },
  {
    "seed": 29041
  },
  {
    "seed": 29054
  },
  {
    "seed": 29090
  },
  {
    "seed": 29140
  },
  {
    "seed": 29164
  },
  {
    "seed": 29279
  },
  {
    "seed": 29362
  },
  {
    "seed": 29411
  },
  {
    "seed": 29424
  },
  {
    "seed": 29509
  },
  {
    "seed": 29594
  },
  {
    "seed": 29602
  },
  {
    "seed": 29618
  },
  {
    "seed": 29670
  },
  {
    "seed": 29896
  },
  {
    "seed": 29916
  },
  {
    "seed": 29923
  },
  {
    "seed": 29925
  },
  {
    "seed": 29964
  },
  {
    "seed": 30077
  },
  {
    "seed": 30123
  },
  {
    "seed": 30147
  },
  {
    "seed": 30151
  },
  {
    "seed": 30191
  },
  {
    "seed": 30224
  },
  {
    "seed": 30236
  },
  {
    "seed": 30309
  },
  {
    "seed": 30314
  },
  {
    "seed": 30315
  },
  {
    "seed": 30375
  },
  {
    "seed": 30421
  },
  {
    "seed": 30453
  },
  {
    "seed": 30473
  },
  {
    "seed": 30482
  },
  {
    "seed": 30510
  },
  {
    "seed": 30626
  },
  {
    "seed": 30646
  },
  {
    "seed": 30661
  },
  {
    "seed": 30728
  },
  {
    "seed": 30742
  },
  {
    "seed": 30750
  },
  {
    "seed": 30768
  },
  {
    "seed": 30794
  },
  {
    "seed": 30878
  },
  {
    "seed": 31001
  },
  {
    "seed": 31059
  },
  {
    "seed": 31090
  },
  {
    "seed": 31133
  },
  {
    "seed": 31218
  },
  {
    "seed": 31363
  },
  {
    "seed": 31458
  },
  {
    "seed": 31539
  },
  {
    "seed": 31565
  },
  {
    "seed": 31678
  },
  {
    "seed": 31688
  },
  {
    "seed": 31701
  },
  {
    "seed": 31709
  },
  {
    "seed": 32183
  },
  {
    "seed": 32304
  },
  {
    "seed": 32305
  },
  {
    "seed": 32358
  },
  {
    "seed": 32363
  },
  {
    "seed": 32395
  },
  {
    "seed": 32447
  },
  {
    "seed": 32460
  },
  {
    "seed": 32518
  },
  {
    "seed": 32555
  },
  {
    "seed": 32596
  },
  {
    "seed": 32598
  },
  {
    "seed": 32648
  },
  {
    "seed": 32762
  },
  {
    "seed": 32766
  },
  {
    "seed": 32813
  },
  {
    "seed": 32864
  },
  {
    "seed": 32889
  },
  {
    "seed": 32904
  },
  {
    "seed": 32992
  },
  {
    "seed": 33100
  },
  {
    "seed": 33192
  },
  {
    "seed": 33311
  },
  {
    "seed": 33376
  },
  {
    "seed": 33388
  },
  {
    "seed": 33399
  },
  {
    "seed": 33457
  },
  {
    "seed": 33468
  },
  {
    "seed": 33505
  },
  {
    "seed": 33523
  },
  {
    "seed": 33591
  },
  {
    "seed": 33593
  },
  {
    "seed": 33597
  },
  {
    "seed": 33604
  },
  {
    "seed": 33688
  },
  {
    "seed": 33804
  },
  {
    "seed": 33809
  },
  {
    "seed": 33982
  },
  {
    "seed": 34055
  },
  {
    "seed": 34087
  },
  {
    "seed": 34175
  },
  {
    "seed": 34194
  },
  {
    "seed": 34226
  },
  {
    "seed": 34254
  },
  {
    "seed": 34327
  },
  {
    "seed": 34418
  },
  {
    "seed": 34426
  },
  {
    "seed": 34491
  },
  {
    "seed": 34524
  },
  {
    "seed": 34552
  },
  {
    "seed": 34675
  },
  {
    "seed": 34744
  },
  {
    "seed": 34778
  },
  {
    "seed": 34818
  },
  {
    "seed": 34831
  },
  {
    "seed": 34848
  },
  {
    "seed": 34942
  },
  {
    "seed": 34959
  },
  {
    "seed": 34978
  },
  {
    "seed": 35101
  },
  {
    "seed": 35110
  },
  {
    "seed": 35112
  },
  {
    "seed": 35121
  },
  {
    "seed": 35196
  },
  {
    "seed": 35205
  },
  {
    "seed": 35235
  },
  {
    "seed": 35241
  },
  {
    "seed": 35248
  },
  {
    "seed": 35269
  },
  {
    "seed": 35272
  },
  {
    "seed": 35377
  },
  {
    "seed": 35381
  },
  {
    "seed": 35391
  },
  {
    "seed": 35478
  },
  {
    "seed": 35513
  },
  {
    "seed": 35898
  },
  {
    "seed": 35952
  },
  {
    "seed": 35996
  },
  {
    "seed": 36079
  },
  {
    "seed": 36081
  },
  {
    "seed": 36160
  },
  {
    "seed": 36198
  },
  {
    "seed": 36221
  },
  {
    "seed": 36235
  },
  {
    "seed": 36306
  },
  {
    "seed": 36418
  },
  {
    "seed": 36440
  },
  {
    "seed": 36447
  },
  {
    "seed": 36517
  },
  {
    "seed": 36521
  },
  {
    "seed": 36596
  },
  {
    "seed": 36665
  },
  {
    "seed": 36713
  },
  {
    "seed": 36764
  },
  {
    "seed": 36791
  },
  {
    "seed": 36839
  },
  {
    "seed": 36851
  },
  {
    "seed": 36863
  },
  {
    "seed": 36880
  },
  {
    "seed": 36996
  },
  {
    "seed": 37033
  },
  {
    "seed": 37066
  },
  {
    "seed": 37093
  },
  {
    "seed": 37125
  },
  {
    "seed": 37211
  },
  {
    "seed": 37245
  },
  {
    "seed": 37263
  },
  {
    "seed": 37373
  },
  {
    "seed": 37424
  },
  {
    "seed": 37524
  },
  {
    "seed": 37534
  },
  {
    "seed": 37541
  },
  {
    "seed": 37551
  },
  {
    "seed": 37654
  },
  {
    "seed": 37726
  },
  {
    "seed": 37794
  },
  {
    "seed": 37926
  },
  {
    "seed": 37954
  },
  {
    "seed": 37993
  },
  {
    "seed": 38053
  },
  {
    "seed": 38064
  },
  {
    "seed": 38075
  },
  {
    "seed": 38147
  },
  {
    "seed": 38194
  },
  {
    "seed": 38242
  },
  {
    "seed": 38302
  },
  {
    "seed": 38319
  },
  {
    "seed": 38330
  },
  {
    "seed": 38342
  },
  {
    "seed": 38389
  },
  {
    "seed": 38426
  },
  {
    "seed": 38431
  },
  {
    "seed": 38490
  },
  {
    "seed": 38521
  },
  {
    "seed": 38557
  },
  {
    "seed": 38558
  },
  {
    "seed": 38618
  },
  {
    "seed": 38698
  },
  {
    "seed": 38726
  },
  {
    "seed": 38735
  },
  {
    "seed": 38788
  },
  {
    "seed": 38859
  },
  {
    "seed": 38876
  },
  {
    "seed": 38925
  },
  {
    "seed": 38935
  },
  {
    "seed": 39032
  },
  {
    "seed": 39056
  },
  {
    "seed": 39089
  },
  {
    "seed": 39141
  },
  {
    "seed": 39231
  },
  {
    "seed": 39238
  },
  {
    "seed": 39295
  },
  {
    "seed": 39302
  },
  {
    "seed": 39424
  },
  {
    "seed": 39458
  },
  {
    "seed": 39573
  },
  {
    "seed": 39670
  },
  {
    "seed": 39675
  },
  {
    "seed": 39697
  },
  {
    "seed": 39720
  },
  {
    "seed": 39782
  },
  {
    "seed": 39839
  },
  {
    "seed": 39854
  },
  {
    "seed": 39880
  },
  {
    "seed": 39998
  },
  {
    "seed": 40022
  },
  {
    "seed": 40031
  },
  {
    "seed": 40061
  },
  {
    "seed": 40085
  },
  {
    "seed": 40122
  },
  {
    "seed": 40133
  },
  {
    "seed": 40141
  },
  {
    "seed": 40144
  },
  {
    "seed": 40182
  },
  {
    "seed": 40195
  },
  {
    "seed": 40198
  },
  {
    "seed": 40234
  },
  {
    "seed": 40292
  },
  {
    "seed": 40301
  },
  {
    "seed": 40336
  },
  {
    "seed": 40342
  },
  {
    "seed": 40447
  },
  {
    "seed": 40454
  },
  {
    "seed": 40685
  },
  {
    "seed": 40731
  },
  {
    "seed": 40751
  },
  {
    "seed": 40812
  },
  {
    "seed": 40824
  },
  {
    "seed": 40898
  },
  {
    "seed": 40910
  },
  {
    "seed": 40912
  },
  {
    "seed": 40931
  },
  {
    "seed": 40958
  },
  {
    "seed": 40972
  },
  {
    "seed": 41078
  },
  {
    "seed": 41106
  },
  {
    "seed": 41139
  },
  {
    "seed": 41156
  },
  {
    "seed": 41188
  },
  {
    "seed": 41285
  },
  {
    "seed": 41331
  },
  {
    "seed": 41340
  },
  {
    "seed": 41470
  },
  {
    "seed": 41523
  },
  {
    "seed": 41529
  },
  {
    "seed": 41559
  },
  {
    "seed": 41580
  },
  {
    "seed": 41615
  },
  {
    "seed": 41687
  },
  {
    "seed": 41835
  },
  {
    "seed": 41840
  },
  {
    "seed": 41854
  },
  {
    "seed": 41856
  },
  {
    "seed": 41948
  },
  {
    "seed": 41951
  },
  {
    "seed": 41959
  },
  {
    "seed": 41960
  },
  {
    "seed": 41971
  },
  {
    "seed": 42068
  },
  {
    "seed": 42078
  },
  {
    "seed": 42086
  },
  {
    "seed": 42095
  },
  {
    "seed": 42136
  },
  {
    "seed": 42196
  },
  {
    "seed": 42201
  },
  {
    "seed": 42213
  },
  {
    "seed": 42258
  },
  {
    "seed": 42329
  },
  {
    "seed": 42340
  },
  {
    "seed": 42413
  },
  {
    "seed": 42566
  },
  {
    "seed": 42622
  },
  {
    "seed": 42644
  },
  {
    "seed": 42661
  },
  {
    "seed": 42677
  },
  {
    "seed": 42693
  },
  {
    "seed": 42748
  },
  {
    "seed": 42756
  },
  {
    "seed": 42837
  },
  {
    "seed": 42863
  },
  {
    "seed": 42865
  },
  {
    "seed": 42995
  },
  {
    "seed": 43058
  },
  {
    "seed": 43059
  },
  {
    "seed": 43073
  },
  {
    "seed": 43118
  },
  {
    "seed": 43159
  },
  {
    "seed": 43354
  },
  {
    "seed": 43377
  },
  {
    "seed": 43399
  },
  {
    "seed": 43432
  },
  {
    "seed": 43471
  },
  {
    "seed": 43483
  },
  {
    "seed": 43490
  },
  {
    "seed": 43521
  },
  {
    "seed": 43535
  },
  {
    "seed": 43648
  },
  {
    "seed": 43685
  },
  {
    "seed": 43739
  },
  {
    "seed": 43752
  },
  {
    "seed": 43763
  },
  {
    "seed": 43782
  },
  {
    "seed": 43880
  },
  {
    "seed": 43908
  },
  {
    "seed": 44076
  },
  {
    "seed": 44197
  },
  {
    "seed": 44234
  },
  {
    "seed": 44244
  },
  {
    "seed": 44246
  },
  {
    "seed": 44379
  },
  {
    "seed": 44394
  },
  {
    "seed": 44419
  },
  {
    "seed": 44446
  },
  {
    "seed": 44447
  },
  {
    "seed": 44467
  },
  {
    "seed": 44470
  },
  {
    "seed": 44482
  },
  {
    "seed": 44587
  },
  {
    "seed": 44610
  },
  {
    "seed": 44659
  },
  {
    "seed": 44714
  },
  {
    "seed": 44737
  },
  {
    "seed": 44786
  },
  {
    "seed": 44790
  },
  {
    "seed": 44810
  },
  {
    "seed": 44816
  },
  {
    "seed": 44829
  },
  {
    "seed": 44835
  },
  {
    "seed": 44837
  },
  {
    "seed": 44843
  },
  {
    "seed": 44844
  },
  {
    "seed": 44874
  },
  {
    "seed": 44878
  },
  {
    "seed": 44928
  },
  {
    "seed": 44959
  },
  {
    "seed": 44992
  },
  {
    "seed": 45133
  },
  {
    "seed": 45164
  },
  {
    "seed": 45195
  },
  {
    "seed": 45211
  },
  {
    "seed": 45427
  },
  {
    "seed": 45475
  },
  {
    "seed": 45505
  },
  {
    "seed": 45515
  },
  {
    "seed": 45532
  },
  {
    "seed": 45724
  },
  {
    "seed": 45747
  },
  {
    "seed": 45758
  },
  {
    "seed": 45790
  },
  {
    "seed": 45797
  },
  {
    "seed": 45805
  },
  {
    "seed": 45825
  },
  {
    "seed": 45829
  },
  {
    "seed": 45895
  },
  {
    "seed": 45989
  },
  {
    "seed": 46000
  },
  {
    "seed": 46001
  },
  {
    "seed": 46029
  },
  {
    "seed": 46075
  },
  {
    "seed": 46169
  },
  {
    "seed": 46217
  },
  {
    "seed": 46343
  },
  {
    "seed": 46416
  },
  {
    "seed": 46458
  },
  {
    "seed": 46573
  },
  {
    "seed": 46588
  },
  {
    "seed": 46655
  },
  {
    "seed": 46693
  },
  {
    "seed": 46716
  },
  {
    "seed": 46721
  },
  {
    "seed": 46809
  },
  {
    "seed": 46858
  },
  {
    "seed": 46914
  },
  {
    "seed": 46959
  },
  {
    "seed": 47045
  },
  {
    "seed": 47046
  },
  {
    "seed": 47047
  },
  {
    "seed": 47061
  },
  {
    "seed": 47108
  },
  {
    "seed": 47118
  },
  {
    "seed": 47139
  },
  {
    "seed": 47269
  },
  {
    "seed": 47306
  },
  {
    "seed": 47313
  },
  {
    "seed": 47383
  },
  {
    "seed": 47405
  },
  {
    "seed": 47416
  },
  {
    "seed": 47457
  },
  {
    "seed": 47458
  },
  {
    "seed": 47504
  },
  {
    "seed": 47519
  },
  {
    "seed": 47547
  },
  {
    "seed": 47617
  },
  {
    "seed": 47639
  },
  {
    "seed": 47682
  },
  {
    "seed": 47741
  },
  {
    "seed": 47753
  },
  {
    "seed": 47765
  },
  {
    "seed": 47790
  },
  {
    "seed": 47856
  },
  {
    "seed": 47878
  },
  {
    "seed": 47891
  },
  {
    "seed": 47922
  },
  {
    "seed": 47994
  },
  {
    "seed": 48011
  },
  {
    "seed": 48036
  },
  {
    "seed": 48037
  },
  {
    "seed": 48098
  },
  {
    "seed": 48231
  },
  {
    "seed": 48259
  },
  {
    "seed": 48289
  },
  {
    "seed": 48303
  },
  {
    "seed": 48340
  },
  {
    "seed": 48350
  },
  {
    "seed": 48425
  },
  {
    "seed": 48428
  },
  {
    "seed": 48545
  },
  {
    "seed": 48584
  },
  {
    "seed": 48606
  },
  {
    "seed": 48647
  },
  {
    "seed": 48734
  },
  {
    "seed": 48816
  },
  {
    "seed": 48925
  },
  {
    "seed": 48934
  },
  {
    "seed": 48959
  },
  {
    "seed": 49028
  },
  {
    "seed": 49034
  },
  {
    "seed": 49071
  },
  {
    "seed": 49122
  },
  {
    "seed": 49155
  },
  {
    "seed": 49178
  },
  {
    "seed": 49231
  },
  {
    "seed": 49232
  },
  {
    "seed": 49266
  },
  {
    "seed": 49293
  },
  {
    "seed": 49317
  },
  {
    "seed": 49326
  },
  {
    "seed": 49396
  },
  {
    "seed": 49406
  },
  {
    "seed": 49555
  },
  {
    "seed": 49618
  },
  {
    "seed": 49635
  },
  {
    "seed": 49767
  },
  {
    "seed": 49797
  },
  {
    "seed": 49854
  },
  {
    "seed": 49922
  },
  {
    "seed": 49951
  },
  {
    "seed": 49955
  },
  {
    "seed": 50008
  },
  {
    "seed": 50013
  },
  {
    "seed": 50055
  },
  {
    "seed": 50166
  },
  {
    "seed": 50178
  },
  {
    "seed": 50200
  },
  {
    "seed": 50292
  },
  {
    "seed": 50424
  },
  {
    "seed": 50445
  },
  {
    "seed": 50466
  },
  {
    "seed": 50498
  },
  {
    "seed": 50511
  },
  {
    "seed": 50568
  },
  {
    "seed": 50574
  },
  {
    "seed": 50593
  },
  {
    "seed": 50815
  },
  {
    "seed": 50827
  },
  {
    "seed": 50841
  },
  {
    "seed": 50887
  },
  {
    "seed": 51013
  },
  {
    "seed": 51048
  },
  {
    "seed": 51057
  },
  {
    "seed": 51109
  },
  {
    "seed": 51212
  },
  {
    "seed": 51222
  },
  {
    "seed": 51258
  },
  {
    "seed": 51319
  },
  {
    "seed": 51360
  },
  {
    "seed": 51368
  },
  {
    "seed": 51391
  },
  {
    "seed": 51392
  },
  {
    "seed": 51438
  },
  {
    "seed": 51448
  },
  {
    "seed": 51460
  },
  {
    "seed": 51465
  },
  {
    "seed": 51477
  },
  {
    "seed": 51519
  },
  {
    "seed": 51524
  },
  {
    "seed": 51538
  },
  {
    "seed": 51540
  },
  {
    "seed": 51596
  },
  {
    "seed": 51628
  },
  {
    "seed": 51664
  },
  {
    "seed": 51695
  },
  {
    "seed": 51709
  },
  {
    "seed": 51737
  },
  {
    "seed": 51744
  },
  {
    "seed": 51778
  },
  {
    "seed": 51779
  },
  {
    "seed": 51799
  },
  {
    "seed": 51817
  },
  {
    "seed": 51844
  },
  {
    "seed": 51948
  },
  {
    "seed": 51962
  },
  {
    "seed": 52003
  },
  {
    "seed": 52021
  },
  {
    "seed": 52055
  },
  {
    "seed": 52200
  },
  {
    "seed": 52205
  },
  {
    "seed": 52250
  },
  {
    "seed": 52260
  },
  {
    "seed": 52352
  },
  {
    "seed": 52536
  },
  {
    "seed": 52559
  },
  {
    "seed": 52636
  },
  {
    "seed": 52674
  },
  {
    "seed": 52677
  },
  {
    "seed": 52767
  },
  {
    "seed": 52787
  },
  {
    "seed": 52789
  },
  {
    "seed": 52881
  },
  {
    "seed": 52922
  },
  {
    "seed": 53001
  },
  {
    "seed": 53050
  },
  {
    "seed": 53066
  },
  {
    "seed": 53090
  },
  {
    "seed": 53189
  },
  {
    "seed": 53205
  },
  {
    "seed": 53250
  },
  {
    "seed": 53253
  },
  {
    "seed": 53320
  },
  {
    "seed": 53363
  },
  {
    "seed": 53376
  },
  {
    "seed": 53382
  },
  {
    "seed": 53405
  },
  {
    "seed": 53454
  },
  {
    "seed": 53496
  },
  {
    "seed": 53527
  },
  {
    "seed": 53530
  },
  {
    "seed": 53568
  },
  {
    "seed": 53739
  },
  {
    "seed": 53746
  },
  {
    "seed": 53751
  },
  {
    "seed": 53793
  },
  {
    "seed": 53799
  },
  {
    "seed": 53816
  },
  {
    "seed": 53825
  },
  {
    "seed": 53885
  },
  {
    "seed": 53956
  },
  {
    "seed": 54009
  },
  {
    "seed": 54051
  },
  {
    "seed": 54058
  },
  {
    "seed": 54139
  },
  {
    "seed": 54141
  },
  {
    "seed": 54250
  },
  {
    "seed": 54280
  },
  {
    "seed": 54440
  },
  {
    "seed": 54466
  },
  {
    "seed": 54529
  },
  {
    "seed": 54549
  },
  {
    "seed": 54584
  },
  {
    "seed": 54600
  },
  {
    "seed": 54633
  },
  {
    "seed": 54656
  },
  {
    "seed": 54873
  },
  {
    "seed": 54886
  },
  {
    "seed": 54895
  },
  {
    "seed": 54940
  },
  {
    "seed": 54946
  },
  {
    "seed": 54977
  },
  {
    "seed": 54984
  },
  {
    "seed": 55039
  },
  {
    "seed": 55060
  },
  {
    "seed": 55148
  },
  {
    "seed": 55256
  },
  {
    "seed": 55297
  },
  {
    "seed": 55363
  },
  {
    "seed": 55387
  },
  {
    "seed": 55428
  },
  {
    "seed": 55456
  },
  {
    "seed": 55458
  },
  {
    "seed": 55473
  },
  {
    "seed": 55492
  },
  {
    "seed": 55546
  },
  {
    "seed": 55619
  },
  {
    "seed": 55799
  },
  {
    "seed": 55967
  },
  {
    "seed": 55970
  },
  {
    "seed": 56084
  },
  {
    "seed": 56130
  },
  {
    "seed": 56163
  },
  {
    "seed": 56178
  },
  {
    "seed": 56269
  },
  {
    "seed": 56297
  },
  {
    "seed": 56390
  },
  {
    "seed": 56431
  },
  {
    "seed": 56442
  },
  {
    "seed": 56470
  },
  {
    "seed": 56500
  },
  {
    "seed": 56501
  },
  {
    "seed": 56510
  },
  {
    "seed": 56525
  },
  {
    "seed": 56568
  },
  {
    "seed": 56655
  },
  {
    "seed": 56700
  },
  {
    "seed": 56773
  },
  {
    "seed": 56781
  },
  {
    "seed": 56784
  },
  {
    "seed": 56883
  },
  {
    "seed": 56921
  },
  {
    "seed": 56961
  },
  {
    "seed": 56974
  },
  {
    "seed": 56999
  },
  {
    "seed": 57076
  },
  {
    "seed": 57131
  },
  {
    "seed": 57150
  },
  {
    "seed": 57235
  },
  {
    "seed": 57238
  },
  {
    "seed": 57305
  },
  {
    "seed": 57328
  },
  {
    "seed": 57379
  },
  {
    "seed": 57457
  },
  {
    "seed": 57485
  },
  {
    "seed": 57540
  },
  {
    "seed": 57542
  },
  {
    "seed": 57592
  },
  {
    "seed": 57599
  },
  {
    "seed": 57613
  },
  {
    "seed": 57731
  },
  {
    "seed": 57853
  },
  {
    "seed": 57880
  },
  {
    "seed": 57959
  },
  {
    "seed": 57992
  },
  {
    "seed": 58103
  },
  {
    "seed": 58142
  },
  {
    "seed": 58200
  },
  {
    "seed": 58335
  },
  {
    "seed": 58351
  },
  {
    "seed": 58387
  },
  {
    "seed": 58400
  },
  {
    "seed": 58421
  },
  {
    "seed": 58436
  },
  {
    "seed": 58465
  },
  {
    "seed": 58490
  },
  {
    "seed": 58540
  },
  {
    "seed": 58695
  },
  {
    "seed": 58724
  },
  {
    "seed": 58727
  },
  {
    "seed": 58795
  },
  {
    "seed": 58805
  },
  {
    "seed": 58861
  },
  {
    "seed": 58879
  },
  {
    "seed": 58881
  },
  {
    "seed": 58888
  },
  {
    "seed": 58890
  },
  {
    "seed": 59001
  },
  {
    "seed": 59061
  },
  {
    "seed": 59096
  },
  {
    "seed": 59112
  },
  {
    "seed": 59226
  },
  {
    "seed": 59231
  },
  {
    "seed": 59235
  },
  {
    "seed": 59246
  },
  {
    "seed": 59302
  },
  {
    "seed": 59344
  },
  {
    "seed": 59359
  },
  {
    "seed": 59391
  },
  {
    "seed": 59512
  },
  {
    "seed": 59567
  },
  {
    "seed": 59570
  },
  {
    "seed": 59674
  },
  {
    "seed": 59676
  },
  {
    "seed": 59729
  },
  {
    "seed": 59768
  },
  {
    "seed": 59788
  },
  {
    "seed": 59808
  },
  {
    "seed": 59828
  },
  {
    "seed": 59837
  },
  {
    "seed": 59898
  },
  {
    "seed": 59914
  },
  {
    "seed": 59952
  },
  {
    "seed": 59971
  },
  {
    "seed": 59977
  },
  {
    "seed": 60013
  },
  {
    "seed": 60014
  },
  {
    "seed": 60022
  },
  {
    "seed": 60147
  },
  {
    "seed": 60298
  },
  {
    "seed": 60302
  },
  {
    "seed": 60341
  },
  {
    "seed": 60353
  },
  {
    "seed": 60448
  },
  {
    "seed": 60489
  },
  {
    "seed": 60522
  },
  {
    "seed": 60664
  },
  {
    "seed": 60703
  },
  {
    "seed": 60761
  },
  {
    "seed": 60785
  },
  {
    "seed": 60861
  },
  {
    "seed": 60898
  },
  {
    "seed": 60922
  },
  {
    "seed": 60923
  },
  {
    "seed": 60950
  },
  {
    "seed": 60951
  },
  {
    "seed": 61169
  },
  {
    "seed": 61226
  },
  {
    "seed": 61237
  },
  {
    "seed": 61318
  },
  {
    "seed": 61436
  },
  {
    "seed": 61441
  },
  {
    "seed": 61537
  },
  {
    "seed": 61587
  },
  {
    "seed": 61612
  },
  {
    "seed": 61618
  },
  {
    "seed": 61697
  },
  {
    "seed": 61757
  },
  {
    "seed": 61761
  },
  {
    "seed": 61818
  },
  {
    "seed": 61834
  },
  {
    "seed": 61838
  },
  {
    "seed": 61897
  },
  {
    "seed": 61950
  },
  {
    "seed": 61998
  },
  {
    "seed": 62015
  },
  {
    "seed": 62042
  },
  {
    "seed": 62112
  },
  {
    "seed": 62124
  },
  {
    "seed": 62133
  },
  {
    "seed": 62171
  },
  {
    "seed": 62207
  },
  {
    "seed": 62298
  },
  {
    "seed": 62327
  },
  {
    "seed": 62361
  },
  {
    "seed": 62365
  },
  {
    "seed": 62399
  },
  {
    "seed": 62429
  },
  {
    "seed": 62544
  },
  {
    "seed": 62607
  },
  {
    "seed": 62677
  },
  {
    "seed": 62687
  },
  {
    "seed": 62707
  },
  {
    "seed": 62720
  },
  {
    "seed": 62734
  },
  {
    "seed": 62779
  },
  {
    "seed": 62810
  },
  {
    "seed": 62958
  },
  {
    "seed": 62961
  },
  {
    "seed": 62971
  },
  {
    "seed": 63039
  },
  {
    "seed": 63094
  },
  {
    "seed": 63182
  },
  {
    "seed": 63189
  },
  {
    "seed": 63257
  },
  {
    "seed": 63262
  },
  {
    "seed": 63296
  },
  {
    "seed": 63396
  },
  {
    "seed": 63401
  },
  {
    "seed": 63438
  },
  {
    "seed": 63448
  },
  {
    "seed": 63453
  },
  {
    "seed": 63501
  },
  {
    "seed": 63567
  },
  {
    "seed": 63575
  },
  {
    "seed": 63613
  },
  {
    "seed": 63621
  },
  {
    "seed": 63623
  },
  {
    "seed": 63629
  },
  {
    "seed": 63673
  },
  {
    "seed": 63717
  },
  {
    "seed": 63773
  },
  {
    "seed": 63806
  },
  {
    "seed": 63985
  },
  {
    "seed": 64002
  },
  {
    "seed": 64099
  },
  {
    "seed": 64139
  },
  {
    "seed": 64163
  },
  {
    "seed": 64182
  },
  {
    "seed": 64232
  },
  {
    "seed": 64275
  },
  {
    "seed": 64337
  },
  {
    "seed": 64354
  },
  {
    "seed": 64373
  },
  {
    "seed": 64374
  },
  {
    "seed": 64386
  },
  {
    "seed": 64629
  },
  {
    "seed": 64650
  },
  {
    "seed": 64692
  },
  {
    "seed": 64728
  },
  {
    "seed": 64760
  },
  {
    "seed": 64778
  },
  {
    "seed": 64782
  },
  {
    "seed": 64797
  },
  {
    "seed": 64798
  },
  {
    "seed": 64822
  },
  {
    "seed": 64850
  },
  {
    "seed": 64862
  },
  {
    "seed": 64900
  },
  {
    "seed": 64925
  },
  {
    "seed": 64927
  },
  {
    "seed": 64994
  },
  {
    "seed": 65040
  },
  {
    "seed": 65107
  },
  {
    "seed": 65171
  },
  {
    "seed": 65268
  },
  {
    "seed": 65279
  },
  {
    "seed": 65291
  },
  {
    "seed": 65340
  },
  {
    "seed": 65359
  },
  {
    "seed": 65388
  },
  {
    "seed": 65392
  },
  {
    "seed": 65433
  },
  {
    "seed": 65435
  },
  {
    "seed": 65437
  },
  {
    "seed": 65474
  },
  {
    "seed": 65519
  },
  {
    "seed": 65529
  },
  {
    "seed": 65530
  },
  {
    "seed": 65554
  },
  {
    "seed": 65611
  },
  {
    "seed": 65618
  },
  {
    "seed": 65656
  },
  {
    "seed": 65697
  },
  {
    "seed": 65705
  },
  {
    "seed": 65715
  },
  {
    "seed": 65777
  },
  {
    "seed": 66012
  },
  {
    "seed": 66098
  },
  {
    "seed": 66130
  },
  {
    "seed": 66155
  },
  {
    "seed": 66268
  },
  {
    "seed": 66363
  },
  {
    "seed": 66416
  },
  {
    "seed": 66420
  },
  {
    "seed": 66446
  },
  {
    "seed": 66452
  },
  {
    "seed": 66455
  },
  {
    "seed": 66456
  },
  {
    "seed": 66499
  },
  {
    "seed": 66505
  },
  {
    "seed": 66571
  },
  {
    "seed": 66601
  },
  {
    "seed": 66628
  },
  {
    "seed": 66699
  },
  {
    "seed": 66708
  },
  {
    "seed": 66720
  },
  {
    "seed": 66763
  },
  {
    "seed": 66764
  },
  {
    "seed": 66775
  },
  {
    "seed": 66844
  },
  {
    "seed": 66872
  },
  {
    "seed": 66928
  },
  {
    "seed": 66970
  },
  {
    "seed": 67023
  },
  {
    "seed": 67024
  },
  {
    "seed": 67034
  },
  {
    "seed": 67107
  },
  {
    "seed": 67120
  },
  {
    "seed": 67138
  },
  {
    "seed": 67162
  },
  {
    "seed": 67176
  },
  {
    "seed": 67178
  },
  {
    "seed": 67182
  },
  {
    "seed": 67224
  },
  {
    "seed": 67237
  },
  {
    "seed": 67258
  },
  {
    "seed": 67307
  },
  {
    "seed": 67315
  },
  {
    "seed": 67327
  },
  {
    "seed": 67334
  },
  {
    "seed": 67341
  },
  {
    "seed": 67366
  },
  {
    "seed": 67456
  },
  {
    "seed": 67499
  },
  {
    "seed": 67645
  },
  {
    "seed": 67671
  },
  {
    "seed": 67688
  },
  {
    "seed": 67723
  },
  {
    "seed": 67728
  },
  {
    "seed": 67842
  },
  {
    "seed": 67852
  },
  {
    "seed": 67890
  },
  {
    "seed": 67899
  },
  {
    "seed": 67926
  },
  {
    "seed": 67961
  },
  {
    "seed": 67979
  },
  {
    "seed": 67980
  },
  {
    "seed": 67986
  },
  {
    "seed": 67998
  },
  {
    "seed": 68006
  },
  {
    "seed": 68016
  },
  {
    "seed": 68023
  },
  {
    "seed": 68026
  },
  {
    "seed": 68067
  },
  {
    "seed": 68187
  },
  {
    "seed": 68193
  },
  {
    "seed": 68234
  },
  {
    "seed": 68271
  },
  {
    "seed": 68391
  },
  {
    "seed": 68402
  },
  {
    "seed": 68562
  },
  {
    "seed": 68602
  },
  {
    "seed": 68814
  },
  {
    "seed": 68998
  },
  {
    "seed": 69000
  },
  {
    "seed": 69004
  },
  {
    "seed": 69236
  },
  {
    "seed": 69241
  },
  {
    "seed": 69276
  },
  {
    "seed": 69358
  },
  {
    "seed": 69428
  },
  {
    "seed": 69495
  },
  {
    "seed": 69515
  },
  {
    "seed": 69684
  },
  {
    "seed": 69723
  },
  {
    "seed": 69753
  },
  {
    "seed": 69754
  },
  {
    "seed": 69772
  },
  {
    "seed": 69897
  },
  {
    "seed": 69938
  },
  {
    "seed": 69968
  },
  {
    "seed": 70007
  },
  {
    "seed": 70047
  },
  {
    "seed": 70091
  },
  {
    "seed": 70225
  },
  {
    "seed": 70253
  },
  {
    "seed": 70293
  },
  {
    "seed": 70318
  },
  {
    "seed": 70328
  },
  {
    "seed": 70344
  },
  {
    "seed": 70358
  },
  {
    "seed": 70366
  },
  {
    "seed": 70445
  },
  {
    "seed": 70518
  },
  {
    "seed": 70577
  },
  {
    "seed": 70590
  },
  {
    "seed": 70601
  },
  {
    "seed": 70605
  },
  {
    "seed": 70618
  },
  {
    "seed": 70668
  },
  {
    "seed": 70680
  },
  {
    "seed": 70698
  },
  {
    "seed": 70702
  },
  {
    "seed": 70713
  },
  {
    "seed": 70715
  },
  {
    "seed": 70747
  },
  {
    "seed": 70803
  },
  {
    "seed": 70807
  },
  {
    "seed": 70812
  },
  {
    "seed": 70852
  },
  {
    "seed": 70862
  },
  {
    "seed": 70882
  },
  {
    "seed": 70898
  },
  {
    "seed": 70903
  },
  {
    "seed": 70908
  },
  {
    "seed": 70985
  },
  {
    "seed": 71069
  },
  {
    "seed": 71100
  },
  {
    "seed": 71104
  },
  {
    "seed": 71124
  },
  {
    "seed": 71150
  },
  {
    "seed": 71155
  },
  {
    "seed": 71189
  },
  {
    "seed": 71264
  },
  {
    "seed": 71305
  },
  {
    "seed": 71423
  },
  {
    "seed": 71499
  },
  {
    "seed": 71576
  },
  {
    "seed": 71581
  },
  {
    "seed": 71652
  },
  {
    "seed": 71659
  },
  {
    "seed": 71719
  },
  {
    "seed": 71757
  },
  {
    "seed": 71878
  },
  {
    "seed": 71894
  },
  {
    "seed": 71908
  },
  {
    "seed": 71925
  },
  {
    "seed": 71968
  },
  {
    "seed": 71973
  },
  {
    "seed": 71976
  },
  {
    "seed": 71991
  },
  {
    "seed": 72040
  },
  {
    "seed": 72060
  },
  {
    "seed": 72069
  },
  {
    "seed": 72124
  },
  {
    "seed": 72158
  },
  {
    "seed": 72178
  },
  {
    "seed": 72265
  },
  {
    "seed": 72269
  },
  {
    "seed": 72349
  },
  {
    "seed": 72375
  },
  {
    "seed": 72410
  },
  {
    "seed": 72610
  },
  {
    "seed": 72781
  },
  {
    "seed": 72812
  },
  {
    "seed": 72855
  },
  {
    "seed": 72879
  },
  {
    "seed": 72982
  },
  {
    "seed": 73023
  },
  {
    "seed": 73060
  },
  {
    "seed": 73109
  },
  {
    "seed": 73110
  },
  {
    "seed": 73144
  },
  {
    "seed": 73178
  },
  {
    "seed": 73258
  },
  {
    "seed": 73268
  },
  {
    "seed": 73281
  },
  {
    "seed": 73343
  },
  {
    "seed": 73357
  },
  {
    "seed": 73466
  },
  {
    "seed": 73497
  },
  {
    "seed": 73582
  },
  {
    "seed": 73659
  },
  {
    "seed": 73668
  },
  {
    "seed": 73683
  },
  {
    "seed": 73738
  },
  {
    "seed": 73746
  },
  {
    "seed": 73870
  },
  {
    "seed": 73888
  },
  {
    "seed": 74047
  },
  {
    "seed": 74049
  },
  {
    "seed": 74081
  },
  {
    "seed": 74096
  },
  {
    "seed": 74102
  },
  {
    "seed": 74222
  },
  {
    "seed": 74230
  },
  {
    "seed": 74275
  },
  {
    "seed": 74433
  },
  {
    "seed": 74451
  },
  {
    "seed": 74542
  },
  {
    "seed": 74566
  },
  {
    "seed": 74623
  },
  {
    "seed": 74658
  },
  {
    "seed": 74709
  },
  {
    "seed": 74747
  },
  {
    "seed": 74755
  },
  {
    "seed": 74771
  },
  {
    "seed": 74778
  },
  {
    "seed": 74800
  },
  {
    "seed": 74949
  },
  {
    "seed": 74976
  },
  {
    "seed": 75023
  },
  {
    "seed": 75068
  },
  {
    "seed": 75071
  },
  {
    "seed": 75097
  },
  {
    "seed": 75159
  },
  {
    "seed": 75166
  },
  {
    "seed": 75206
  },
  {
    "seed": 75214
  },
  {
    "seed": 75225
  },
  {
    "seed": 75357
  },
  {
    "seed": 75392
  },
  {
    "seed": 75412
  },
  {
    "seed": 75597
  },
  {
    "seed": 75617
  },
  {
    "seed": 75620
  },
  {
    "seed": 75652
  },
  {
    "seed": 75821
  },
  {
    "seed": 75831
  },
  {
    "seed": 75864
  },
  {
    "seed": 75893
  },
  {
    "seed": 75910
  },
  {
    "seed": 75922
  },
  {
    "seed": 75973
  },
  {
    "seed": 75991
  },
  {
    "seed": 76090
  },
  {
    "seed": 76216
  },
  {
    "seed": 76287
  },
  {
    "seed": 76295
  },
  {
    "seed": 76300
  },
  {
    "seed": 76340
  },
  {
    "seed": 76347
  },
  {
    "seed": 76356
  },
  {
    "seed": 76367
  },
  {
    "seed": 76371
  },
  {
    "seed": 76485
  },
  {
    "seed": 76489
  },
  {
    "seed": 76494
  },
  {
    "seed": 76505
  },
  {
    "seed": 76609
  },
  {
    "seed": 76640
  },
  {
    "seed": 76655
  },
  {
    "seed": 76667
  },
  {
    "seed": 76722
  },
  {
    "seed": 76758
  },
  {
    "seed": 76804
  },
  {
    "seed": 76891
  },
  {
    "seed": 76917
  },
  {
    "seed": 76926
  },
  {
    "seed": 77043
  },
  {
    "seed": 77066
  },
  {
    "seed": 77076
  },
  {
    "seed": 77103
  },
  {
    "seed": 77108
  },
  {
    "seed": 77190
  },
  {
    "seed": 77256
  },
  {
    "seed": 77334
  },
  {
    "seed": 77418
  },
  {
    "seed": 77519
  },
  {
    "seed": 77634
  },
  {
    "seed": 77642
  },
  {
    "seed": 77659
  },
  {
    "seed": 77688
  },
  {
    "seed": 77690
  },
  {
    "seed": 77712
  },
  {
    "seed": 77728
  },
  {
    "seed": 77729
  },
  {
    "seed": 77782
  },
  {
    "seed": 77829
  },
  {
    "seed": 77835
  },
  {
    "seed": 77900
  },
  {
    "seed": 77966
  },
  {
    "seed": 77967
  },
  {
    "seed": 78184
  },
  {
    "seed": 78221
  },
  {
    "seed": 78237
  },
  {
    "seed": 78243
  },
  {
    "seed": 78255
  },
  {
    "seed": 78270
  },
  {
    "seed": 78293
  },
  {
    "seed": 78295
  },
  {
    "seed": 78313
  },
  {
    "seed": 78396
  },
  {
    "seed": 78436
  },
  {
    "seed": 78576
  },
  {
    "seed": 78618
  },
  {
    "seed": 78647
  },
  {
    "seed": 78652
  },
  {
    "seed": 78656
  },
  {
    "seed": 78790
  },
  {
    "seed": 78821
  },
  {
    "seed": 79016
  },
  {
    "seed": 79105
  },
  {
    "seed": 79128
  },
  {
    "seed": 79171
  },
  {
    "seed": 79282
  },
  {
    "seed": 79294
  },
  {
    "seed": 79302
  },
  {
    "seed": 79328
  },
  {
    "seed": 79347
  },
  {
    "seed": 79443
  },
  {
    "seed": 79517
  },
  {
    "seed": 79564
  },
  {
    "seed": 79589
  },
  {
    "seed": 79622
  },
  {
    "seed": 79654
  },
  {
    "seed": 79716
  },
  {
    "seed": 79722
  },
  {
    "seed": 79733
  },
  {
    "seed": 79748
  },
  {
    "seed": 79830
  },
  {
    "seed": 79848
  },
  {
    "seed": 79900
  },
  {
    "seed": 79901
  },
  {
    "seed": 79929
  },
  {
    "seed": 79942
  },
  {
    "seed": 79989
  },
  {
    "seed": 80105
  },
  {
    "seed": 80152
  },
  {
    "seed": 80192
  },
  {
    "seed": 80239
  },
  {
    "seed": 80331
  },
  {
    "seed": 80436
  },
  {
    "seed": 80460
  },
  {
    "seed": 80467
  },
  {
    "seed": 80487
  },
  {
    "seed": 80562
  },
  {
    "seed": 80612
  },
  {
    "seed": 80668
  },
  {
    "seed": 80705
  },
  {
    "seed": 80734
  },
  {
    "seed": 80763
  },
  {
    "seed": 80787
  },
  {
    "seed": 80818
  },
  {
    "seed": 80828
  },
  {
    "seed": 80863
  },
  {
    "seed": 80908
  },
  {
    "seed": 80915
  },
  {
    "seed": 81080
  },
  {
    "seed": 81105
  },
  {
    "seed": 81362
  },
  {
    "seed": 81381
  },
  {
    "seed": 81387
  },
  {
    "seed": 81422
  },
  {
    "seed": 81424
  },
  {
    "seed": 81444
  },
  {
    "seed": 81478
  },
  {
    "seed": 81494
  },
  {
    "seed": 81610
  },
  {
    "seed": 81702
  },
  {
    "seed": 81784
  },
  {
    "seed": 81924
  },
  {
    "seed": 81966
  },
  {
    "seed": 81978
  },
  {
    "seed": 82063
  },
  {
    "seed": 82071
  },
  {
    "seed": 82120
  },
  {
    "seed": 82189
  },
  {
    "seed": 82255
  },
  {
    "seed": 82331
  },
  {
    "seed": 82348
  },
  {
    "seed": 82361
  },
  {
    "seed": 82417
  },
  {
    "seed": 82492
  },
  {
    "seed": 82566
  },
  {
    "seed": 82569
  },
  {
    "seed": 82649
  },
  {
    "seed": 82669
  },
  {
    "seed": 82675
  },
  {
    "seed": 82781
  },
  {
    "seed": 82805
  },
  {
    "seed": 82840
  },
  {
    "seed": 82894
  },
  {
    "seed": 83092
  },
  {
    "seed": 83213
  },
  {
    "seed": 83284
  },
  {
    "seed": 83367
  },
  {
    "seed": 83392
  },
  {
    "seed": 83444
  },
  {
    "seed": 83486
  },
  {
    "seed": 83540
  },
  {
    "seed": 83558
  },
  {
    "seed": 83684
  },
  {
    "seed": 83715
  },
  {
    "seed": 83718
  },
  {
    "seed": 83776
  },
  {
    "seed": 83821
  },
  {
    "seed": 83865
  },
  {
    "seed": 83868
  },
  {
    "seed": 83959
  },
  {
    "seed": 83963
  },
  {
    "seed": 83988
  },
  {
    "seed": 83997
  },
  {
    "seed": 84000
  },
  {
    "seed": 84042
  },
  {
    "seed": 84085
  },
  {
    "seed": 84095
  },
  {
    "seed": 84163
  },
  {
    "seed": 84171
  },
  {
    "seed": 84176
  },
  {
    "seed": 84249
  },
  {
    "seed": 84305
  },
  {
    "seed": 84315
  },
  {
    "seed": 84316
  },
  {
    "seed": 84332
  },
  {
    "seed": 84340
  },
  {
    "seed": 84347
  },
  {
    "seed": 84367
  },
  {
    "seed": 84389
  },
  {
    "seed": 84468
  },
  {
    "seed": 84506
  },
  {
    "seed": 84545
  },
  {
    "seed": 84604
  },
  {
    "seed": 84650
  },
  {
    "seed": 84676
  },
  {
    "seed": 84784
  },
  {
    "seed": 84840
  },
  {
    "seed": 84917
  },
  {
    "seed": 84920
  },
  {
    "seed": 85035
  },
  {
    "seed": 85042
  },
  {
    "seed": 85118
  },
  {
    "seed": 85163
  },
  {
    "seed": 85215
  },
  {
    "seed": 85219
  },
  {
    "seed": 85253
  },
  {
    "seed": 85273
  },
  {
    "seed": 85278
  },
  {
    "seed": 85318
  },
  {
    "seed": 85325
  },
  {
    "seed": 85345
  },
  {
    "seed": 85374
  },
  {
    "seed": 85391
  },
  {
    "seed": 85401
  },
  {
    "seed": 85450
  },
  {
    "seed": 85457
  },
  {
    "seed": 85579
  },
  {
    "seed": 85595
  },
  {
    "seed": 85605
  },
  {
    "seed": 85651
  },
  {
    "seed": 85652
  },
  {
    "seed": 85658
  },
  {
    "seed": 85683
  },
  {
    "seed": 85722
  },
  {
    "seed": 85856
  },
  {
    "seed": 85880
  },
  {
    "seed": 85912
  },
  {
    "seed": 85974
  },
  {
    "seed": 86003
  },
  {
    "seed": 86014
  },
  {
    "seed": 86015
  },
  {
    "seed": 86131
  },
  {
    "seed": 86219
  },
  {
    "seed": 86238
  },
  {
    "seed": 86302
  },
  {
    "seed": 86345
  },
  {
    "seed": 86351
  },
  {
    "seed": 86377
  },
  {
    "seed": 86399
  },
  {
    "seed": 86471
  },
  {
    "seed": 86543
  },
  {
    "seed": 86587
  },
  {
    "seed": 86601
  },
  {
    "seed": 86623
  },
  {
    "seed": 86749
  },
  {
    "seed": 86791
  },
  {
    "seed": 86850
  },
  {
    "seed": 86897
  },
  {
    "seed": 86958
  },
  {
    "seed": 86984
  },
  {
    "seed": 87029
  },
  {
    "seed": 87127
  },
  {
    "seed": 87357
  },
  {
    "seed": 87358
  },
  {
    "seed": 87395
  },
  {
    "seed": 87455
  },
  {
    "seed": 87478
  },
  {
    "seed": 87558
  },
  {
    "seed": 87571
  },
  {
    "seed": 87599
  },
  {
    "seed": 87619
  },
  {
    "seed": 87704
  },
  {
    "seed": 87707
  },
  {
    "seed": 87746
  },
  {
    "seed": 87761
  },
  {
    "seed": 87800
  },
  {
    "seed": 87860
  },
  {
    "seed": 87936
  },
  {
    "seed": 87941
  },
  {
    "seed": 87998
  },
  {
    "seed": 88024
  },
  {
    "seed": 88027
  },
  {
    "seed": 88081
  },
  {
    "seed": 88162
  },
  {
    "seed": 88181
  },
  {
    "seed": 88339
  },
  {
    "seed": 88390
  },
  {
    "seed": 88405
  },
  {
    "seed": 88407
  },
  {
    "seed": 88501
  },
  {
    "seed": 88588
  },
  {
    "seed": 88623
  },
  {
    "seed": 88658
  },
  {
    "seed": 88680
  },
  {
    "seed": 88723
  },
  {
    "seed": 88835
  },
  {
    "seed": 88837
  },
  {
    "seed": 88919
  },
  {
    "seed": 88941
  },
  {
    "seed": 88949
  },
  {
    "seed": 89016
  },
  {
    "seed": 89032
  },
  {
    "seed": 89041
  },
  {
    "seed": 89111
  },
  {
    "seed": 89112
  },
  {
    "seed": 89116
  },
  {
    "seed": 89132
  },
  {
    "seed": 89226
  },
  {
    "seed": 89237
  },
  {
    "seed": 89245
  },
  {
    "seed": 89327
  },
  {
    "seed": 89329
  },
  {
    "seed": 89417
  },
  {
    "seed": 89442
  },
  {
    "seed": 89485
  },
  {
    "seed": 89559
  },
  {
    "seed": 89628
  },
  {
    "seed": 89733
  },
  {
    "seed": 89800
  },
  {
    "seed": 89824
  },
  {
    "seed": 89893
  },
  {
    "seed": 89947
  },
  {
    "seed": 90018
  },
  {
    "seed": 90038
  },
  {
    "seed": 90042
  },
  {
    "seed": 90072
  },
  {
    "seed": 90130
  },
  {
    "seed": 90139
  },
  {
    "seed": 90178
  },
  {
    "seed": 90200
  },
  {
    "seed": 90217
  },
  {
    "seed": 90226
  },
  {
    "seed": 90279
  },
  {
    "seed": 90354
  },
  {
    "seed": 90372
  },
  {
    "seed": 90377
  },
  {
    "seed": 90390
  },
  {
    "seed": 90468
  },
  {
    "seed": 90473
  },
  {
    "seed": 90476
  },
  {
    "seed": 90536
  },
  {
    "seed": 90542
  },
  {
    "seed": 90630
  },
  {
    "seed": 90642
  },
  {
    "seed": 90781
  },
  {
    "seed": 90785
  },
  {
    "seed": 90891
  },
  {
    "seed": 91066
  },
  {
    "seed": 91089
  },
  {
    "seed": 91159
  },
  {
    "seed": 91191
  },
  {
    "seed": 91280
  },
  {
    "seed": 91324
  },
  {
    "seed": 91366
  },
  {
    "seed": 91414
  },
  {
    "seed": 91475
  },
  {
    "seed": 91494
  },
  {
    "seed": 91548
  },
  {
    "seed": 91572
  },
  {
    "seed": 91583
  },
  {
    "seed": 91599
  },
  {
    "seed": 91654
  },
  {
    "seed": 91668
  },
  {
    "seed": 91691
  },
  {
    "seed": 91802
  },
  {
    "seed": 91807
  },
  {
    "seed": 91834
  },
  {
    "seed": 91871
  },
  {
    "seed": 91876
  },
  {
    "seed": 91882
  },
  {
    "seed": 91988
  },
  {
    "seed": 92081
  },
  {
    "seed": 92106
  },
  {
    "seed": 92128
  },
  {
    "seed": 92153
  },
  {
    "seed": 92187
  },
  {
    "seed": 92189
  },
  {
    "seed": 92205
  },
  {
    "seed": 92272
  },
  {
    "seed": 92294
  },
  {
    "seed": 92304
  },
  {
    "seed": 92445
  },
  {
    "seed": 92510
  },
  {
    "seed": 92544
  },
  {
    "seed": 92573
  },
  {
    "seed": 92579
  },
  {
    "seed": 92610
  },
  {
    "seed": 92644
  },
  {
    "seed": 92652
  },
  {
    "seed": 92722
  },
  {
    "seed": 92726
  },
  {
    "seed": 92728
  },
  {
    "seed": 92791
  },
  {
    "seed": 92856
  },
  {
    "seed": 92953
  },
  {
    "seed": 92959
  },
  {
    "seed": 92965
  },
  {
    "seed": 92995
  },
  {
    "seed": 93066
  },
  {
    "seed": 93105
  },
  {
    "seed": 93108
  },
  {
    "seed": 93124
  },
  {
    "seed": 93190
  },
  {
    "seed": 93198
  },
  {
    "seed": 93224
  },
  {
    "seed": 93245
  },
  {
    "seed": 93273
  },
  {
    "seed": 93291
  },
  {
    "seed": 93301
  },
  {
    "seed": 93374
  },
  {
    "seed": 93378
  },
  {
    "seed": 93479
  },
  {
    "seed": 93485
  },
  {
    "seed": 93543
  },
  {
    "seed": 93575
  },
  {
    "seed": 93584
  },
  {
    "seed": 93646
  },
  {
    "seed": 93653
  },
  {
    "seed": 93780
  },
  {
    "seed": 93795
  },
  {
    "seed": 93802
  },
  {
    "seed": 93837
  },
  {
    "seed": 93848
  },
  {
    "seed": 93870
  },
  {
    "seed": 93928
  },
  {
    "seed": 93936
  },
  {
    "seed": 93967
  },
  {
    "seed": 93976
  },
  {
    "seed": 94094
  },
  {
    "seed": 94105
  },
  {
    "seed": 94125
  },
  {
    "seed": 94357
  },
  {
    "seed": 94367
  },
  {
    "seed": 94379
  },
  {
    "seed": 94385
  },
  {
    "seed": 94437
  },
  {
    "seed": 94444
  },
  {
    "seed": 94452
  },
  {
    "seed": 94465
  },
  {
    "seed": 94475
  },
  {
    "seed": 94510
  },
  {
    "seed": 94525
  },
  {
    "seed": 94657
  },
  {
    "seed": 94679
  },
  {
    "seed": 94692
  },
  {
    "seed": 94705
  },
  {
    "seed": 94706
  },
  {
    "seed": 94800
  },
  {
    "seed": 94867
  },
  {
    "seed": 94892
  },
  {
    "seed": 94908
  },
  {
    "seed": 94924
  },
  {
    "seed": 94998
  },
  {
    "seed": 95023
  },
  {
    "seed": 95104
  },
  {
    "seed": 95113
  },
  {
    "seed": 95138
  },
  {
    "seed": 95157
  },
  {
    "seed": 95415
  },
  {
    "seed": 95431
  },
  {
    "seed": 95435
  },
  {
    "seed": 95500
  },
  {
    "seed": 95507
  },
  {
    "seed": 95585
  },
  {
    "seed": 95601
  },
  {
    "seed": 95640
  },
  {
    "seed": 95763
  },
  {
    "seed": 95770
  },
  {
    "seed": 95782
  },
  {
    "seed": 95812
  },
  {
    "seed": 95866
  },
  {
    "seed": 95956
  },
  {
    "seed": 96006
  },
  {
    "seed": 96092
  },
  {
    "seed": 96103
  },
  {
    "seed": 96211
  },
  {
    "seed": 96249
  },
  {
    "seed": 96277
  },
  {
    "seed": 96282
  },
  {
    "seed": 96297
  },
  {
    "seed": 96318
  },
  {
    "seed": 96382
  },
  {
    "seed": 96487
  },
  {
    "seed": 96524
  },
  {
    "seed": 96526
  },
  {
    "seed": 96570
  },
  {
    "seed": 96590
  },
  {
    "seed": 96710
  },
  {
    "seed": 96725
  },
  {
    "seed": 96738
  },
  {
    "seed": 96821
  },
  {
    "seed": 96822
  },
  {
    "seed": 96830
  },
  {
    "seed": 96838
  },
  {
    "seed": 96866
  },
  {
    "seed": 96922
  },
  {
    "seed": 97111
  },
  {
    "seed": 97125
  },
  {
    "seed": 97135
  },
  {
    "seed": 97190
  },
  {
    "seed": 97233
  },
  {
    "seed": 97283
  },
  {
    "seed": 97300
  },
  {
    "seed": 97437
  },
  {
    "seed": 97440
  },
  {
    "seed": 97555
  },
  {
    "seed": 97576
  },
  {
    "seed": 97619
  },
  {
    "seed": 97675
  },
  {
    "seed": 97702
  },
  {
    "seed": 97755
  },
  {
    "seed": 97857
  },
  {
    "seed": 97924
  },
  {
    "seed": 97940
  },
  {
    "seed": 97962
  },
  {
    "seed": 97972
  },
  {
    "seed": 97983
  },
  {
    "seed": 98051
  },
  {
    "seed": 98061
  },
  {
    "seed": 98150
  },
  {
    "seed": 98197
  },
  {
    "seed": 98237
  },
  {
    "seed": 98278
  },
  {
    "seed": 98351
  },
  {
    "seed": 98356
  },
  {
    "seed": 98392
  },
  {
    "seed": 98514
  },
  {
    "seed": 98602
  },
  {
    "seed": 98628
  },
  {
    "seed": 98763
  },
  {
    "seed": 98766
  },
  {
    "seed": 98931
  },
  {
    "seed": 98953
  },
  {
    "seed": 98983
  },
  {
    "seed": 99009
  },
  {
    "seed": 99019
  },
  {
    "seed": 99049
  },
  {
    "seed": 99061
  },
  {
    "seed": 99083
  },
  {
    "seed": 99203
  },
  {
    "seed": 99233
  },
  {
    "seed": 99302
  },
  {
    "seed": 99334
  },
  {
    "seed": 99354
  },
  {
    "seed": 99377
  },
  {
    "seed": 99390
  },
  {
    "seed": 99398
  },
  {
    "seed": 99407
  },
  {
    "seed": 99411
  },
  {
    "seed": 99418
  },
  {
    "seed": 99498
  },
  {
    "seed": 99502
  },
  {
    "seed": 99594
  },
  {
    "seed": 99614
  },
  {
    "seed": 99688
  },
  {
    "seed": 99689
  },
  {
    "seed": 99708
  },
  {
    "seed": 99765
  },
  {
    "seed": 99833
  },
  {
    "seed": 99858
  },
  {
    "seed": 99878
  },
  {
    "seed": 99906
  },
  {
    "seed": 99938
  }
]