[
  {
    "seed": 11
  },
  {
    "seed": 63
  },
  {
    "seed": 76
  },
  {
    "seed": 89
  },
  {
    "seed": 321
  },
  {
    "seed": 336
  },
  {
    "seed": 379
  },
  {
    "seed": 474
  },
  {
    "seed": 493
  },
  {
    "seed": 507
  },
  {
    "seed": 508
  },
  {
    "seed": 546
  },
  {
    "seed": 556
  },
  {
    "seed": 609
  },
  {
    "seed": 658
  },
  {
    "seed": 702
  },
  {
    "seed": 821
  },
  {
    "seed": 862
  },
  {
    "seed": 872
  },
  {
    "seed": 898
  },
  {
    "seed": 909
  },
  {
    "seed": 927
  },
  {
    "seed": 976
  },
  {
    "seed": 1066
  },
  {
    "seed": 1199
  },
  {
    "seed": 1260
  },
  {
    "seed": 1313
  },
  {
    "seed": 1323
  },
  {
    "seed": 1368
  },
  {
    "seed": 1394
  },
  {
    "seed": 1459
  },
  {
    "seed": 1626
  },
  {
    "seed": 1636
  },
  {
    "seed": 1689
  },
  {
    "seed": 1707
  },
  {
    "seed": 1789
  },
  {
    "seed": 1824
  },
  {
    "seed": 1861
  },
  {
    "seed": 1874
  },
  {
    "seed": 1937
  },
  {
    "seed": 1992
  },
  {
    "seed": 2016
  },
  {
    "seed": 2023
  },
  {
    "seed": 2206
  },
  {
    "seed": 2238
  },
  {
    "seed": 2321
  },
  {
    "seed": 2418
  },
  {
    "seed": 2455
  },
  {
    "seed": 2481
  },
  {
    "seed": 2533
  },
  {
    "seed": 2559
  },
  {
    "seed": 2567
  },
  {
    "seed": 2596
  },
  {
    "seed": 2605
  },
  {
    "seed": 2665
  },
  {
    "seed": 2672
  },
  {
    "seed": 2682
  },
  {
    "seed": 2701
  },
  {
    "seed": 2711
  },
  {
    "seed": 2812
  },
  {
    "seed": 2887
  },
  {
    "seed": 2905
  },
  {
    "seed": 2964
  },
  {
    "seed": 3142
  },
  {
    "seed": 3146
  },
  {
    "seed": 3177
  },
  {
    "seed": 3218
  },
  {
    "seed": 3241
  },
  {
    "seed": 3275
  },
  {
    "seed": 3279
  },
  {
    "seed": 3297
  },
  {
    "seed": 3317
  },
  {
    "seed": 3368
  },
  {
    "seed": 3381
  },
  {
    "seed": 3405
  },
  {
    "seed": 3477
  },
  {
    "seed": 3497
  },
  {
    "seed": 3502
  },
  {
    "seed": 3517
  },
  {
    "seed": 3557
  },
  {
    "seed": 3803
  },
  {
    "seed": 3833
  },
  {
    "seed": 3874
  },
  {
    "seed": 3902
  },
  {
    "seed": 3948
  },
  {
    "seed": 3998
  },
  {
    "seed": 4138
  },
  {
    "seed": 4151
  },
  {
    "seed": 4171
  },
  {
    "seed": 4209
  },
  {
    "seed": 4310
  },
  {
    "seed": 4319
  },
  {
    "seed": 4326
  },
  {
    "seed": 4542
  },
  {
    "seed": 4556
  },
  {
    "seed": 4745
  },
  {
    "seed": 4787
  },
  {
    "seed": 4796
  },
  {
    "seed": 4981
  },
  {
    "seed": 4982
  },
  {
    "seed": 4993
  },
  {
    "seed": 5032
  },
  {
    "seed": 5053
  },
  {
    "seed": 5119
  },
  {
    "seed": 5175
  },
  {
    "seed": 5223
  },
  {
    "seed": 5274
  },
  {
    "seed": 5291
  },
  {
    "seed": 5311
  },
  {
    "seed": 5312
  },
  {
    "seed": 5413
  },
  {
    "seed": 5424
  },
  {
    "seed": 5456
  },
  {
    "seed": 5465
  },
  {
    "seed": 5515
  },
  {
    "seed": 5551
  },
  {
    "seed": 5600
  },
  {
    "seed": 5609
  },
  {
    "seed": 5656
  },
  {
    "seed": 5755
  },
  {
    "seed": 5857
  },
  {
    "seed": 5952
  },
  {
    "seed": 5990
  },
  {
    "seed": 5996
  },
  {
    "seed": 6045
  },
  {
    "seed": 6100
  },
  {
    "seed": 6128
  },
  {
    "seed": 6153
  },
  {
    "seed": 6184
  },
  {
    "seed": 6343
  },
  {
    "seed": 6389
  },
  {
    "seed": 6492
  },
  {
    "seed": 6542
  },
  {
    "seed": 6578
  },
  {
    "seed": 6582
  },
  {
    "seed": 6644
  },
  {
    "seed": 6665
  },
  {
    "seed": 6695
  },
  {
    "seed": 6727
  },
  {
    "seed": 6792
  },
  {
    "seed": 6914
  },
  {
    "seed": 6922
  },
  {
    "seed": 7012
  },
  {
    "seed": 7028
  },
  {
    "seed": 7070
  },
  {
    "seed": 7073
  },
  {
    "seed": 7076
  },
  {
    "seed": 7090
  },
  {
    "seed": 7095
  },
  {
    "seed": 7118
  },
  {
    "seed": 7285
  },
  {
    "seed": 7287
  },
  {
    "seed": 7491
  },
  {
    "seed": 7533
  },
  {
    "seed": 7581
  },
  {
    "seed": 7598
  },
  {
    "seed": 7612
  },
  {
    "seed": 7617
  },
  {
    "seed": 7661
  },
  {
    "seed": 7672
  },
  {
    "seed": 7715
  },
  {
    "seed": 7738
  },
  {
    "seed": 7746
  },
  {
    "seed": 7755
  },
  {
    "seed": 7758
  },
  {
    "seed": 7821
  },
  {
    "seed": 7871
  },
  {
    "seed": 7881
  },
  {
    "seed": 7903
  },
  {
    "seed": 7955
  },
  {
    "seed": 7969
  },
  {
    "seed": 8064
  },
  {
    "seed": 8088
  },
  {
    "seed": 8121
  },
  {
    "seed": 8137
  },
  {
    "seed": 8203
  },
  {
    "seed": 8223
  },
  {
    "seed": 8241
  },
  {
    "seed": 8370
  },
  {
    "seed": 8511
  },
  {
    "seed": 8538
  },
  {
    "seed": 8556
  },
  {
    "seed": 8636
  },
  {
    "seed": 8736
  },
  {
    "seed": 8760
  },
  {
    "seed": 8791
  },
  {
    "seed": 8795
  },
  {
    "seed": 8825
  },
  {
    "seed": 8899
  },
  {
    "seed": 8905
  },
  {
    "seed": 9002
  },
  {
    "seed": 9079
  },
  {
    "seed": 9094
  },
  {
    "seed": 9177
  },
  {
    "seed": 9180
  },
  {
    "seed": 9291
  },
  {
    "seed": 9301
  },
  {
    "seed": 9383
  },
  {
    "seed": 9403
  },
  {
    "seed": 9463
  },
  {
    "seed": 9467
  },
  {
    "seed": 9554
  },
  {
    "seed": 9634
  },
  {
    "seed": 9642
  },
  {
    "seed": 9672
  },
  {
    "seed": 9709
  },
  {
    "seed": 9734
  },
  {
    "seed": 9748
  },
  {
    "seed": 9931
  },
  {
    "seed": 9959
  },
  {
    "seed": 9980
  },
  {
    "seed": 9986
  },
  {
    "seed": 9991
  },
  {
    "seed": 9992
  },
  {
    "seed": 10037
  },
  {
    "seed": 10044
  },
  {
    "seed": 10051
  },
  {
    "seed": 10060
  },
  {
    "seed": 10069
  },
  {
    "seed": 10132
  },
  {
    "seed": 10191
  },
  {
    "seed": 10240
  },
  {
    "seed": 10324
  },
  {
    "seed": 10359
  },
  {
    "seed": 10372
  },
  {
    "seed": 10431
  },
  {
    "seed": 10553
  },
  {
    "seed": 10618
  },
  {
    "seed": 10645
  },
  {
    "seed": 10680
  },
  {
    "seed": 10835
  },
  {
    "seed": 10836
  },
  {
    "seed": 10894
  },
  {
    "seed": 10955
  },
  {
    "seed": 10956
  },
  {
    "seed": 10959
  },
  {
    "seed": 11010
  },
  {
    "seed": 11055
  },
  {
    "seed": 11076
  },
  {
    "seed": 11125
  },
  {
    "seed": 11192
  },
  {
    "seed": 11222
  },
  {
    "seed": 11281
  },
  {
    "seed": 11324
  },
  {
    "seed": 11335
  },
  {
    "seed": 11432
  },
  {
    "seed": 11455
  },
  {
    "seed": 11476
  },
  {
    "seed": 11539
  },
  {
    "seed": 11604
  },
  {
    "seed": 11654
  },
  {
    "seed": 11656
  },
  {
    "seed": 11778
  },
  {
    "seed": 11788
  },
  {
    "seed": 11812
  },
  {
    "seed": 11884
  },
  {
    "seed": 11953
  },
  {
    "seed": 11974
  },
  {
    "seed": 11981
  },
  {
    "seed": 11989
  },
  {
    "seed": 11991
  },
  {
    "seed": 12013
  },
  {
    "seed": 12031
  },
  {
    "seed": 12054
  },
  {
    "seed": 12119
  },
  {
    "seed": 12205
  },
  {
    "seed": 12272
  },
  {
    "seed": 12334
  },
  {
    "seed": 12350
  },
  {
    "seed": 12373
  },
  {
    "seed": 12388
  },
  {
    "seed": 12718
  },
  {
    "seed": 12719
  },
  {
    "seed": 12759
  },
  {
    "seed": 12808
  },
  {
    "seed": 12872
  },
  {
    "seed": 12884
  },
  {
    "seed": 12890
  },
  {
    "seed": 12946
  },
  {
    "seed": 12959
  },
  {
    "seed": 12968
  },
  {
    "seed": 12997
  },
  {
    "seed": 13043
  },
  {
    "seed": 13151
  },
  {
    "seed": 13174
  },
  {
    "seed": 13178
  },
  {
    "seed": 13247
  },
  {
    "seed": 13263
  },
  {
    "seed": 13271
  },
  {
    "seed": 13275
  },
  {
    "seed": 13301
  },
  {
    "seed": 13302
  },
  {
    "seed": 13304
  },
  {
    "seed": 13331
  },
  {
    "seed": 13358
  },
  {
    "seed": 13362
  },
  {
    "seed": 13383
  },
  {
    "seed": 13445
  },
  {
    "seed": 13526
  },
  {
    "seed": 13541
  },
  {
    "seed": 13611
  },
  {
    "seed": 13633
  },
  {
    "seed": 13652
  },
  {
    "seed": 13662
  },
  {
    "seed": 13737
  },
  {
    "seed": 13747
  },
  {
    "seed": 13787
  },
  {
    "seed": 13800
  },
  {
    "seed": 13873
  },
  {
    "seed": 13890
  },
  {
    "seed": 13907
  },
  {
    "seed": 13926
  },
  {
    "seed": 13939
  },
  {
    "seed": 13968
  },
  {
    "seed": 13970
  },
  {
    "seed": 14069
  },
  {
    "seed": 14086
  },
  {
    "seed": 14098
  },
  {
    "seed": 14199
  },
  {
    "seed": 14213
  },
  {
    "seed": 14221
  },
  {
    "seed": 14296
  },
  {
    "seed": 14330
  },
  {
    "seed": 14473
  },
  {
    "seed": 14607
  },
  {
    "seed": 14669
  },
  {
    "seed": 14724
  },
  {
    "seed": 14777
  },
  {
    "seed": 14810
  },
  {
    "seed": 14846
  },
  {
    "seed": 14946
  },
  {
    "seed": 15038
  },
  {
    "seed": 15059
  },
  {
    "seed": 15225
  },
  {
    "seed": 15295
  },
  {
    "seed": 15357
  },
  {
    "seed": 15379
  },
  {
    "seed": 15395
  },
  {
    "seed": 15432
  },
  {
    "seed": 15461
  },
  {
    "seed": 15499
  },
  {
    "seed": 15510
  },
  {
    "seed": 15566
  },
  {
    "seed": 15573
  },
  {
    "seed": 15674
  },
  {
    "seed": 15698
  },
  {
    "seed": 15703
  },
  {
    "seed": 15764
  },
  {
    "seed": 15894
  },
  {
    "seed": 15901
  },
  {
    "seed": 15982
  },
  {
    "seed": 16009
  },
  {
    "seed": 16067
  },
  {
    "seed": 16129
  },
  {
    "seed": 16139
  },
  {
    "seed": 16229
  },
  {
    "seed": 16285
  },
  {
    "seed": 16312
  },
  {
    "seed": 16345
  },
  {
    "seed": 16457
  },
  {
    "seed": 16468
  },
  {
    "seed": 16497
  },
  {
    "seed": 16614
  },
  {
    "seed": 16695
  },
  {
    "seed": 16750
  },
  {
    "seed": 16790
  },
  {
    "seed": 16793
  },
  {
    "seed": 16795
  },
  {
    "seed": 16815
  },
  {
    "seed": 16831
  },
  {
    "seed": 16849
  },
  {
    "seed": 16884
  },
  {
    "seed": 16926
  },
  {
    "seed": 16948
  },
  {
    "seed": 16962
  },
  {
    "seed": 16990
  },
  {
    "seed": 16999
  },
  {
    "seed": 17079
  },
  {
    "seed": 17137
  },
  {
    "seed": 17234
  },
  {
    "seed": 17257
  },
  {
    "seed": 17266
  },
  {
    "seed": 17268
  },
  {
    "seed": 17288
  },
  {
    "seed": 17290
  },
  {
    "seed": 17325
  },
  {
    "seed": 17337
  },
  {
    "seed": 17365
  },
  {
    "seed": 17413
  },
  {
    "seed": 17497
  },
  {
    "seed": 17552
  },
  {
    "seed": 17640
  },
  {
    "seed": 17659
  },
  {
    "seed": 17761
  },
  {
    "seed": 17817
  },
  {
    "seed": 18038
  },
  {
    "seed": 18203
  },
  {
    "seed": 18249
  },
  {
    "seed": 18275
  },
  {
    "seed": 18307
  },
  {
    "seed": 18324
  },
  {
    "seed": 18626
  },
  {
    "seed": 18706
  },
  {
    "seed": 18761
  },
  {
    "seed": 18806
  },
  {
    "seed": 18817
  },
  {
    "seed": 18860
  },
  {
    "seed": 18883
  },
  {
    "seed": 18931
  },
  {
    "seed": 18932
  },
  {
    "seed": 18943
  },
  {
    "seed": 18986
  },
  {
    "seed": 19032
  },
  {
    "seed": 19050
  },
  {
    "seed": 19160
  },
  {
    "seed": 19218
  },
  {
    "seed": 19235
  },
  {
    "seed": 19239
  },
  {
    "seed": 19279
  },
  {
    "seed": 19282
  },
  {
    "seed": 19303
  },
  {
    "seed": 19310
  },
  {
    "seed": 19332
  },
  {
    "seed": 19363
  },
  {
    "seed": 19483
  },
  {
    "seed": 19516
  },
  {
    "seed": 19541
  },
  {
    "seed": 19556
  },
  {
    "seed": 19598
  },
  {
    "seed": 19611
  },
  {
    "seed": 19630
  },
  {
    "seed": 19662
  },
  {
    "seed": 19668
  },
  {
    "seed": 19723
  },
  {
    "seed": 19800
  },
  {
    "seed": 19845
  },
  {
    "seed": 19892
  },
  {
    "seed": 19951
  },
  {
    "seed": 19954
  },
  {
    "seed": 20077
  },
  {
    "seed": 20126
  },
  {
    "seed": 20135
  },
  {
    "seed": 20150
  },
  {
    "seed": 20222
  },
  {
    "seed": 20320
  },
  {
    "seed": 20326
  },
  {
    "seed": 20342
  },
  {
    "seed": 20348
  },
  {
    "seed": 20419
  },
  {
    "seed": 20459
  },
  {
    "seed": 20571
  },
  {
    "seed": 20585
  },
  {
    "seed": 20624
  },
  {
    "seed": 20660
  },
  {
    "seed": 20947
  },
  {
    "seed": 20951
  },
  {
    "seed": 21008
  },
  {
    "seed": 21054
  },
  {
    "seed": 21083
  },
  {
    "seed": 21121
  },
  {
    "seed": 21243
  },
  {
    "seed": 21246
  },
  {
    "seed": 21266
  },
  {
    "seed": 21309
  },
  {
    "seed": 21369
  },
  {
    "seed": 21375
  },
  {
    "seed": 21377
  },
  {
    "seed": 21408
  },
  {
    "seed": 21432
  },
  {
    "seed": 21437
  },
  {
    "seed": 21547
  },
  {
    "seed": 21548
  },
  {
    "seed": 21550
  },
  {
    "seed": 21594
  },
  {
    "seed": 21604
  },
  {
    "seed": 21636
  },
  {
    "seed": 21660
  },
  {
    "seed": 21669
  },
  {
    "seed": 21702
  },
  {
    "seed": 21715
  },
  {
    "seed": 21729
  },
  {
    "seed": 21736
  },
  {
    "seed": 21804
  },
  {
    "seed": 21856
  },
  {
    "seed": 21908
  },
  {
    "seed": 21951
  },
  {
    "seed": 22022
  },
  {
    "seed": 22050
  },
  {
    "seed": 22052
  },
  {
    "seed": 22119
  },
  {
    "seed": 22214
  },
  {
    "seed": 22242
  },
  {
    "seed": 22267
  },
  {
    "seed": 22276
  },
  {
    "seed": 22352
  },
  {
    "seed": 22391
  },
  {
    "seed": 22409
  },
  {
    "seed": 22416
  },
  {
    "seed": 22438
  },
  {
    "seed": 22646
  },
  {
    "seed": 22654
  },
  {
    "seed": 22675
  },
  {
    "seed": 22717
  },
  {
    "seed": 22724
  },
  {
    "seed": 22783
  },
  {
    "seed": 22815
  },
  {
    "seed": 22829
  },
  {
    "seed": 22856
  },
  {
    "seed": 22894
  },
  {
    "seed": 22936
  },
  {
    "seed": 23079
  },
  {
    "seed": 23107
  },
  {
    "seed": 23133
  },
  {
    "seed": 23233
  },
  {
    "seed": 23236
  },
  {
    "seed": 23361
  },
  {
    "seed": 23418
  },
  {
    "seed": 23473
  },
  {
    "seed": 23514
  },
  {
    "seed": 23562
  },
  {
    "seed": 23587
  },
  {
    "seed": 23610
  },
  {
    "seed": 23615
  },
  {
    "seed": 23620
  },
  {
    "seed": 23696
  },
  {
    "seed": 23700
  },
  {
    "seed": 23721
  },
  {
    "seed": 23728
  },
  {
    "seed": 23743
  },
  {
    "seed": 23781
  },
  {
    "seed": 23808
  },
  {
    "seed": 23814
  },
  {
    "seed": 23880
  },
  {
    "seed": 23954
  },
  {
    "seed": 24019
  },
  {
    "seed": 24041
  },
  {
    "seed": 24048
  },
  {
    "seed": 24077
  },
  {
    "seed": 24285
  },
  {
    "seed": 24301
  },
  {
    "seed": 24302
  },
  {
    "seed": 24332
  },
  {
    "seed": 24423
  },
  {
    "seed": 24452
  },
  {
    "seed": 24474
  },
  {
    "seed": 24483
  },
  {
    "seed": 24537
  },
  {
    "seed": 24538
  },
  {
    "seed": 24556
  },
  {
    "seed": 24572
  },
  {
    "seed": 24630
  },
  {
    "seed": 24660
  },
  {
    "seed": 24673
  },
  {
    "seed": 24683
  },
  {
    "seed": 24739
  },
  {
    "seed": 24745
  },
  {
    "seed": 24801
  },
  {
    "seed": 24815
  },
  {
    "seed": 24858
  },
  {
    "seed": 24957
  },
  {
    "seed": 25070
  },
  {
    "seed": 25106
  },
  {
    "seed": 25119
  },
  {
    "seed": 25179
  },
  {
    "seed": 25196
  },
  {
    "seed": 25272
  },
  {
    "seed": 25313
  },
  {
    "seed": 25315
  },
  {
    "seed": 25481
  },
  {
    "seed": 25554
  },
  {
    "seed": 25580
  },
  {
    "seed": 25627
  },
  {
    "seed": 25684
  },
  {
    "seed": 25760
  },
  {
    "seed": 25771
  },
  {
    "seed": 25822
  },
  {
    "seed": 25835
  },
  {
    "seed": 25841
  },
  {
    "seed": 25846
  },
  {
    "seed": 25878
  },
  {
    "seed": 25946
  },
  {
    "seed": 25951
  },
  {
    "seed": 25966
  },
  {
    "seed": 26004
  },
  {
    "seed": 26007
  },
  {
    "seed": 26035
  },
  {
    "seed": 26087
  },
  {
    "seed": 26154
  },
  {
    "seed": 26214
  },
  {
    "seed": 26226
  },
  {
    "seed": 26269
  },
  {
    "seed": 26342
  },
  {
    "seed": 26353
  },
  {
    "seed": 26372
  },
  {
    "seed": 26436
  },
  {
    "seed": 26517
  },
  {
    "seed": 26549
  },
  {
    "seed": 26588
  },
  {
    "seed": 26631
  },
  {
    "seed": 26634
  },
  {
    "seed": 26651
  },
  {
    "seed": 26684
  },
  {
    "seed": 26834
  },
  {
    "seed": 26857
  },
  {
    "seed": 26953
  },
  {
    "seed": 27023
  },
  {
    "seed": 27065
  },
  {
    "seed": 27073
  },
  {
    "seed": 27097
  },
  {
    "seed": 27128
  },
  {
    "seed": 27138
  },
  {
    "seed": 27189
  },
  {
    "seed": 27191
  },
  {
    "seed": 27246
  },
  {
    "seed": 27280
  },
  {
    "seed": 27329
  },
  {
    "seed": 27335
  },
  {
    "seed": 27351
  },
  {
    "seed": 27433
  },
  {
    "seed": 27491
  },
  {
    "seed": 27496
  },
  {
    "seed": 27514
  },
  {
    "seed": 27612
  },
  {
    "seed": 27783
  },
  {
    "seed": 27837
  },
  {
    "seed": 27868
  },
  {
    "seed": 27903
  },
  {
    "seed": 28119
  },
  {
    "seed": 28176
  },
  {
    "seed": 28197
  },
  {
    "seed": 28277
  },
  {
    "seed": 28282
  },
  {
    "seed": 28298
  },
  {
    "seed": 28329
  },
  {
    "seed": 28384
  },
  {
    "seed": 28519
  },
  {
    "seed": 28572
  },
  {
    "seed": 28592
  },
  {
    "seed": 28614
  },
  {
    "seed": 28890
  },
  {
    "seed": 29005
  },
  {
    "seed": 29055
  },
  {
    "seed": 29069
  },
  {
    "seed": 29143
  },
  {
    "seed": 29152
  },
  {
    "seed": 29190
  },
  {
    "seed": 29260
  },
  {
    "seed": 29287
  },
  {
    "seed": 29347
  },
  {
    "seed": 29352
  },
  {
    "seed": 29385
  },
  {
    "seed": 29395
  },
  {
    "seed": 29441
  },
  {
    "seed": 29515
  },
  {
    "seed": 29653
  },
  {
    "seed": 29789
  },
  {
    "seed": 29828
  },
  {
    "seed": 29898
  },
  {
    "seed": 29917
  },
  {
    "seed": 29973
  },
  {
    "seed": 29974
  },
  {
    "seed": 30013
  },
  {
    "seed": 30016
  },
  {
    "seed": 30034
  },
  {
    "seed": 30112
  },
  {
    "seed": 30163
  },
  {
    "seed": 30165
  },
  {
    "seed": 30186
  },
  {
    "seed": 30196
  },
  {
    "seed": 30210
  },
  {
    "seed": 30233
  },
  {
    "seed": 30244
  },
  {
    "seed": 30277
  },
  {
    "seed": 30307
  },
  {
    "seed": 30356
  },
  {
    "seed": 30381
  },
  {
    "seed": 30407
  },
  {
    "seed": 30411
  },
  {
    "seed": 30417
  },
  {
    "seed": 30515
  },
  {
    "seed": 30517
  },
  {
    "seed": 30523
  },
  {
    "seed": 30537
  },
  {
    "seed": 30556
  },
  {
    "seed": 30602
  },
  {
    "seed": 30609
  },
  {
    "seed": 30653
  },
  {
    "seed": 30790
  },
  {
    "seed": 30809
  },
  {
    "seed": 30815
  },
  {
    "seed": 30877
  },
  {
    "seed": 30989
  },
  {
    "seed": 30994
  },
  {
    "seed": 31033
  },
  {
    "seed": 31046
  },
  {
    "seed": 31075
  },
  {
    "seed": 31105
  },
  {
    "seed": 31162
  },
  {
    "seed": 31282
  },
  {
    "seed": 31287
  },
  {
    "seed": 31359
  },
  {
    "seed": 31490
  },
  {
    "seed": 31659
  },
  {
    "seed": 31694
  },
  {
    "seed": 31717
  },
  {
    "seed": 31739
  },
  {
    "seed": 31796
  },
  {
    "seed": 31818
  },
  {
    "seed": 31829
  },
  {
    "seed": 31913
  },
  {
    "seed": 31928
  },
  {
    "seed": 31947
  },
  {
    "seed": 31979
  },
  {
    "seed": 31983
  },
  {
    "seed": 32054
  },
  {
    "seed": 32069
  },
  {
    "seed": 32092
  },
  {
    "seed": 32102
  },
  {
    "seed": 32208
  },
  {
    "seed": 32242
  },
  {
    "seed": 32321
  },
  {
    "seed": 32356
  },
  {
    "seed": 32468
  },
  {
    "seed": 32525
  },
  {
    "seed": 32539
  },
  {
    "seed": 32549
  },
  {
    "seed": 32606
  },
  {
    "seed": 32687
  },
  {
    "seed": 32693
  },
  {
    "seed": 32778
  },
  {
    "seed": 32785
  },
  {
    "seed": 32805
  },
  {
    "seed": 32841
  },
  {
    "seed": 32877
  },
  {
    "seed": 32914
  },
  {
    "seed": 32920
  },
  {
    "seed": 32922
  },
  {
    "seed": 33005
  },
  {
    "seed": 33009
  },
  {
    "seed": 33151
  },
  {
    "seed": 33190
  },
  {
    "seed": 33221
  },
  {
    "seed": 33246
  },
  {
    "seed": 33360
  },
  {
    "seed": 33385
  },
  {
    "seed": 33419
  },
  {
    "seed": 33489
  },
  {
    "seed": 33564
  },
  {
    "seed": 33590
  },
  {
    "seed": 33718
  },
  {
    "seed": 33807
  },
  {
    "seed": 33848
  },
  {
    "seed": 33852
  },
  {
    "seed": 33860
  },
  {
    "seed": 33895
  },
  {
    "seed": 33903
  },
  {
    "seed": 33933
  },
  {
    "seed": 33940
  },
  {
    "seed": 33951
  },
  {
    "seed": 33986
  },
  {
    "seed": 33989
  },
  {
    "seed": 34100
  },
  {
    "seed": 34139
  },
  {
    "seed": 34227
  },
  {
    "seed": 34275
  },
  {
    "seed": 34358
  },
  {
    "seed": 34401
  },
  {
    "seed": 34406
  },
  {
    "seed": 34489
  },
  {
    "seed": 34536
  },
  {
    "seed": 34642
  },
  {
    "seed": 34687
  },
  {
    "seed": 34691
  },
  {
    "seed": 34721
  },
  {
    "seed": 34950
  },
  {
    "seed": 34952
  },
  {
    "seed": 35034
  },
  {
    "seed": 35097
  },
  {
    "seed": 35107
  },
  {
    "seed": 35148
  },
  {
    "seed": 35217
  },
  {
    "seed": 35347
  },
  {
    "seed": 35376
  },
  {
    "seed": 35414
  },
  {
    "seed": 35456
  },
  {
    "seed": 35517
  },
  {
    "seed": 35749
  },
  {
    "seed": 35775
  },
  {
    "seed": 35777
  },
  {
    "seed": 35850
  },
  {
    "seed": 35913
  },
  {
    "seed": 35920
  },
  {
    "seed": 35992
  },
  {
    "seed": 36035
  },
  {
    "seed": 36051
  },
  {
    "seed": 36109
  },
  {
    "seed": 36193
  },
  {
    "seed": 36208
  },
  {
    "seed": 36220
  },
  {
    "seed": 36251
  },
  {
    "seed": 36262
  },
  {
    "seed": 36265
  },
  {
    "seed": 36296
  },
  {
    "seed": 36301
  },
  {
    "seed": 36478
  },
  {
    "seed": 36548
  },
  {
    "seed": 36557
  },
  {
    "seed": 36565
  },
  {
    "seed": 36567
  },
  {
    "seed": 36650
  },
  {
    "seed": 36652
  },
  {
    "seed": 36794
  },
  {
    "seed": 36828
  },
  {
    "seed": 36844
  },
  {
    "seed": 36947
  },
  {
    "seed": 36976
  },
  {
    "seed": 37007
  },
  {
    "seed": 37019
  },
  {
    "seed": 37026
  },
  {
    "seed": 37034
  },
  {
    "seed": 37098
  },
  {
    "seed": 37105
  },
  {
    "seed": 37109
  },
  {
    "seed": 37230
  },
  {
    "seed": 37407
  },
  {
    "seed": 37422
  },
  {
    "seed": 37442
  },
  {
    "seed": 37491
  },
  {
    "seed": 37547
  },
  {
    "seed": 37601
  },
  {
    "seed": 37607
  },
  {
    "seed": 37749
  },
  {
    "seed": 37765
  },
  {
    "seed": 38014
  },
  {
    "seed": 38041
  },
  {
    "seed": 38054
  },
  {
    "seed": 38057
  },
  {
    "seed": 38128
  },
  {
    "seed": 38131
  },
  {
    "seed": 38150
  },
  {
    "seed": 38165
  },
  {
    "seed": 38232
  },
  {
    "seed": 38258
  },
  {
    "seed": 38278
  },
  {
    "seed": 38338
  },
  {
    "seed": 38383
  },
  {
    "seed": 38398
  },
  {
    "seed": 38456
  },
  {
    "seed": 38523
  },
  {
    "seed": 38649
  },
  {
    "seed": 38660
  },
  {
    "seed": 38773
  },
  {
    "seed": 38839
  },
  {
    "seed": 38842
  },
  {
    "seed": 38847
  },
  {
    "seed": 38850
  },
  {
    "seed": 38878
  },
  {
    "seed": 38898
  },
  {
    "seed": 39079
  },
  {
    "seed": 39081
  },
  {
    "seed": 39292
  },
  {
    "seed": 39331
  },
  {
    "seed": 39361
  },
  {
    "seed": 39437
  },
  {
    "seed": 39510
  },
  {
    "seed": 39528
  },
  {
    "seed": 39530
  },
  {
    "seed": 39585
  },
  {
    "seed": 39598
  },
  {
    "seed": 39601
  },
  {
    "seed": 39644
  },
  {
    "seed": 39709
  },
  {
    "seed": 39754
  },
  {
    "seed": 39756
  },
  {
    "seed": 39890
  },
  {
    "seed": 39910
  },
  {
    "seed": 40016
  },
  {
    "seed": 40043
  },
  {
    "seed": 40138
  },
  {
    "seed": 40202
  },
  {
    "seed": 40226
  },
  {
    "seed": 40228
  },
  {
    "seed": 40236
  },
  {
    "seed": 40261
  },
  {
    "seed": 40306
  },
  {
    "seed": 40480
  },
  {
    "seed": 40490
  },
  {
    "seed": 40510
  },
  {
    "seed": 40560
  },
  {
    "seed": 40612
  },
  {
    "seed": 40632
  },
  {
    "seed": 40651
  },
  {
    "seed": 40721
  },
  {
    "seed": 40747
  },
  {
    "seed": 40755
  },
  {
    "seed": 40806
  },
  {
    "seed": 40850
  },
  {
    "seed": 40889
  },
  {
    "seed": 41028
  },
  {
    "seed": 41029
  },
  {
    "seed": 41074
  },
  {
    "seed": 41116
  },
  {
    "seed": 41151
  },
  {
    "seed": 41184
  },
  {
    "seed": 41192
  },
  {
    "seed": 41224
  },
  {
    "seed": 41227
  },
  {
    "seed": 41237
  },
  {
    "seed": 41289
  },
  {
    "seed": 41297
  },
  {
    "seed": 41342
  },
  {
    "seed": 41351
  },
  {
    "seed": 41460
  },
  {
    "seed": 41512
  },
  {
    "seed": 41540
  },
  {
    "seed": 41573
  },
  {
    "seed": 41586
  },
  {
    "seed": 41636
  },
  {
    "seed": 41644
  },
  {
    "seed": 41674
  },
  {
    "seed": 41677
  },
  {
    "seed": 41684
  },
  {
    "seed": 41698
  },
  {
    "seed": 41847
  },
  {
    "seed": 41898
  },
  {
    "seed": 41924
  },
  {
    "seed": 41993
  },
  {
    "seed": 42008
  },
  {
    "seed": 42029
  },
  {
    "seed": 42035
  },
  {
    "seed": 42040
  },
  {
    "seed": 42109
  },
  {
    "seed": 42114
  },
  {
    "seed": 42176
  },
  {
    "seed": 42189
  },
  {
    "seed": 42194
  },
  {
    "seed": 42399
  },
  {
    "seed": 42406
  },
  {
    "seed": 42547
  },
  {
    "seed": 42571
  },
  {
    "seed": 42578
  },
  {
    "seed": 42612
  },
  {
    "seed": 42666
  },
  {
    "seed": 42719
  },
  {
    "seed": 42790
  },
  {
    "seed": 42921
  },
  {
    "seed": 42966
  },
  {
    "seed": 42973
  },
  {
    "seed": 43001
  },
  {
    "seed": 43031
  },
  {
    "seed": 43084
  },
  {
    "seed": 43184
  },
  {
    "seed": 43220
  },
  {
    "seed": 43266
  },
  {
    "seed": 43386
  },
  {
    "seed": 43406
  },
  {
    "seed": 43409
  },
  {
    "seed": 43415
  },
  {
    "seed": 43431
  },
  {
    "seed": 43507
  },
  {
    "seed": 43545
  },
  {
    "seed": 43581
  },
  {
    "seed": 43652
  },
  {
    "seed": 43751
  },
  {
    "seed": 43812
  },
  {
    "seed": 43909
  },
  {
    "seed": 43982
  },
  {
    "seed": 44035
  },
  {
    "seed": 44082
  },
  {
    "seed": 44093
  },
  {
    "seed": 44217
  },
  {
    "seed": 44250
  },
  {
    "seed": 44279
  },
  {
    "seed": 44287
  },
  {
    "seed": 44312
  },
  {
    "seed": 44389
  },
  {
    "seed": 44435
  },
  {
    "seed": 44445
  },
  {
    "seed": 44505
  },
  {
    "seed": 44544
  },
  {
    "seed": 44596
  },
  {
    "seed": 44602
  },
  {
    "seed": 44630
  },
  {
    "seed": 44633
  },
  {
    "seed": 44647
  },
  {
    "seed": 44710
  },
  {
    "seed": 44826
  },
  {
    "seed": 44845
  },
  {
    "seed": 44869
  },
  {
    "seed": 44948
  },
  {
    "seed": 44962
  },
  {
    "seed": 44969
  },
  {
    "seed": 45057
  },
  {
    "seed": 45114
  },
  {
    "seed": 45124
  },
  {
    "seed": 45136
  },
  {
    "seed": 45196
  },
  {
    "seed": 45295
  },
  {
    "seed": 45325
  },
  {
    "seed": 45351
  },
  {
    "seed": 45437
  },
  {
    "seed": 45552
  },
  {
    "seed": 45576
  },
  {
    "seed": 45599
  },
  {
    "seed": 45637
  },
  {
    "seed": 45782
  },
  {
    "seed": 45796
  },
  {
    "seed": 45908
  },
  {
    "seed": 45952
  },
  {
    "seed": 45992
  },
  {
    "seed": 46024
  },
  {
    "seed": 46072
  },
  {
    "seed": 46108
  },
  {
    "seed": 46118
  },
  {
    "seed": 46180
  },
  {
    "seed": 46189
  },
  {
    "seed": 46307
  },
  {
    "seed": 46329
  },
  {
    "seed": 46504
  },
  {
    "seed": 46522
  },
  {
    "seed": 46537
  },
  {
    "seed": 46660
  },
  {
    "seed": 46680
  },
  {
    "seed": 46684
  },
  {
    "seed": 46758
  },
  {
    "seed": 46815
  },
  {
    "seed": 46848
  },
  {
    "seed": 46933
  },
  {
    "seed": 47010
  },
  {
    "seed": 47037
  },
  {
    "seed": 47050
  },
  {
    "seed": 47063
  },
  {
    "seed": 47124
  },
  {
    "seed": 47164
  },
  {
    "seed": 47177
  },
  {
    "seed": 47180
  },
  {
    "seed": 47189
  },
  {
    "seed": 47190
  },
  {
    "seed": 47304
  },
  {
    "seed": 47312
  },
  {
    "seed": 47366
  },
  {
    "seed": 47385
  },
  {
    "seed": 47420
  },
  {
    "seed": 47422
  },
  {
    "seed": 47425
  },
  {
    "seed": 47442
  },
  {
    "seed": 47510
  },
  {
    "seed": 47516
  },
  {
    "seed": 47523
  },
  {
    "seed": 47525
  },
  {
    "seed": 47567
  },
  {
    "seed": 47583
  },
  {
    "seed": 47690
  },
  {
    "seed": 47745
  },
  {
    "seed": 47812
  },
  {
    "seed": 47853
  },
  {
    "seed": 47863
  },
  {
    "seed": 47869
  },
  {
    "seed": 47951
  },
  {
    "seed": 47958
  },
  {
    "seed": 47979
  },
  {
    "seed": 47997
  },
  {
    "seed": 47999
  },
  {
    "seed": 48016
  },
  {
    "seed": 48046
  },
  {
    "seed": 48089
  },
  {
    "seed": 48134
  },
  {
    "seed": 48191
  },
  {
    "seed": 48206
  },
  {
    "seed": 48213
  },
  {
    "seed": 48372
  },
  {
    "seed": 48405
  },
  {
    "seed": 48418
  },
  {
    "seed": 48609
  },
  {
    "seed": 48659
  },
  {
    "seed": 48719
  },
  {
    "seed": 48731
  },
  {
    "seed": 48738
  },
  {
    "seed": 48758
  },
  {
    "seed": 48814
  },
  {
    "seed": 48858
  },
  {
    "seed": 48930
  },
  {
    "seed": 48940
  },
  {
    "seed": 48971
  },
  {
    "seed": 49018
  },
  {
    "seed": 49032
  },
  {
    "seed": 49036
  },
  {
    "seed": 49082
  },
  {
    "seed": 49095
  },
  {
    "seed": 49190
  },
  {
    "seed": 49201
  },
  {
    "seed": 49304
  },
  {
    "seed": 49351
  },
  {
    "seed": 49371
  },
  {
    "seed": 49423
  },
  {
    "seed": 49475
  },
  {
    "seed": 49488
  },
  {
    "seed": 49576
  },
  {
    "seed": 49598
  },
  {
    "seed": 49624
  },
  {
    "seed": 49656
  },
  {
    "seed": 49728
  },
  {
    "seed": 49754
  },
  {
    "seed": 49776
  },
  {
    "seed": 49789
  },
  {
    "seed": 49814
  },
  {
    "seed": 49923
  },
  {
    "seed": 49954
  },
  {
    "seed": 49976
  },
  {
    "seed": 50032
  },
  {
    "seed": 50162
  },
  {
    "seed": 50189
  },
  {
    "seed": 50198
  },
  {
    "seed": 50219
  },
  {
    "seed": 50256
  },
  {
    "seed": 50280
  },
  {
    "seed": 50320
  },
  {
    "seed": 50338
  },
  {
    "seed": 50346
  },
  {
    "seed": 50362
  },
  {
    "seed": 50409
  },
  {
    "seed": 50416
  },
  {
    "seed": 50489
  },
  {
    "seed": 50526
  },
  {
    "seed": 50546
  },
  {
    "seed": 50584
  },
  {
    "seed": 50630
  },
  {
    "seed": 50755
  },
  {
    "seed": 50828
  },
  {
    "seed": 50844
  },
  {
    "seed": 50848
  },
  {
    "seed": 50903
  },
  {
    "seed": 50924
  },
  {
    "seed": 51062
  },
  {
    "seed": 51091
  },
  {
    "seed": 51099
  },
  {
    "seed": 51138
  },
  {
    "seed": 51255
  },
  {
    "seed": 51275
  },
  {
    "seed": 51287
  },
  {
    "seed": 51356
  },
  {
    "seed": 51418
  },
  {
    "seed": 51471
  },
  {
    "seed": 51545
  },
  {
    "seed": 51558
  },
  {
    "seed": 51569
  },
  {
    "seed": 51633
  },
  {
    "seed": 51634
  },
  {
    "seed": 51661
  },
  {
    "seed": 51679
  },
  {
    "seed": 51699
  },
  {
    "seed": 51704
  },
  {
    "seed": 51718
  },
  {
    "seed": 51736
  },
  {
    "seed": 51769
  },
  {
    "seed": 51780
  },
  {
    "seed": 51792
  },
  {
    "seed": 51801
  },
  {
    "seed": 51918
  },
  {
    "seed": 51929
  },
  {
    "seed": 51947
  },
  {
    "seed": 51949
  },
  {
    "seed": 52002
  },
  {
    "seed": 52027
  },
  {
    "seed": 52053
  },
  {
    "seed": 52054
  },
  {
    "seed": 52305
  },
  {
    "seed": 52339
  },
  {
    "seed": 52346
  },
  {
    "seed": 52443
  },
  {
    "seed": 52479
  },
  {
    "seed": 52490
  },
  {
    "seed": 52556
  },
  {
    "seed": 52566
  },
  {
    "seed": 52596
  },
  {
    "seed": 52619
  },
  {
    "seed": 52625
  },
  {
    "seed": 52668
  },
  {
    "seed": 52758
  },
  {
    "seed": 52823
  },
  {
    "seed": 52848
  },
  {
    "seed": 53020
  },
  {
    "seed": 53065
  },
  {
    "seed": 53147
  },
  {
    "seed": 53191
  },
  {
    "seed": 53219
  },
  {
    "seed": 53313
  },
  {
    "seed": 53358
  },
  {
    "seed": 53391
  },
  {
    "seed": 53393
  },
  {
    "seed": 53414
  },
  {
    "seed": 53416
  },
  {
    "seed": 53431
  },
  {
    "seed": 53466
  },
  {
    "seed": 53590
  },
  {
    "seed": 53610
  },
  {
    "seed": 53622
  },
  {
    "seed": 53629
  },
  {
    "seed": 53633
  },
  {
    "seed": 53710
  },
  {
    "seed": 53756
  },
  {
    "seed": 53772
  },
  {
    "seed": 53777
  },
  {
    "seed": 53845
  },
  {
    "seed": 53866
  },
  {
    "seed": 53929
  },
  {
    "seed": 54010
  },
  {
    "seed": 54049
  },
  {
    "seed": 54138
  },
  {
    "seed": 54156
  },
  {
    "seed": 54190
  },
  {
    "seed": 54237
  },
  {
    "seed": 54249
  },
  {
    "seed": 54270
  },
  {
    "seed": 54272
  },
  {
    "seed": 54312
  },
  {
    "seed": 54328
  },
  {
    "seed": 54346
  },
  {
    "seed": 54414
  },
  {
    "seed": 54419
  },
  {
    "seed": 54467
  },
  {
    "seed": 54479
  },
  {
    "seed": 54531
  },
  {
    "seed": 54589
  },
  {
    "seed": 54603
  },
  {
    "seed": 54613
  },
  {
    "seed": 54636
  },
  {
    "seed": 54789
  },
  {
    "seed": 54838
  },
  {
    "seed": 54904
  },
  {
    "seed": 54967
  },
  {
    "seed": 55008
  },
  {
    "seed": 55013
  },
  {
    "seed": 55088
  },
  {
    "seed": 55145
  },
  {
    "seed": 55155
  },
  {
    "seed": 55178
  },
  {
    "seed": 55193
  },
  {
    "seed": 55198
  },
  {
    "seed": 55287
  },
  {
    "seed": 55337
  },
  {
    "seed": 55339
  },
  {
    "seed": 55420
  },
  {
    "seed": 55432
  },
  {
    "seed": 55477
  },
  {
    "seed": 55517
  },
  {
    "seed": 55557
  },
  {
    "seed": 55640
  },
  {
    "seed": 55672
  },
  {
    "seed": 55705
  },
  {
    "seed": 55814
  },
  {
    "seed": 55817
  },
  {
    "seed": 55825
  },
  {
    "seed": 55829
  },
  {
    "seed": 55873
  },
  {
    "seed": 55895
  },
  {
    "seed": 56043
  },
  {
    "seed": 56083
  },
  {
    "seed": 56104
  },
  {
    "seed": 56135
  },
  {
    "seed": 56226
  },
  {
    "seed": 56282
  },
  {
    "seed": 56295
  },
  {
    "seed": 56415
  },
  {
    "seed": 56417
  },
  {
    "seed": 56446
  },
  {
    "seed": 56449
  },
  {
    "seed": 56467
  },
  {
    "seed": 56567
  },
  {
    "seed": 56614
  },
  {
    "seed": 56630
  },
  {
    "seed": 56647
  },
  {
    "seed": 56679
  },
  {
    "seed": 56718
  },
  {
    "seed": 56802
  },
  {
    "seed": 56960
  },
  {
    "seed": 56998
  },
  {
    "seed": 57007
  },
  {
    "seed": 57034
  },
  {
    "seed": 57054
  },
  {
    "seed": 57057
  },
  {
    "seed": 57125
  },
  {
    "seed": 57165
  },
  {
    "seed": 57192
  },
  {
    "seed": 57287
  },
  {
    "seed": 57325
  },
  {
    "seed": 57336
  },
  {
    "seed": 57481
  },
  {
    "seed": 57570
  },
  {
    "seed": 57582
  },
  {
    "seed": 57616
  },
  {
    "seed": 57644
  },
  {
    "seed": 57649
  },
  {
    "seed": 57660
  },
  {
    "seed": 57703
  },
  {
    "seed": 57735
  },
  {
    "seed": 57760
  },
  {
    "seed": 57789
  },
  {
    "seed": 57906
  },
  {
    "seed": 57919
  },
  {
    "seed": 57931
  },
  {
    "seed": 58212
  },
  {
    "seed": 58314
  },
  {
    "seed": 58327
  },
  {
    "seed": 58365
  },
  {
    "seed": 58403
  },
  {
    "seed": 58460
  },
  {
    "seed": 58508
  },
  {
    "seed": 58515
  },
  {
    "seed": 58538
  },
  {
    "seed": 58761
  },
  {
    "seed": 58793
  },
  {
    "seed": 58929
  },
  {
    "seed": 58949
  },
  {
    "seed": 58953
  },
  {
    "seed": 58954
  },
  {
    "seed": 58991
  },
  {
    "seed": 58994
  },
  {
    "seed": 59116
  },
  {
    "seed": 59143
  },
  {
    "seed": 59196
  },
  {
    "seed": 59200
  },
  {
    "seed": 59219
  },
  {
    "seed": 59342
  },
  {
    "seed": 59408
  },
  {
    "seed": 59494
  },
  {
    "seed": 59560
  },
  {
    "seed": 59588
  },
  {
    "seed": 59614
  },
  {
    "seed": 59628
  },
  {
    "seed": 59704
  },
  {
    "seed": 59713
  },
  {
    "seed": 59733
  },
  {
    "seed": 59755
  },
  {
    "seed": 59764
  },
  {
    "seed": 59781
  },
  {
    "seed": 59800
  },
  {
    "seed": 59801
  },
  {
    "seed": 59805
  },
  {
    "seed": 59838
  },
  {
    "seed": 59865
  },
  {
    "seed": 59880
  },
  {
    "seed": 59899
  },
  {
    "seed": 59913
  },
  {
    "seed": 59942
  },
  {
    "seed": 59999
  },
  {
    "seed": 60009
  },
  {
    "seed": 60039
  },
  {
    "seed": 60046
  },
  {
    "seed": 60084
  },
  {
    "seed": 60098
  },
  {
    "seed": 60119
  },
  {
    "seed": 60128
  },
  {
    "seed": 60137
  },
  {
    "seed": 60145
  },
  {
    "seed": 60169
  },
  {
    "seed": 60177
  },
  {
    "seed": 60291
  },
  {
    "seed": 60389
  },
  {
    "seed": 60399
  },
  {
    "seed": 60447
  },
  {
    "seed": 60559
  },
  {
    "seed": 60589
  },
  {
    "seed": 60624
  },
  {
    "seed": 60648
  },
  {
    "seed": 60649
  },
  {
    "seed": 60692
  },
  {
    "seed": 60776
  },
  {
    "seed": 60781
  },
  {
    "seed": 60842
  },
  {
    "seed": 60859
  },
  {
    "seed": 60860
  },
  {
    "seed": 60915
  },
  {
    "seed": 60938
  },
  {
    "seed": 61074
  },
  {
    "seed": 61082
  },
  {
    "seed": 61084
  },
  {
    "seed": 61112
  },
  {
    "seed": 61147
  },
  {
    "seed": 61333
  },
  {
    "seed": 61345
  },
  {
    "seed": 61419
  },
  {
    "seed": 61472
  },
  {
    "seed": 61493
  },
  {
    "seed": 61503
  },
  {
    "seed": 61560
  },
  {
    "seed": 61572
  },
  {
    "seed": 61637
  },
  {
    "seed": 61664
  },
  {
    "seed": 61670
  },
  {
    "seed": 61677
  },
  {
    "seed": 61760
  },
  {
    "seed": 61770
  },
  {
    "seed": 61796
  },
  {
    "seed": 61806
  },
  {
    "seed": 61819
  },
  {
    "seed": 61821
  },
  {
    "seed": 61861
  },
  {
    "seed": 61883
  },
  {
    "seed": 61885
  },
  {
    "seed": 61917
  },
  {
    "seed": 61922
  },
  {
    "seed": 61929
  },
  {
    "seed": 62127
  },
  {
    "seed": 62150
  },
  {
    "seed": 62185
  },
  {
    "seed": 62189
  },
  {
    "seed": 62223
  },
  {
    "seed": 62261
  },
  {
    "seed": 62266
  },
  {
    "seed": 62280
  },
  {
    "seed": 62289
  },
  {
    "seed": 62342
  },
  {
    "seed": 62355
  },
  {
    "seed": 62472
  },
  {
    "seed": 62530
  },
  {
    "seed": 62583
  },
  {
    "seed": 62805
  },
  {
    "seed": 62833
  },
  {
    "seed": 62850
  },
  {
    "seed": 62853
  },
  {
    "seed": 62959
  },
  {
    "seed": 63062
  },
  {
    "seed": 63152
  },
  {
    "seed": 63170
  },
  {
    "seed": 63253
  },
  {
    "seed": 63297
  },
  {
    "seed": 63323
  },
  {
    "seed": 63356
  },
  {
    "seed": 63381
  },
  {
    "seed": 63410
  },
  {
    "seed": 63420
  },
  {
    "seed": 63437
  },
  {
    "seed": 63503
  },
  {
    "seed": 63510
  },
  {
    "seed": 63519
  },
  {
    "seed": 63581
  },
  {
    "seed": 63631
  },
  {
    "seed": 63632
  },
  {
    "seed": 63672
  },
  {
    "seed": 63704
  },
  {
    "seed": 63733
  },
  {
    "seed": 63799
  },
  {
    "seed": 63819
  },
  {
    "seed": 63867
  },
  {
    "seed": 64024
  },
  {
    "seed": 64087
  },
  {
    "seed": 64097
  },
  {
    "seed": 64131
  },
  {
    "seed": 64135
  },
  {
    "seed": 64321
  },
  {
    "seed": 64344
  },
  {
    "seed": 64396
  },
  {
    "seed": 64419
  },
  {
    "seed": 64625
  },
  {
    "seed": 64641
  },
  {
    "seed": 64647
  },
  {
    "seed": 64712
  },
  {
    "seed": 64714
  },
  {
    "seed": 64756
  },
  {
    "seed": 64810
  },
  {
    "seed": 64957
  },
  {
    "seed": 65006
  },
  {
    "seed": 65058
  },
  {
    "seed": 65066
  },
  {
    "seed": 65249
  },
  {
    "seed": 65302
  },
  {
    "seed": 65376
  },
  {
    "seed": 65410
  },
  {
    "seed": 65427
  },
  {
    "seed": 65454
  },
  {
    "seed": 65613
  },
  {
    "seed": 65649
  },
  {
    "seed": 65767
  },
  {
    "seed": 65780
  },
  {
    "seed": 65821
  },
  {
    "seed": 65851
  },
  {
    "seed": 65930
  },
  {
    "seed": 66031
  },
  {
    "seed": 66035
  },
  {
    "seed": 66066
  },
  {
    "seed": 66094
  },
  {
    "seed": 66134
  },
  {
    "seed": 66176
  },
  {
    "seed": 66313
  },
  {
    "seed": 66317
  },
  {
    "seed": 66334
  },
  {
    "seed": 66353
  },
  {
    "seed": 66357
  },
  {
    "seed": 66367
  },
  {
    "seed": 66385
  },
  {
    "seed": 66401
  },
  {
    "seed": 66447
  },
  {
    "seed": 66521
  },
  {
    "seed": 66556
  },
  {
    "seed": 66585
  },
  {
    "seed": 66644
  },
  {
    "seed": 66731
  },
  {
    "seed": 66749
  },
  {
    "seed": 66771
  },
  {
    "seed": 66794
  },
  {
    "seed": 66841
  },
  {
    "seed": 66893
  },
  {
    "seed": 66959
  },
  {
    "seed": 66965
  },
  {
    "seed": 66978
  },
  {
    "seed": 67062
  },
  {
    "seed": 67068
  },
  {
    "seed": 67106
  },
  {
    "seed": 67145
  },
  {
    "seed": 67180
  },
  {
    "seed": 67215
  },
  {
    "seed": 67301
  },
  {
    "seed": 67337
  },
  {
    "seed": 67371
  },
  {
    "seed": 67461
  },
  {
    "seed": 67469
  },
  {
    "seed": 67525
  },
  {
    "seed": 67562
  },
  {
    "seed": 67628
  },
  {
    "seed": 67646
  },
  {
    "seed": 67651
  },
  {
    "seed": 67694
  },
  {
    "seed": 67722
  },
  {
    "seed": 67733
  },
  {
    "seed": 67784
  },
  {
    "seed": 67798
  },
  {
    "seed": 67808
  },
  {
    "seed": 67854
  },
  {
    "seed": 67924
  },
  {
    "seed": 67932
  },
  {
    "seed": 67944
  },
  {
    "seed": 67984
  },
  {
    "seed": 68000
  },
  {
    "seed": 68040
  },
  {
    "seed": 68060
  },
  {
    "seed": 68124
  },
  {
    "seed": 68202
  },
  {
    "seed": 68220
  },
  {
    "seed": 68237
  },
  {
    "seed": 68253
  },
  {
    "seed": 68266
  },
  {
    "seed": 68335
  },
  {
    "seed": 68368
  },
  {
    "seed": 68461
  },
  {
    "seed": 68483
  },
  {
    "seed": 68494
  },
  {
    "seed": 68533
  },
  {
    "seed": 68544
  },
  {
    "seed": 68545
  },
  {
    "seed": 68590
  },
  {
    "seed": 68663
  },
  {
    "seed": 68668
  },
  {
    "seed": 68699
  },
  {
    "seed": 68874
  },
  {
    "seed": 68880
  },
  {
    "seed": 68901
  },
  {
    "seed": 68935
  },
  {
    "seed": 68981
  },
  {
    "seed": 69070
  },
  {
    "seed": 69072
  },
  {
    "seed": 69086
  },
  {
    "seed": 69128
  },
  {
    "seed": 69167
  },
  {
    "seed": 69194
  },
  {
    "seed": 69210
  },
  {
    "seed": 69230
  },
  {
    "seed": 69273
  },
  {
    "seed": 69299
  },
  {
    "seed": 69370
  },
  {
    "seed": 69444
  },
  {
    "seed": 69490
  },
  {
    "seed": 69516
  },
  {
    "seed": 69528
  },
  {
    "seed": 69571
  },
  {
    "seed": 69582
  },
  {
    "seed": 69631
  },
  {
    "seed": 69696
  },
  {
    "seed": 69699
  },
  {
    "seed": 69707
  },
  {
    "seed": 69735
  },
  {
    "seed": 69750
  },
  {
    "seed": 69763
  },
  {
    "seed": 69779
  },
  {
    "seed": 69854
  },
  {
    "seed": 69882
  },
  {
    "seed": 69896
  },
  {
    "seed": 69906
  },
  {
    "seed": 69939
  },
  {
    "seed": 70019
  },
  {
    "seed": 70077
  },
  {
    "seed": 70082
  },
  {
    "seed": 70086
  },
  {
    "seed": 70104
  },
  {
    "seed": 70126
  },
  {
    "seed": 70150
  },
  {
    "seed": 70154
  },
  {
    "seed": 70202
  },
  {
    "seed": 70240
  },
  {
    "seed": 70274
  },
  {
    "seed": 70301
  },
  {
    "seed": 70331
  },
  {
    "seed": 70545
  },
  {
    "seed": 70576
  },
  {
    "seed": 70731
  },
  {
    "seed": 70832
  },
  {
    "seed": 70895
  },
  {
    "seed": 70952
  },
  {
    "seed": 71044
  },
  {
    "seed": 71049
  },
  {
    "seed": 71071
  },
  {
    "seed": 71072
  },
  {
    "seed": 71079
  },
  {
    "seed": 71183
  },
  {
    "seed": 71203
  },
  {
    "seed": 71278
  },
  {
    "seed": 71316
  },
  {
    "seed": 71438
  },
  {
    "seed": 71451
  },
  {
    "seed": 71589
  },
  {
    "seed": 71629
  },
  {
    "seed": 71639
  },
  {
    "seed": 71714
  },
  {
    "seed": 71804
  },
  {
    "seed": 71817
  },
  {
    "seed": 71899
  },
  {
    "seed": 71969
  },
  {
    "seed": 71974
  },
  {
    "seed": 72032
  },
  {
    "seed": 72097
  },
  {
    "seed": 72222
  },
  {
    "seed": 72236
  },
  {
    "seed": 72272
  },
  {
    "seed": 72364
  },
  {
    "seed": 72368
  },
  {
    "seed": 72532
  },
  {
    "seed": 72673
  },
  {
    "seed": 72676
  },
  {
    "seed": 72696
  },
  {
    "seed": 72717
  },
  {
    "seed": 72736
  },
  {
    "seed": 72816
  },
  {
    "seed": 73052
  },
  {
    "seed": 73063
  },
  {
    "seed": 73068
  },
  {
    "seed": 73104
  },
  {
    "seed": 73107
  },
  {
    "seed": 73124
  },
  {
    "seed": 73128
  },
  {
    "seed": 73129
  },
  {
    "seed": 73140
  },
  {
    "seed": 73213
  },
  {
    "seed": 73290
  },
  {
    "seed": 73364
  },
  {
    "seed": 73462
  },
  {
    "seed": 73520
  },
  {
    "seed": 73637
  },
  {
    "seed": 73638
  },
  {
    "seed": 73723
  },
  {
    "seed": 73727
  },
  {
    "seed": 73773
  },
  {
    "seed": 73779
  },
  {
    "seed": 73793
  },
  {
    "seed": 73809
  },
  {
    "seed": 73813
  },
  {
    "seed": 73823
  },
  {
    "seed": 73825
  },
  {
    "seed": 73989
  },
  {
    "seed": 74033
  },
  {
    "seed": 74039
  },
  {
    "seed": 74050
  },
  {
    "seed": 74072
  },
  {
    "seed": 74127
  },
  {
    "seed": 74154
  },
  {
    "seed": 74197
  },
  {
    "seed": 74352
  },
  {
    "seed": 74380
  },
  {
    "seed": 74529
  },
  {
    "seed": 74582
  },
  {
    "seed": 74716
  },
  {
    "seed": 74766
  },
  {
    "seed": 74769
  },
  {
    "seed": 74850
  },
  {
    "seed": 74871
  },
  {
    "seed": 74946
  },
  {
    "seed": 75015
  },
  {
    "seed": 75034
  },
  {
    "seed": 75124
  },
  {
    "seed": 75153
  },
  {
    "seed": 75200
  },
  {
    "seed": 75226
  },
  {
    "seed": 75253
  },
  {
    "seed": 75334
  },
  {
    "seed": 75479
  },
  {
    "seed": 75534
  },
  {
    "seed": 75538
  },
  {
    "seed": 75571
  },
  {
    "seed": 75624
  },
  {
    "seed": 75691
  },
  {
    "seed": 75790
  },
  {
    "seed": 75810
  },
  {
    "seed": 75828
  },
  {
    "seed": 75840
  },
  {
    "seed": 75845
  },
  {
    "seed": 75911
  },
  {
    "seed": 75928
  },
  {
    "seed": 75952
  },
  {
    "seed": 76102
  },
  {
    "seed": 76114
  },
  {
    "seed": 76168
  },
  {
    "seed": 76318
  },
  {
    "seed": 76417
  },
  {
    "seed": 76424
  },
  {
    "seed": 76435
  },
  {
    "seed": 76480
  },
  {
    "seed": 76481
  },
  {
    "seed": 76621
  },
  {
    "seed": 76630
  },
  {
    "seed": 76653
  },
  {
    "seed": 76705
  },
  {
    "seed": 76716
  },
  {
    "seed": 76774
  },
  {
    "seed": 76878
  },
  {
    "seed": 76978
  },
  {
    "seed": 77178
  },
  {
    "seed": 77266
  },
  {
    "seed": 77361
  },
  {
    "seed": 77574
  },
  {
    "seed": 77577
  },
  {
    "seed": 77585
  },
  {
    "seed": 77589
  },
  {
    "seed": 77637
  },
  {
    "seed": 77703
  },
  {
    "seed": 77784
  },
  {
    "seed": 77791
  },
  {
    "seed": 77906
  },
  {
    "seed": 77981
  },
  {
    "seed": 78002
  },
  {
    "seed": 78019
  },
  {
    "seed": 78032
  },
  {
    "seed": 78050
  },
  {
    "seed": 78060
  },
  {
    "seed": 78170
  },
  {
    "seed": 78175
  },
  {
    "seed": 78199
  },
  {
    "seed": 78216
  },
  {
    "seed": 78225
  },
  {
    "seed": 78251
  },
  {
    "seed": 78309
  },
  {
    "seed": 78392
  },
  {
    "seed": 78487
  },
  {
    "seed": 78551
  },
  {
    "seed": 78609
  },
  {
    "seed": 78612
  },
  {
    "seed": 78619
  },
  {
    "seed": 78641
  },
  {
    "seed": 78642
  },
  {
    "seed": 78749
  },
  {
    "seed": 78785
  },
  {
    "seed": 78921
  },
  {
    "seed": 78941
  },
  {
    "seed": 78984
  },
  {
    "seed": 79023
  },
  {
    "seed": 79033
  },
  {
    "seed": 79074
  },
  {
    "seed": 79090
  },
  {
    "seed": 79310
  },
  {
    "seed": 79315
  },
  {
    "seed": 79349
  },
  {
    "seed": 79419
  },
  {
    "seed": 79461
  },
  {
    "seed": 79518
  },
  {
    "seed": 79530
  },
  {
    "seed": 79613
  },
  {
    "seed": 79687
  },
  {
    "seed": 79700
  },
  {
    "seed": 79734
  },
  {
    "seed": 79831
  },
  {
    "seed": 79836
  },
  {
    "seed": 79850
  },
  {
    "seed": 79862
  },
  {
    "seed": 79917
  },
  {
    "seed": 79938
  },
  {
    "seed": 79984
  },
  {
    "seed": 80138
  },
  {
    "seed": 80171
  },
  {
    "seed": 80210
  },
  {
    "seed": 80220
  },
  {
    "seed": 80257
  },
  {
    "seed": 80260
  },
  {
    "seed": 80266
  },
  {
    "seed": 80270
  },
  {
    "seed": 80475
  },
  {
    "seed": 80511
  },
  {
    "seed": 80559
  },
  {
    "seed": 80615
  },
  {
    "seed": 80673
  },
  {
    "seed": 80716
  },
  {
    "seed": 80783
  },
  {
    "seed": 80827
  },
  {
    "seed": 80841
  },
  {
    "seed": 80894
  },
  {
    "seed": 81163
  },
  {
    "seed": 81189
  },
  {
    "seed": 81233
  },
  {
    "seed": 81259
  },
  {
    "seed": 81267
  },
  {
    "seed": 81405
  },
  {
    "seed": 81555
  },
  {
    "seed": 81608
  },
  {
    "seed": 81674
  },
  {
    "seed": 81769
  },
  {
    "seed": 81836
  },
  {
    "seed": 81858
  },
  {
    "seed": 81874
  },
  {
    "seed": 81878
  },
  {
    "seed": 81892
  },
  {
    "seed": 81927
  },
  {
    "seed": 81954
  },
  {
    "seed": 81994
  },
  {
    "seed": 82016
  },
  {
    "seed": 82048
  },
  {
    "seed": 82059
  },
  {
    "seed": 82187
  },
  {
    "seed": 82206
  },
  {
    "seed": 82235
  },
  {
    "seed": 82267
  },
  {
    "seed": 82270
  },
  {
    "seed": 82277
  },
  {
    "seed": 82384
  },
  {
    "seed": 82455
  },
  {
    "seed": 82459
  },
  {
    "seed": 82485
  },
  {
    "seed": 82527
  },
  {
    "seed": 82620
  },
  {
    "seed": 82633
  },
  {
    "seed": 82660
  },
  {
    "seed": 82749
  },
  {
    "seed": 82832
  },
  {
    "seed": 82857
  },
  {
    "seed": 82923
  },
  {
    "seed": 82937
  },
  {
    "seed": 83023
  },
  {
    "seed": 83031
  },
  {
    "seed": 83094
  },
  {
    "seed": 83105
  },
  {
    "seed": 83113
  },
  {
    "seed": 83254
  },
  {
    "seed": 83300
  },
  {
    "seed": 83321
  },
  {
    "seed": 83407
  },
  {
    "seed": 83408
  },
  {
    "seed": 83429
  },
  {
    "seed": 83530
  },
  {
    "seed": 83808
  },
  {
    "seed": 83838
  },
  {
    "seed": 83894
  },
  {
    "seed": 84007
  },
  {
    "seed": 84043
  },
  {
    "seed": 84052
  },
  {
    "seed": 84096
  },
  {
    "seed": 84107
  },
  {
    "seed": 84137
  },
  {
    "seed": 84157
  },
  {
    "seed": 84186
  },
  {
    "seed": 84287
  },
  {
    "seed": 84323
  },
  {
    "seed": 84350
  },
  {
    "seed": 84433
  },
  {
    "seed": 84438
  },
  {
    "seed": 84450
  },
  {
    "seed": 84487
  },
  {
    "seed": 84515
  },
  {
    "seed": 84517
  },
  {
    "seed": 84557
  },
  {
    "seed": 84585
  },
  {
    "seed": 84623
  },
  {
    "seed": 84630
  },
  {
    "seed": 84639
  },
  {
    "seed": 84699
  },
  {
    "seed": 84833
  },
  {
    "seed": 84841
  },
  {
    "seed": 84846
  },
  {
    "seed": 84915
  },
  {
    "seed": 84919
  },
  {
    "seed": 84985
  },
  {
    "seed": 84993
  },
  {
    "seed": 85039
  },
  {
    "seed": 85069
  },
  {
    "seed": 85074
  },
  {
    "seed": 85103
  },
  {
    "seed": 85158
  },
  {
    "seed": 85203
  },
  {
    "seed": 85262
  },
  {
    "seed": 85317
  },
  {
    "seed": 85335
  },
  {
    "seed": 85340
  },
  {
    "seed": 85360
  },
  {
    "seed": 85367
  },
  {
    "seed": 85530
  },
  {
    "seed": 85558
  },
  {
    "seed": 85587
  },
  {
    "seed": 85599
  },
  {
    "seed": 85631
  },
  {
    "seed": 85667
  },
  {
    "seed": 85693
  },
  {
    "seed": 85789
  },
  {
    "seed": 85878
  },
  {
    "seed": 85968
  },
  {
    "seed": 86017
  },
  {
    "seed": 86020
  },
  {
    "seed": 86064
  },
  {
    "seed": 86096
  },
  {
    "seed": 86181
  },
  {
    "seed": 86217
  },
  {
    "seed": 86223
  },
  {
    "seed": 86272
  },
  {
    "seed": 86348
  },
  {
    "seed": 86362
  },
  {
    "seed": 86491
  },
  {
    "seed": 86550
  },
  {
    "seed": 86595
  },
  {
    "seed": 86615
  },
  {
    "seed": 86634
  },
  {
    "seed": 86766
  },
  {
    "seed": 86767
  },
  {
    "seed": 86814
  },
  {
    "seed": 86816
  },
  {
    "seed": 86907
  },
  {
    "seed": 86923
  },
  {
    "seed": 86948
  },
  {
    "seed": 86990
  },
  {
    "seed": 87138
  },
  {
    "seed": 87268
  },
  {
    "seed": 87333
  },
  {
    "seed": 87425
  },
  {
    "seed": 87641
  },
  {
    "seed": 87670
  },
  {
    "seed": 87695
  },
  {
    "seed": 87782
  },
  {
    "seed": 87837
  },
  {
    "seed": 87912
  },
  {
    "seed": 87913
  },
  {
    "seed": 87920
  },
  {
    "seed": 88005
  },
  {
    "seed": 88045
  },
  {
    "seed": 88230
  },
  {
    "seed": 88299
  },
  {
    "seed": 88443
  },
  {
    "seed": 88452
  },
  {
    "seed": 88458
  },
  {
    "seed": 88464
  },
  {
    "seed": 88496
  },
  {
    "seed": 88521
  },
  {
    "seed": 88677
  },
  {
    "seed": 88734
  },
  {
    "seed": 88758
  },
  {
    "seed": 88913
  },
  {
    "seed": 88935
  },
  {
    "seed": 88954
  },
  {
    "seed": 88964
  },
  {
    "seed": 88993
  },
  {
    "seed": 89027
  },
  {
    "seed": 89086
  },
  {
    "seed": 89093
  },
  {
    "seed": 89101
  },
  {
    "seed": 89177
  },
  {
    "seed": 89208
  },
  {
    "seed": 89225
  },
  {
    "seed": 89318
  },
  {
    "seed": 89424
  },
  {
    "seed": 89469
  },
  {
    "seed": 89504
  },
  {
    "seed": 89519
  },
  {
    "seed": 89550
  },
  {
    "seed": 89593
  },
  {
    "seed": 89658
  },
  {
    "seed": 89721
  },
  {
    "seed": 89756
  },
  {
    "seed": 89877
  },
  {
    "seed": 89931
  },
  {
    "seed": 89936
  },
  {
    "seed": 90008
  },
  {
    "seed": 90015
  },
  {
    "seed": 90051
  },
  {
    "seed": 90087
  },
  {
    "seed": 90095
  },
  {
    "seed": 90123
  },
  {
    "seed": 90190
  },
  {
    "seed": 90232
  },
  {
    "seed": 90433
  },
  {
    "seed": 90459
  },
  {
    "seed": 90462
  },
  {
    "seed": 90513
  },
  {
    "seed": 90695
  },
  {
    "seed": 90731
  },
  {
    "seed": 90750
  },
  {
    "seed": 90866
  },
  {
    "seed": 91002
  },
  {
    "seed": 91048
  },
  {
    "seed": 91057
  },
  {
    "seed": 91074
  },
  {
    "seed": 91149
  },
  {
    "seed": 91202
  },
  {
    "seed": 91267
  },
  {
    "seed": 91294
  },
  {
    "seed": 91303
  },
  {
    "seed": 91410
  },
  {
    "seed": 91443
  },
  {
    "seed": 91495
  },
  {
    "seed": 91585
  },
  {
    "seed": 91610
  },
  {
    "seed": 91674
  },
  {
    "seed": 91701
  },
  {
    "seed": 91712
  },
  {
    "seed": 91879
  },
  {
    "seed": 91884
  },
  {
    "seed": 91976
  },
  {
    "seed": 92097
  },
  {
    "seed": 92134
  },
  {
    "seed": 92143
  },
  {
    "seed": 92170
  },
  {
    "seed": 92228
  },
  {
    "seed": 92238
  },
  {
    "seed": 92257
  },
  {
    "seed": 92265
  },
  {
    "seed": 92284
  },
  {
    "seed": 92309
  },
  {
    "seed": 92361
  },
  {
    "seed": 92401
  },
  {
    "seed": 92435
  },
  {
    "seed": 92514
  },
  {
    "seed": 92515
  },
  {
    "seed": 92578
  },
  {
    "seed": 92603
  },
  {
    "seed": 92614
  },
  {
    "seed": 92777
  },
  {
    "seed": 92822
  },
  {
    "seed": 92844
  },
  {
    "seed": 92906
  },
  {
    "seed": 92908
  },
  {
    "seed": 93041
  },
  {
    "seed": 93065
  },
  {
    "seed": 93073
  },
  {
    "seed": 93162
  },
  {
    "seed": 93210
  },
  {
    "seed": 93221
  },
  {
    "seed": 93228
  },
  {
    "seed": 93286
  },
  {
    "seed": 93332
  },
  {
    "seed": 93403
  },
  {
    "seed": 93417
  },
  {
    "seed": 93443
  },
  {
    "seed": 93464
  },
  {
    "seed": 93495
  },
  {
    "seed": 93497
  },
  {
    "seed": 93504
  },
  {
    "seed": 93614
  },
  {
    "seed": 93615
  },
  {
    "seed": 93682
  },
  {
    "seed": 93731
  },
  {
    "seed": 93739
  },
  {
    "seed": 93927
  },
  {
    "seed": 94027
  },
  {
    "seed": 94055
  },
  {
    "seed": 94068
  },
  {
    "seed": 94104
  },
  {
    "seed": 94167
  },
  {
    "seed": 94281
  },
  {
    "seed": 94291
  },
  {
    "seed": 94370
  },
  {
    "seed": 94377
  },
  {
    "seed": 94382
  },
  {
    "seed": 94400
  },
  {
    "seed": 94470
  },
  {
    "seed": 94494
  },
  {
    "seed": 94514
  },
  {
    "seed": 94536
  },
  {
    "seed": 94712
  },
  {
    "seed": 94752
  },
  {
    "seed": 94814
  },
  {
    "seed": 94872
  },
  {
    "seed": 95013
  },
  {
    "seed": 95082
  },
  {
    "seed": 95169
  },
  {
    "seed": 95197
  },
  {
    "seed": 95324
  },
  {
    "seed": 95396
  },
  {
    "seed": 95457
  },
  {
    "seed": 95495
  },
  {
    "seed": 95498
  },
  {
    "seed": 95539
  },
  {
    "seed": 95599
  },
  {
    "seed": 95670
  },
  {
    "seed": 95682
  },
  {
    "seed": 95702
  },
  {
    "seed": 95796
  },
  {
    "seed": 95819
  },
  {
    "seed": 95905
  },
  {
    "seed": 95909
  },
  {
    "seed": 95917
  },
  {
    "seed": 95923
  },
  {
    "seed": 95928
  },
  {
    "seed": 95932
  },
  {
    "seed": 95955
  },
  {
    "seed": 95981
  },
  {
    "seed": 96145
  },
  {
    "seed": 96148
  },
  {
    "seed": 96168
  },
  {
    "seed": 96218
  },
  {
    "seed": 96239
  },
  {
    "seed": 96306
  },
  {
    "seed": 96406
  },
  {
    "seed": 96448
  },
  {
    "seed": 96529
  },
  {
    "seed": 96531
  },
  {
    "seed": 96619
  },
  {
    "seed": 96667
  },
  {
    "seed": 96715
  },
  {
    "seed": 96724
  },
  {
    "seed": 96727
  },
  {
    "seed": 96747
  },
  {
    "seed": 96825
  },
  {
    "seed": 96849
  },
  {
    "seed": 96872
  },
  {
    "seed": 96874
  },
  {
    "seed": 96901
  },
  {
    "seed": 96970
  },
  {
    "seed": 96973
  },
  {
    "seed": 97035
  },
  {
    "seed": 97049
  },
  {
    "seed": 97225
  },
  {
    "seed": 97279
  },
  {
    "seed": 97281
  },
  {
    "seed": 97452
  },
  {
    "seed": 97540
  },
  {
    "seed": 97662
  },
  {
    "seed": 97690
  },
  {
    "seed": 97699
  },
  {
    "seed": 97705
  },
  {
    "seed": 97836
  },
  {
    "seed": 97884
  },
  {
    "seed": 97932
  },
  {
    "seed": 97989
  },
  {
    "seed": 98016
  },
  {
    "seed": 98027
  },
  {
    "seed": 98031
  },
  {
    "seed": 98065
  },
  {
    "seed": 98093
  },
  {
    "seed": 98103
  },
  {
    "seed": 98140
  },
  {
    "seed": 98269
  },
  {
    "seed": 98288
  },
  {
    "seed": 98321
  },
  {
    "seed": 98326
  },
  {
    "seed": 98336
  },
  {
    "seed": 98338
  },
  {
    "seed": 98349
  },
  {
    "seed": 98406
  },
  {
    "seed": 98473
  },
  {
    "seed": 98476
  },
  {
    "seed": 98589
  },
  {
    "seed": 98664
  },
  {
    "seed": 98686
  },
  {
    "seed": 98713
  },
  {
    "seed": 98807
  },
  {
    "seed": 98833
  },
  {
    "seed": 98840
  },
  {
    "seed": 98867
  },
  {
    "seed": 98911
  },
  {
    "seed": 98922
  },
  {
    "seed": 98995
  },
  {
    "seed": 99085
  },
  {
    "seed": 99277
  },
  {
    "seed": 99308
  },
  {
    "seed": 99338
  },
  {
    "seed": 99339
  },
  {
    "seed": 99369
  },
  {
    "seed": 99439
  },
  {
    "seed": 99463
  },
  {
    "seed": 99600
  },
  {
    "seed": 99617
  },
  {
    "seed": 99781
  },
  {
    "seed": 99830
  },
  {
    "seed": 99842
  },
  {
    "seed": 99849
  },
  {
    "seed": 99911
  },
  {
    "seed": 99952
  },
  {
    "seed": 99962
  }
]