[
  {
    "seed": 8
  },
  {
    "seed": 42
  },
  {
    "seed": 43
  },
  {
    "seed": 83
  },
  {
    "seed": 111
  },
  {
    "seed": 127
  },
  {
    "seed": 160
  },
  {
    "seed": 169
  },
  {
    "seed": 255
  },
  {
    "seed": 331
  },
  {
    "seed": 352
  },
  {
    "seed": 402
  },
  {
    "seed": 427
  },
  {
    "seed": 428
  },
  {
    "seed": 484
  },
  {
    "seed": 516
  },
  {
    "seed": 532
  },
  {
    "seed": 539
  },
  {
    "seed": 548
  },
  {
    "seed": 549
  },
  {
    "seed": 582
  },
  {
    "seed": 693
  },
  {
    "seed": 728
  },
  {
    "seed": 757
  },
  {
    "seed": 760
  },
  {
    "seed": 765
  },
  {
    "seed": 782
  },
  {
    "seed": 903
  },
  {
    "seed": 907
  },
  {
    "seed": 1015
  },
  {
    "seed": 1028
  },
  {
    "seed": 1097
  },
  {
    "seed": 1120
  },
  {
    "seed": 1155
  },
  {
    "seed": 1160
  },
  {
    "seed": 1184
  },
  {
    "seed": 1264
  },
  {
    "seed": 1317
  },
  {
    "seed": 1324
  },
  {
    "seed": 1348
  },
  {
    "seed": 1350
  },
  {
    "seed": 1362
  },
  {
    "seed": 1380
  },
  {
    "seed": 1406
  },
  {
    "seed": 1421
  },
  {
    "seed": 1447
  },
  {
    "seed": 1461
  },
  {
    "seed": 1513
  },
  {
    "seed": 1522
  },
  {
    "seed": 1536
  },
  {
    "seed": 1594
  },
  {
    "seed": 1595
  },
  {
    "seed": 1603
  },
  {
    "seed": 1639
  },
  {
    "seed": 1663
  },
  {
    "seed": 1722
  },
  {
    "seed": 1751
  },
  {
    "seed": 1816
  },
  {
    "seed": 1823
  },
  {
    "seed": 1830
  },
  {
    "seed": 1862
  },
  {
    "seed": 1931
  },
  {
    "seed": 1958
  },
  {
    "seed": 1960
  },
  {
    "seed": 1978
  },
  {
    "seed": 2002
  },
  {
    "seed": 2053
  },
  {
    "seed": 2054
  },
  {
    "seed": 2057
  },
  {
    "seed": 2078
  },
  {
    "seed": 2112
  },
  {
    "seed": 2131
  },
  {
    "seed": 2153
  },
  {
    "seed": 2160
  },
  {
    "seed": 2162
  },
  {
    "seed": 2182
  },
  {
    "seed": 2305
  },
  {
    "seed": 2503
  },
  {
    "seed": 2522
  },
  {
    "seed": 2537
  },
  {
    "seed": 2564
  },
  {
    "seed": 2574
  },
  {
    "seed": 2617
  },
  {
    "seed": 2655
  },
  {
    "seed": 2747
  },
  {
    "seed": 2804
  },
  {
    "seed": 2861
  },
  {
    "seed": 2873
  },
  {
    "seed": 2881
  },
  {
    "seed": 2925
  },
  {
    "seed": 2928
  },
  {
    "seed": 2968
  },
  {
    "seed": 3006
  },
  {
    "seed": 3062
  },
  {
    "seed": 3080
  },
  {
    "seed": 3091
  },
  {
    "seed": 3182
  },
  {
    "seed": 3195
  },
  {
    "seed": 3214
  },
  {
    "seed": 3221
  },
  {
    "seed": 3253
  },
  {
    "seed": 3289
  },
  {
    "seed": 3333
  },
  {
    "seed": 3382
  },
  {
    "seed": 3385
  },
  {
    "seed": 3420
  },
  {
    "seed": 3493
  },
  {
    "seed": 3508
  },
  {
    "seed": 3525
  },
  {
    "seed": 3536
  },
  {
    "seed": 3537
  },
  {
    "seed": 3541
  },
  {
    "seed": 3567
  },
  {
    "seed": 3571
  },
  {
    "seed": 3612
  },
  {
    "seed": 3646
  },
  {
    "seed": 3683
  },
  {
    "seed": 3699
  },
  {
    "seed": 3728
  },
  {
    "seed": 3743
  },
  {
    "seed": 3882
  },
  {
    "seed": 3904
  },
  {
    "seed": 3925
  },
  {
    "seed": 3939
  },
  {
    "seed": 3943
  },
  {
    "seed": 3962
  },
  {
    "seed": 3972
  },
  {
    "seed": 3975
  },
  {
    "seed": 4003
  },
  {
    "seed": 4033
  },
  {
    "seed": 4043
  },
  {
    "seed": 4060
  },
  {
    "seed": 4090
  },
  {
    "seed": 4155
  },
  {
    "seed": 4195
  },
  {
    "seed": 4243
  },
  {
    "seed": 4295
  },
  {
    "seed": 4320
  },
  {
    "seed": 4391
  },
  {
    "seed": 4401
  },
  {
    "seed": 4412
  },
  {
    "seed": 4430
  },
  {
    "seed": 4437
  },
  {
    "seed": 4443
  },
  {
    "seed": 4444
  },
  {
    "seed": 4482
  },
  {
    "seed": 4495
  },
  {
    "seed": 4602
  },
  {
    "seed": 4687
  },
  {
    "seed": 4707
  },
  {
    "seed": 4709
  },
  {
    "seed": 4711
  },
  {
    "seed": 4735
  },
  {
    "seed": 4736
  },
  {
    "seed": 4737
  },
  {
    "seed": 4754
  },
  {
    "seed": 4802
  },
  {
    "seed": 4830
  },
  {
    "seed": 4844
  },
  {
    "seed": 4925
  },
  {
    "seed": 4950
  },
  {
    "seed": 5021
  },
  {
    "seed": 5022
  },
  {
    "seed": 5063
  },
  {
    "seed": 5073
  },
  {
    "seed": 5106
  },
  {
    "seed": 5142
  },
  {
    "seed": 5146
  },
  {
    "seed": 5152
  },
  {
    "seed": 5170
  },
  {
    "seed": 5229
  },
  {
    "seed": 5290
  },
  {
    "seed": 5361
  },
  {
    "seed": 5435
  },
  {
    "seed": 5438
  },
  {
    "seed": 5461
  },
  {
    "seed": 5462
  },
  {
    "seed": 5473
  },
  {
    "seed": 5475
  },
  {
    "seed": 5477
  },
  {
    "seed": 5494
  },
  {
    "seed": 5565
  },
  {
    "seed": 5571
  },
  {
    "seed": 5616
  },
  {
    "seed": 5619
  },
  {
    "seed": 5653
  },
  {
    "seed": 5682
  },
  {
    "seed": 5708
  },
  {
    "seed": 5756
  },
  {
    "seed": 5764
  },
  {
    "seed": 5768
  },
  {
    "seed": 5834
  },
  {
    "seed": 5864
  },
  {
    "seed": 5899
  },
  {
    "seed": 5919
  },
  {
    "seed": 5939
  },
  {
    "seed": 5944
  },
  {
    "seed": 5947
  },
  {
    "seed": 5980
  },
  {
    "seed": 6004
  },
  {
    "seed": 6008
  },
  {
    "seed": 6010
  },
  {
    "seed": 6025
  },
  {
    "seed": 6053
  },
  {
    "seed": 6069
  },
  {
    "seed": 6101
  },
  {
    "seed": 6149
  },
  {
    "seed": 6187
  },
  {
    "seed": 6190
  },
  {
    "seed": 6199
  },
  {
    "seed": 6244
  },
  {
    "seed": 6265
  },
  {
    "seed": 6313
  },
  {
    "seed": 6391
  },
  {
    "seed": 6416
  },
  {
    "seed": 6437
  },
  {
    "seed": 6457
  },
  {
    "seed": 6469
  },
  {
    "seed": 6480
  },
  {
    "seed": 6533
  },
  {
    "seed": 6548
  },
  {
    "seed": 6592
  },
  {
    "seed": 6598
  },
  {
    "seed": 6652
  },
  {
    "seed": 6710
  },
  {
    "seed": 6718
  },
  {
    "seed": 6739
  },
  {
    "seed": 6750
  },
  {
    "seed": 6759
  },
  {
    "seed": 6778
  },
  {
    "seed": 6787
  },
  {
    "seed": 6802
  },
  {
    "seed": 6822
  },
  {
    "seed": 6862
  },
  {
    "seed": 6924
  },
  {
    "seed": 6964
  },
  {
    "seed": 6967
  },
  {
    "seed": 6968
  },
  {
    "seed": 6984
  },
  {
    "seed": 6985
  },
  {
    "seed": 6987
  },
  {
    "seed": 7116
  },
  {
    "seed": 7169
  },
  {
    "seed": 7178
  },
  {
    "seed": 7184
  },
  {
    "seed": 7201
  },
  {
    "seed": 7236
  },
  {
    "seed": 7268
  },
  {
    "seed": 7275
  },
  {
    "seed": 7302
  },
  {
    "seed": 7318
  },
  {
    "seed": 7339
  },
  {
    "seed": 7344
  },
  {
    "seed": 7370
  },
  {
    "seed": 7387
  },
  {
    "seed": 7443
  },
  {
    "seed": 7488
  },
  {
    "seed": 7503
  },
  {
    "seed": 7573
  },
  {
    "seed": 7577
  },
  {
    "seed": 7613
  },
  {
    "seed": 7620
  },
  {
    "seed": 7632
  },
  {
    "seed": 7696
  },
  {
    "seed": 7735
  },
  {
    "seed": 7743
  },
  {
    "seed": 7747
  },
  {
    "seed": 7768
  },
  {
    "seed": 7799
  },
  {
    "seed": 7802
  },
  {
    "seed": 7817
  },
  {
    "seed": 7848
  },
  {
    "seed": 7891
  },
  {
    "seed": 7895
  },
  {
    "seed": 7902
  },
  {
    "seed": 7914
  },
  {
    "seed": 7928
  },
  {
    "seed": 7954
  },
  {
    "seed": 7980
  },
  {
    "seed": 7983
  },
  {
    "seed": 8009
  },
  {
    "seed": 8134
  },
  {
    "seed": 8140
  },
  {
    "seed": 8156
  },
  {
    "seed": 8175
  },
  {
    "seed": 8180
  },
  {
    "seed": 8208
  },
  {
    "seed": 8288
  },
  {
    "seed": 8317
  },
  {
    "seed": 8343
  },
  {
    "seed": 8365
  },
  {
    "seed": 8383
  },
  {
    "seed": 8384
  },
  {
    "seed": 8431
  },
  {
    "seed": 8466
  },
  {
    "seed": 8479
  },
  {
    "seed": 8535
  },
  {
    "seed": 8549
  },
  {
    "seed": 8564
  },
  {
    "seed": 8566
  },
  {
    "seed": 8585
  },
  {
    "seed": 8596
  },
  {
    "seed": 8617
  },
  {
    "seed": 8654
  },
  {
    "seed": 8677
  },
  {
    "seed": 8743
  },
  {
    "seed": 8768
  },
  {
    "seed": 8789
  },
  {
    "seed": 8806
  },
  {
    "seed": 8824
  },
  {
    "seed": 8838
  },
  {
    "seed": 8883
  },
  {
    "seed": 8937
  },
  {
    "seed": 8981
  },
  {
    "seed": 8982
  },
  {
    "seed": 9054
  },
  {
    "seed": 9101
  },
  {
    "seed": 9107
  },
  {
    "seed": 9156
  },
  {
    "seed": 9168
  },
  {
    "seed": 9186
  },
  {
    "seed": 9326
  },
  {
    "seed": 9338
  },
  {
    "seed": 9354
  },
  {
    "seed": 9359
  },
  {
    "seed": 9373
  },
  {
    "seed": 9406
  },
  {
    "seed": 9455
  },
  {
    "seed": 9465
  },
  {
    "seed": 9485
  },
  {
    "seed": 9531
  },
  {
    "seed": 9541
  },
  {
    "seed": 9566
  },
  {
    "seed": 9574
  },
  {
    "seed": 9658
  },
  {
    "seed": 9726
  },
  {
    "seed": 9749
  },
  {
    "seed": 9754
  },
  {
    "seed": 9825
  },
  {
    "seed": 9858
  },
  {
    "seed": 9882
  },
  {
    "seed": 9888
  },
  {
    "seed": 9916
  },
  {
    "seed": 9929
  },
  {
    "seed": 9958
  },
  {
    "seed": 9974
  },
  {
    "seed": 10002
  },
  {
    "seed": 10023
  },
  {
    "seed": 10026
  },
  {
    "seed": 10062
  },
  {
    "seed": 10102
  },
  {
    "seed": 10146
  },
  {
    "seed": 10147
  },
  {
    "seed": 10195
  },
  {
    "seed": 10205
  },
  {
    "seed": 10207
  },
  {
    "seed": 10221
  },
  {
    "seed": 10273
  },
  {
    "seed": 10277
  },
  {
    "seed": 10281
  },
  {
    "seed": 10286
  },
  {
    "seed": 10289
  },
  {
    "seed": 10291
  },
  {
    "seed": 10325
  },
  {
    "seed": 10331
  },
  {
    "seed": 10337
  },
  {
    "seed": 10361
  },
  {
    "seed": 10434
  },
  {
    "seed": 10438
  },
  {
    "seed": 10473
  },
  {
    "seed": 10480
  },
  {
    "seed": 10490
  },
  {
    "seed": 10564
  },
  {
    "seed": 10593
  },
  {
    "seed": 10621
  },
  {
    "seed": 10622
  },
  {
    "seed": 10637
  },
  {
    "seed": 10667
  },
  {
    "seed": 10678
  },
  {
    "seed": 10732
  },
  {
    "seed": 10740
  },
  {
    "seed": 10767
  },
  {
    "seed": 10768
  },
  {
    "seed": 10772
  },
  {
    "seed": 10777
  },
  {
    "seed": 10821
  },
  {
    "seed": 10861
  },
  {
    "seed": 10880
  },
  {
    "seed": 10909
  },
  {
    "seed": 10923
  },
  {
    "seed": 10926
  },
  {
    "seed": 10962
  },
  {
    "seed": 10973
  },
  {
    "seed": 10976
  },
  {
    "seed": 10979
  },
  {
    "seed": 10995
  },
  {
    "seed": 11058
  },
  {
    "seed": 11078
  },
  {
    "seed": 11089
  },
  {
    "seed": 11129
  },
  {
    "seed": 11144
  },
  {
    "seed": 11189
  },
  {
    "seed": 11240
  },
  {
    "seed": 11250
  },
  {
    "seed": 11268
  },
  {
    "seed": 11325
  },
  {
    "seed": 11349
  },
  {
    "seed": 11360
  },
  {
    "seed": 11467
  },
  {
    "seed": 11628
  },
  {
    "seed": 11647
  },
  {
    "seed": 11655
  },
  {
    "seed": 11657
  },
  {
    "seed": 11668
  },
  {
    "seed": 11736
  },
  {
    "seed": 11769
  },
  {
    "seed": 11770
  },
  {
    "seed": 11772
  },
  {
    "seed": 11815
  },
  {
    "seed": 11853
  },
  {
    "seed": 11921
  },
  {
    "seed": 11934
  },
  {
    "seed": 12022
  },
  {
    "seed": 12025
  },
  {
    "seed": 12050
  },
  {
    "seed": 12097
  },
  {
    "seed": 12099
  },
  {
    "seed": 12151
  },
  {
    "seed": 12186
  },
  {
    "seed": 12219
  },
  {
    "seed": 12282
  },
  {
    "seed": 12321
  },
  {
    "seed": 12322
  },
  {
    "seed": 12343
  },
  {
    "seed": 12364
  },
  {
    "seed": 12440
  },
  {
    "seed": 12485
  },
  {
    "seed": 12557
  },
  {
    "seed": 12576
  },
  {
    "seed": 12579
  },
  {
    "seed": 12581
  },
  {
    "seed": 12590
  },
  {
    "seed": 12601
  },
  {
    "seed": 12637
  },
  {
    "seed": 12681
  },
  {
    "seed": 12689
  },
  {
    "seed": 12695
  },
  {
    "seed": 12709
  },
  {
    "seed": 12743
  },
  {
    "seed": 12783
  },
  {
    "seed": 12854
  },
  {
    "seed": 12993
  },
  {
    "seed": 13067
  },
  {
    "seed": 13093
  },
  {
    "seed": 13103
  },
  {
    "seed": 13161
  },
  {
    "seed": 13176
  },
  {
    "seed": 13242
  },
  {
    "seed": 13248
  },
  {
    "seed": 13277
  },
  {
    "seed": 13293
  },
  {
    "seed": 13360
  },
  {
    "seed": 13421
  },
  {
    "seed": 13434
  },
  {
    "seed": 13436
  },
  {
    "seed": 13476
  },
  {
    "seed": 13495
  },
  {
    "seed": 13508
  },
  {
    "seed": 13515
  },
  {
    "seed": 13546
  },
  {
    "seed": 13560
  },
  {
    "seed": 13680
  },
  {
    "seed": 13684
  },
  {
    "seed": 13701
  },
  {
    "seed": 13780
  },
  {
    "seed": 13843
  },
  {
    "seed": 13860
  },
  {
    "seed": 13871
  },
  {
    "seed": 13914
  },
  {
    "seed": 13917
  },
  {
    "seed": 13942
  },
  {
    "seed": 14012
  },
  {
    "seed": 14042
  },
  {
    "seed": 14065
  },
  {
    "seed": 14078
  },
  {
    "seed": 14124
  },
  {
    "seed": 14135
  },
  {
    "seed": 14235
  },
  {
    "seed": 14265
  },
  {
    "seed": 14275
  },
  {
    "seed": 14333
  },
  {
    "seed": 14347
  },
  {
    "seed": 14354
  },
  {
    "seed": 14373
  },
  {
    "seed": 14382
  },
  {
    "seed": 14440
  },
  {
    "seed": 14466
  },
  {
    "seed": 14540
  },
  {
    "seed": 14562
  },
  {
    "seed": 14591
  },
  {
    "seed": 14624
  },
  {
    "seed": 14629
  },
  {
    "seed": 14676
  },
  {
    "seed": 14698
  },
  {
    "seed": 14779
  },
  {
    "seed": 14790
  },
  {
    "seed": 14808
  },
  {
    "seed": 14893
  },
  {
    "seed": 14909
  },
  {
    "seed": 14915
  },
  {
    "seed": 14991
  },
  {
    "seed": 14993
  },
  {
    "seed": 15019
  },
  {
    "seed": 15185
  },
  {
    "seed": 15195
  },
  {
    "seed": 15212
  },
  {
    "seed": 15244
  },
  {
    "seed": 15253
  },
  {
    "seed": 15264
  },
  {
    "seed": 15284
  },
  {
    "seed": 15293
  },
  {
    "seed": 15296
  },
  {
    "seed": 15323
  },
  {
    "seed": 15328
  },
  {
    "seed": 15366
  },
  {
    "seed": 15403
  },
  {
    "seed": 15412
  },
  {
    "seed": 15416
  },
  {
    "seed": 15447
  },
  {
    "seed": 15512
  },
  {
    "seed": 15523
  },
  {
    "seed": 15537
  },
  {
    "seed": 15588
  },
  {
    "seed": 15608
  },
  {
    "seed": 15611
  },
  {
    "seed": 15646
  },
  {
    "seed": 15671
  },
  {
    "seed": 15678
  },
  {
    "seed": 15709
  },
  {
    "seed": 15728
  },
  {
    "seed": 15743
  },
  {
    "seed": 15759
  },
  {
    "seed": 15776
  },
  {
    "seed": 15780
  },
  {
    "seed": 15853
  },
  {
    "seed": 15902
  },
  {
    "seed": 15915
  },
  {
    "seed": 15926
  },
  {
    "seed": 16011
  },
  {
    "seed": 16033
  },
  {
    "seed": 16069
  },
  {
    "seed": 16091
  },
  {
    "seed": 16106
  },
  {
    "seed": 16112
  },
  {
    "seed": 16157
  },
  {
    "seed": 16164
  },
  {
    "seed": 16185
  },
  {
    "seed": 16238
  },
  {
    "seed": 16240
  },
  {
    "seed": 16249
  },
  {
    "seed": 16251
  },
  {
    "seed": 16264
  },
  {
    "seed": 16284
  },
  {
    "seed": 16304
  },
  {
    "seed": 16317
  },
  {
    "seed": 16356
  },
  {
    "seed": 16375
  },
  {
    "seed": 16385
  },
  {
    "seed": 16463
  },
  {
    "seed": 16464
  },
  {
    "seed": 16551
  },
  {
    "seed": 16559
  },
  {
    "seed": 16627
  },
  {
    "seed": 16637
  },
  {
    "seed": 16640
  },
  {
    "seed": 16651
  },
  {
    "seed": 16671
  },
  {
    "seed": 16709
  },
  {
    "seed": 16774
  },
  {
    "seed": 16797
  },
  {
    "seed": 16808
  },
  {
    "seed": 16811
  },
  {
    "seed": 16818
  },
  {
    "seed": 16839
  },
  {
    "seed": 16847
  },
  {
    "seed": 16848
  },
  {
    "seed": 16909
  },
  {
    "seed": 16911
  },
  {
    "seed": 16922
  },
  {
    "seed": 17052
  },
  {
    "seed": 17053
  },
  {
    "seed": 17072
  },
  {
    "seed": 17089
  },
  {
    "seed": 17108
  },
  {
    "seed": 17127
  },
  {
    "seed": 17133
  },
  {
    "seed": 17156
  },
  {
    "seed": 17169
  },
  {
    "seed": 17173
  },
  {
    "seed": 17194
  },
  {
    "seed": 17198
  },
  {
    "seed": 17202
  },
  {
    "seed": 17227
  },
  {
    "seed": 17230
  },
  {
    "seed": 17299
  },
  {
    "seed": 17315
  },
  {
    "seed": 17328
  },
  {
    "seed": 17385
  },
  {
    "seed": 17408
  },
  {
    "seed": 17427
  },
  {
    "seed": 17449
  },
  {
    "seed": 17458
  },
  {
    "seed": 17502
  },
  {
    "seed": 17579
  },
  {
    "seed": 17581
  },
  {
    "seed": 17583
  },
  {
    "seed": 17589
  },
  {
    "seed": 17597
  },
  {
    "seed": 17607
  },
  {
    "seed": 17631
  },
  {
    "seed": 17634
  },
  {
    "seed": 17680
  },
  {
    "seed": 17741
  },
  {
    "seed": 17755
  },
  {
    "seed": 17785
  },
  {
    "seed": 17795
  },
  {
    "seed": 17865
  },
  {
    "seed": 17933
  },
  {
    "seed": 17947
  },
  {
    "seed": 18003
  },
  {
    "seed": 18008
  },
  {
    "seed": 18009
  },
  {
    "seed": 18017
  },
  {
    "seed": 18071
  },
  {
    "seed": 18175
  },
  {
    "seed": 18178
  },
  {
    "seed": 18188
  },
  {
    "seed": 18206
  },
  {
    "seed": 18315
  },
  {
    "seed": 18350
  },
  {
    "seed": 18413
  },
  {
    "seed": 18468
  },
  {
    "seed": 18495
  },
  {
    "seed": 18496
  },
  {
    "seed": 18527
  },
  {
    "seed": 18535
  },
  {
    "seed": 18555
  },
  {
    "seed": 18563
  },
  {
    "seed": 18583
  },
  {
    "seed": 18636
  },
  {
    "seed": 18648
  },
  {
    "seed": 18652
  },
  {
    "seed": 18724
  },
  {
    "seed": 18770
  },
  {
    "seed": 18771
  },
  {
    "seed": 18824
  },
  {
    "seed": 18859
  },
  {
    "seed": 18874
  },
  {
    "seed": 18929
  },
  {
    "seed": 18945
  },
  {
    "seed": 19004
  },
  {
    "seed": 19021
  },
  {
    "seed": 19063
  },
  {
    "seed": 19085
  },
  {
    "seed": 19105
  },
  {
    "seed": 19163
  },
  {
    "seed": 19202
  },
  {
    "seed": 19240
  },
  {
    "seed": 19281
  },
  {
    "seed": 19292
  },
  {
    "seed": 19299
  },
  {
    "seed": 19309
  },
  {
    "seed": 19324
  },
  {
    "seed": 19348
  },
  {
    "seed": 19370
  },
  {
    "seed": 19419
  },
  {
    "seed": 19458
  },
  {
    "seed": 19540
  },
  {
    "seed": 19629
  },
  {
    "seed": 19671
  },
  {
    "seed": 19693
  },
  {
    "seed": 19703
  },
  {
    "seed": 19724
  },
  {
    "seed": 19727
  },
  {
    "seed": 19751
  },
  {
    "seed": 19752
  },
  {
    "seed": 19768
  },
  {
    "seed": 19839
  },
  {
    "seed": 19860
  },
  {
    "seed": 19900
  },
  {
    "seed": 19901
  },
  {
    "seed": 19910
  },
  {
    "seed": 19913
  },
  {
    "seed": 19952
  },
  {
    "seed": 19982
  },
  {
    "seed": 19999
  },
  {
    "seed": 20012
  },
  {
    "seed": 20016
  },
  {
    "seed": 20036
  },
  {
    "seed": 20060
  },
  {
    "seed": 20165
  },
  {
    "seed": 20174
  },
  {
    "seed": 20202
  },
  {
    "seed": 20219
  },
  {
    "seed": 20252
  },
  {
    "seed": 20331
  },
  {
    "seed": 20332
  },
  {
    "seed": 20338
  },
  {
    "seed": 20339
  },
  {
    "seed": 20363
  },
  {
    "seed": 20391
  },
  {
    "seed": 20393
  },
  {
    "seed": 20398
  },
  {
    "seed": 20403
  },
  {
    "seed": 20484
  },
  {
    "seed": 20496
  },
  {
    "seed": 20523
  },
  {
    "seed": 20587
  },
  {
    "seed": 20595
  },
  {
    "seed": 20630
  },
  {
    "seed": 20651
  },
  {
    "seed": 20661
  },
  {
    "seed": 20663
  },
  {
    "seed": 20716
  },
  {
    "seed": 20731
  },
  {
    "seed": 20742
  },
  {
    "seed": 20826
  },
  {
    "seed": 20863
  },
  {
    "seed": 20902
  },
  {
    "seed": 20914
  },
  {
    "seed": 20915
  },
  {
    "seed": 20935
  },
  {
    "seed": 20974
  },
  {
    "seed": 21009
  },
  {
    "seed": 21029
  },
  {
    "seed": 21076
  },
  {
    "seed": 21143
  },
  {
    "seed": 21151
  },
  {
    "seed": 21178
  },
  {
    "seed": 21189
  },
  {
    "seed": 21211
  },
  {
    "seed": 21226
  },
  {
    "seed": 21239
  },
  {
    "seed": 21261
  },
  {
    "seed": 21267
  },
  {
    "seed": 21319
  },
  {
    "seed": 21370
  },
  {
    "seed": 21431
  },
  {
    "seed": 21442
  },
  {
    "seed": 21517
  },
  {
    "seed": 21570
  },
  {
    "seed": 21575
  },
  {
    "seed": 21647
  },
  {
    "seed": 21687
  },
  {
    "seed": 21754
  },
  {
    "seed": 21761
  },
  {
    "seed": 21807
  },
  {
    "seed": 21819
  },
  {
    "seed": 21832
  },
  {
    "seed": 21848
  },
  {
    "seed": 21914
  },
  {
    "seed": 21917
  },
  {
    "seed": 21931
  },
  {
    "seed": 21960
  },
  {
    "seed": 21970
  },
  {
    "seed": 22004
  },
  {
    "seed": 22005
  },
  {
    "seed": 22011
  },
  {
    "seed": 22057
  },
  {
    "seed": 22062
  },
  {
    "seed": 22115
  },
  {
    "seed": 22129
  },
  {
    "seed": 22131
  },
  {
    "seed": 22144
  },
  {
    "seed": 22163
  },
  {
    "seed": 22167
  },
  {
    "seed": 22182
  },
  {
    "seed": 22191
  },
  {
    "seed": 22206
  },
  {
    "seed": 22209
  },
  {
    "seed": 22230
  },
  {
    "seed": 22234
  },
  {
    "seed": 22264
  },
  {
    "seed": 22301
  },
  {
    "seed": 22430
  },
  {
    "seed": 22468
  },
  {
    "seed": 22471
  },
  {
    "seed": 22477
  },
  {
    "seed": 22504
  },
  {
    "seed": 22529
  },
  {
    "seed": 22566
  },
  {
    "seed": 22573
  },
  {
    "seed": 22586
  },
  {
    "seed": 22635
  },
  {
    "seed": 22660
  },
  {
    "seed": 22701
  },
  {
    "seed": 22710
  },
  {
    "seed": 22741
  },
  {
    "seed": 22761
  },
  {
    "seed": 22785
  },
  {
    "seed": 22832
  },
  {
    "seed": 22855
  },
  {
    "seed": 22882
  },
  {
    "seed": 22899
  },
  {
    "seed": 22904
  },
  {
    "seed": 22917
  },
  {
    "seed": 22921
  },
  {
    "seed": 22987
  },
  {
    "seed": 22990
  },
  {
    "seed": 23027
  },
  {
    "seed": 23046
  },
  {
    "seed": 23049
  },
  {
    "seed": 23091
  },
  {
    "seed": 23132
  },
  {
    "seed": 23152
  },
  {
    "seed": 23158
  },
  {
    "seed": 23183
  },
  {
    "seed": 23199
  },
  {
    "seed": 23257
  },
  {
    "seed": 23287
  },
  {
    "seed": 23289
  },
  {
    "seed": 23341
  },
  {
    "seed": 23358
  },
  {
    "seed": 23406
  },
  {
    "seed": 23472
  },
  {
    "seed": 23525
  },
  {
    "seed": 23556
  },
  {
    "seed": 23611
  },
  {
    "seed": 23644
  },
  {
    "seed": 23656
  },
  {
    "seed": 23742
  },
  {
    "seed": 23766
  },
  {
    "seed": 23824
  },
  {
    "seed": 23872
  },
  {
    "seed": 23874
  },
  {
    "seed": 23947
  },
  {
    "seed": 23962
  },
  {
    "seed": 24014
  },
  {
    "seed": 24086
  },
  {
    "seed": 24119
  },
  {
    "seed": 24132
  },
  {
    "seed": 24134
  },
  {
    "seed": 24187
  },
  {
    "seed": 24269
  },
  {
    "seed": 24272
  },
  {
    "seed": 24318
  },
  {
    "seed": 24338
  },
  {
    "seed": 24339
  },
  {
    "seed": 24361
  },
  {
    "seed": 24384
  },
  {
    "seed": 24435
  },
  {
    "seed": 24504
  },
  {
    "seed": 24606
  },
  {
    "seed": 24701
  },
  {
    "seed": 24728
  },
  {
    "seed": 24816
  },
  {
    "seed": 24826
  },
  {
    "seed": 24881
  },
  {
    "seed": 24900
  },
  {
    "seed": 24951
  },
  {
    "seed": 25212
  },
  {
    "seed": 25214
  },
  {
    "seed": 25237
  },
  {
    "seed": 25238
  },
  {
    "seed": 25262
  },
  {
    "seed": 25263
  },
  {
    "seed": 25311
  },
  {
    "seed": 25347
  },
  {
    "seed": 25380
  },
  {
    "seed": 25502
  },
  {
    "seed": 25510
  },
  {
    "seed": 25512
  },
  {
    "seed": 25516
  },
  {
    "seed": 25584
  },
  {
    "seed": 25643
  },
  {
    "seed": 25644
  },
  {
    "seed": 25668
  },
  {
    "seed": 25681
  },
  {
    "seed": 25691
  },
  {
    "seed": 25706
  },
  {
    "seed": 25710
  },
  {
    "seed": 25721
  },
  {
    "seed": 25769
  },
  {
    "seed": 25928
  },
  {
    "seed": 25934
  },
  {
    "seed": 25970
  },
  {
    "seed": 26036
  },
  {
    "seed": 26060
  },
  {
    "seed": 26061
  },
  {
    "seed": 26072
  },
  {
    "seed": 26098
  },
  {
    "seed": 26161
  },
  {
    "seed": 26165
  },
  {
    "seed": 26166
  },
  {
    "seed": 26206
  },
  {
    "seed": 26308
  },
  {
    "seed": 26345
  },
  {
    "seed": 26370
  },
  {
    "seed": 26371
  },
  {
    "seed": 26414
  },
  {
    "seed": 26455
  },
  {
    "seed": 26485
  },
  {
    "seed": 26505
  },
  {
    "seed": 26514
  },
  {
    "seed": 26552
  },
  {
    "seed": 26584
  },
  {
    "seed": 26596
  },
  {
    "seed": 26679
  },
  {
    "seed": 26740
  },
  {
    "seed": 26741
  },
  {
    "seed": 26787
  },
  {
    "seed": 26796
  },
  {
    "seed": 26830
  },
  {
    "seed": 26882
  },
  {
    "seed": 26884
  },
  {
    "seed": 26926
  },
  {
    "seed": 26935
  },
  {
    "seed": 26945
  },
  {
    "seed": 26992
  },
  {
    "seed": 27032
  },
  {
    "seed": 27041
  },
  {
    "seed": 27044
  },
  {
    "seed": 27153
  },
  {
    "seed": 27205
  },
  {
    "seed": 27214
  },
  {
    "seed": 27226
  },
  {
    "seed": 27279
  },
  {
    "seed": 27299
  },
  {
    "seed": 27302
  },
  {
    "seed": 27350
  },
  {
    "seed": 27419
  },
  {
    "seed": 27430
  },
  {
    "seed": 27537
  },
  {
    "seed": 27545
  },
  {
    "seed": 27547
  },
  {
    "seed": 27558
  },
  {
    "seed": 27561
  },
  {
    "seed": 27650
  },
  {
    "seed": 27675
  },
  {
    "seed": 27677
  },
  {
    "seed": 27684
  },
  {
    "seed": 27779
  },
  {
    "seed": 27800
  },
  {
    "seed": 27831
  },
  {
    "seed": 27847
  },
  {
    "seed": 27882
  },
  {
    "seed": 27900
  },
  {
    "seed": 27910
  },
  {
    "seed": 27966
  },
  {
    "seed": 28002
  },
  {
    "seed": 28033
  },
  {
    "seed": 28040
  },
  {
    "seed": 28054
  },
  {
    "seed": 28057
  },
  {
    "seed": 28072
  },
  {
    "seed": 28084
  },
  {
    "seed": 28127
  },
  {
    "seed": 28148
  },
  {
    "seed": 28164
  },
  {
    "seed": 28198
  },
  {
    "seed": 28203
  },
  {
    "seed": 28207
  },
  {
    "seed": 28313
  },
  {
    "seed": 28345
  },
  {
    "seed": 28376
  },
  {
    "seed": 28394
  },
  {
    "seed": 28452
  },
  {
    "seed": 28464
  },
  {
    "seed": 28472
  },
  {
    "seed": 28517
  },
  {
    "seed": 28518
  },
  {
    "seed": 28539
  },
  {
    "seed": 28552
  },
  {
    "seed": 28568
  },
  {
    "seed": 28593
  },
  {
    "seed": 28602
  },
  {
    "seed": 28643
  },
  {
    "seed": 28647
  },
  {
    "seed": 28649
  },
  {
    "seed": 28657
  },
  {
    "seed": 28664
  },
  {
    "seed": 28676
  },
  {
    "seed": 28695
  },
  {
    "seed": 28709
  },
  {
    "seed": 28740
  },
  {
    "seed": 28833
  },
  {
    "seed": 28842
  },
  {
    "seed": 28856
  },
  {
    "seed": 28857
  },
  {
    "seed": 28868
  },
  {
    "seed": 28875
  },
  {
    "seed": 28908
  },
  {
    "seed": 28916
  },
  {
    "seed": 28956
  },
  {
    "seed": 29040
  },
  {
    "seed": 29043
  },
  {
    "seed": 29101
  },
  {
    "seed": 29121
  },
  {
    "seed": 29155
  },
  {
    "seed": 29193
  },
  {
    "seed": 29219
  },
  {
    "seed": 29238
  },
  {
    "seed": 29281
  },
  {
    "seed": 29329
  },
  {
    "seed": 29373
  },
  {
    "seed": 29378
  },
  {
    "seed": 29403
  },
  {
    "seed": 29410
  },
  {
    "seed": 29427
  },
  {
    "seed": 29450
  },
  {
    "seed": 29463
  },
  {
    "seed": 29471
  },
  {
    "seed": 29472
  },
  {
    "seed": 29486
  },
  {
    "seed": 29496
  },
  {
    "seed": 29560
  },
  {
    "seed": 29669
  },
  {
    "seed": 29675
  },
  {
    "seed": 29804
  },
  {
    "seed": 29807
  },
  {
    "seed": 29835
  },
  {
    "seed": 29854
  },
  {
    "seed": 29892
  },
  {
    "seed": 29937
  },
  {
    "seed": 29953
  },
  {
    "seed": 30005
  },
  {
    "seed": 30012
  },
  {
    "seed": 30049
  },
  {
    "seed": 30073
  },
  {
    "seed": 30075
  },
  {
    "seed": 30085
  },
  {
    "seed": 30117
  },
  {
    "seed": 30132
  },
  {
    "seed": 30222
  },
  {
    "seed": 30235
  },
  {
    "seed": 30251
  },
  {
    "seed": 30293
  },
  {
    "seed": 30306
  },
  {
    "seed": 30349
  },
  {
    "seed": 30391
  },
  {
    "seed": 30405
  },
  {
    "seed": 30420
  },
  {
    "seed": 30463
  },
  {
    "seed": 30548
  },
  {
    "seed": 30554
  },
  {
    "seed": 30614
  },
  {
    "seed": 30643
  },
  {
    "seed": 30665
  },
  {
    "seed": 30683
  },
  {
    "seed": 30686
  },
  {
    "seed": 30867
  },
  {
    "seed": 30876
  },
  {
    "seed": 30881
  },
  {
    "seed": 30899
  },
  {
    "seed": 30973
  },
  {
    "seed": 30974
  },
  {
    "seed": 31007
  },
  {
    "seed": 31017
  },
  {
    "seed": 31028
  },
  {
    "seed": 31184
  },
  {
    "seed": 31261
  },
  {
    "seed": 31292
  },
  {
    "seed": 31297
  },
  {
    "seed": 31326
  },
  {
    "seed": 31427
  },
  {
    "seed": 31450
  },
  {
    "seed": 31474
  },
  {
    "seed": 31494
  },
  {
    "seed": 31588
  },
  {
    "seed": 31668
  },
  {
    "seed": 31704
  },
  {
    "seed": 31738
  },
  {
    "seed": 31855
  },
  {
    "seed": 31857
  },
  {
    "seed": 31865
  },
  {
    "seed": 31914
  },
  {
    "seed": 31939
  },
  {
    "seed": 31989
  },
  {
    "seed": 32037
  },
  {
    "seed": 32081
  },
  {
    "seed": 32085
  },
  {
    "seed": 32093
  },
  {
    "seed": 32100
  },
  {
    "seed": 32109
  },
  {
    "seed": 32125
  },
  {
    "seed": 32126
  },
  {
    "seed": 32136
  },
  {
    "seed": 32141
  },
  {
    "seed": 32181
  },
  {
    "seed": 32199
  },
  {
    "seed": 32222
  },
  {
    "seed": 32264
  },
  {
    "seed": 32283
  },
  {
    "seed": 32331
  },
  {
    "seed": 32349
  },
  {
    "seed": 32392
  },
  {
    "seed": 32415
  },
  {
    "seed": 32417
  },
  {
    "seed": 32433
  },
  {
    "seed": 32471
  },
  {
    "seed": 32550
  },
  {
    "seed": 32617
  },
  {
    "seed": 32624
  },
  {
    "seed": 32669
  },
  {
    "seed": 32673
  },
  {
    "seed": 32674
  },
  {
    "seed": 32685
  },
  {
    "seed": 32686
  },
  {
    "seed": 32739
  },
  {
    "seed": 32821
  },
  {
    "seed": 32861
  },
  {
    "seed": 32885
  },
  {
    "seed": 32908
  },
  {
    "seed": 32942
  },
  {
    "seed": 32982
  },
  {
    "seed": 33004
  },
  {
    "seed": 33072
  },
  {
    "seed": 33074
  },
  {
    "seed": 33130
  },
  {
    "seed": 33168
  },
  {
    "seed": 33180
  },
  {
    "seed": 33199
  },
  {
    "seed": 33203
  },
  {
    "seed": 33214
  },
  {
    "seed": 33281
  },
  {
    "seed": 33289
  },
  {
    "seed": 33298
  },
  {
    "seed": 33299
  },
  {
    "seed": 33328
  },
  {
    "seed": 33365
  },
  {
    "seed": 33389
  },
  {
    "seed": 33405
  },
  {
    "seed": 33409
  },
  {
    "seed": 33553
  },
  {
    "seed": 33588
  },
  {
    "seed": 33653
  },
  {
    "seed": 33727
  },
  {
    "seed": 33781
  },
  {
    "seed": 33793
  },
  {
    "seed": 33834
  },
  {
    "seed": 33845
  },
  {
    "seed": 33847
  },
  {
    "seed": 33889
  },
  {
    "seed": 33901
  },
  {
    "seed": 33902
  },
  {
    "seed": 33909
  },
  {
    "seed": 33924
  },
  {
    "seed": 33959
  },
  {
    "seed": 33974
  },
  {
    "seed": 33998
  },
  {
    "seed": 34019
  },
  {
    "seed": 34047
  },
  {
    "seed": 34109
  },
  {
    "seed": 34119
  },
  {
    "seed": 34122
  },
  {
    "seed": 34233
  },
  {
    "seed": 34301
  },
  {
    "seed": 34311
  },
  {
    "seed": 34354
  },
  {
    "seed": 34373
  },
  {
    "seed": 34424
  },
  {
    "seed": 34445
  },
  {
    "seed": 34522
  },
  {
    "seed": 34567
  },
  {
    "seed": 34579
  },
  {
    "seed": 34587
  },
  {
    "seed": 34592
  },
  {
    "seed": 34602
  },
  {
    "seed": 34612
  },
  {
    "seed": 34621
  },
  {
    "seed": 34638
  },
  {
    "seed": 34683
  },
  {
    "seed": 34689
  },
  {
    "seed": 34707
  },
  {
    "seed": 34756
  },
  {
    "seed": 34768
  },
  {
    "seed": 34779
  },
  {
    "seed": 34786
  },
  {
    "seed": 34794
  },
  {
    "seed": 34803
  },
  {
    "seed": 34820
  },
  {
    "seed": 34888
  },
  {
    "seed": 34898
  },
  {
    "seed": 34913
  },
  {
    "seed": 35040
  },
  {
    "seed": 35069
  },
  {
    "seed": 35092
  },
  {
    "seed": 35098
  },
  {
    "seed": 35124
  },
  {
    "seed": 35127
  },
  {
    "seed": 35216
  },
  {
    "seed": 35220
  },
  {
    "seed": 35284
  },
  {
    "seed": 35348
  },
  {
    "seed": 35353
  },
  {
    "seed": 35363
  },
  {
    "seed": 35374
  },
  {
    "seed": 35397
  },
  {
    "seed": 35399
  },
  {
    "seed": 35415
  },
  {
    "seed": 35435
  },
  {
    "seed": 35450
  },
  {
    "seed": 35452
  },
  {
    "seed": 35464
  },
  {
    "seed": 35469
  },
  {
    "seed": 35472
  },
  {
    "seed": 35476
  },
  {
    "seed": 35483
  },
  {
    "seed": 35495
  },
  {
    "seed": 35530
  },
  {
    "seed": 35577
  },
  {
    "seed": 35601
  },
  {
    "seed": 35613
  },
  {
    "seed": 35658
  },
  {
    "seed": 35660
  },
  {
    "seed": 35680
  },
  {
    "seed": 35717
  },
  {
    "seed": 35743
  },
  {
    "seed": 35753
  },
  {
    "seed": 35810
  },
  {
    "seed": 35883
  },
  {
    "seed": 35891
  },
  {
    "seed": 35892
  },
  {
    "seed": 35922
  },
  {
    "seed": 35938
  },
  {
    "seed": 35978
  },
  {
    "seed": 35980
  },
  {
    "seed": 35982
  },
  {
    "seed": 35993
  },
  {
    "seed": 36016
  },
  {
    "seed": 36020
  },
  {
    "seed": 36023
  },
  {
    "seed": 36041
  },
  {
    "seed": 36082
  },
  {
    "seed": 36145
  },
  {
    "seed": 36154
  },
  {
    "seed": 36233
  },
  {
    "seed": 36277
  },
  {
    "seed": 36287
  },
  {
    "seed": 36318
  },
  {
    "seed": 36328
  },
  {
    "seed": 36347
  },
  {
    "seed": 36369
  },
  {
    "seed": 36376
  },
  {
    "seed": 36402
  },
  {
    "seed": 36498
  },
  {
    "seed": 36536
  },
  {
    "seed": 36594
  },
  {
    "seed": 36595
  },
  {
    "seed": 36621
  },
  {
    "seed": 36698
  },
  {
    "seed": 36710
  },
  {
    "seed": 36729
  },
  {
    "seed": 36733
  },
  {
    "seed": 36767
  },
  {
    "seed": 36778
  },
  {
    "seed": 36808
  },
  {
    "seed": 36824
  },
  {
    "seed": 36827
  },
  {
    "seed": 36856
  },
  {
    "seed": 36906
  },
  {
    "seed": 36957
  },
  {
    "seed": 36991
  },
  {
    "seed": 37030
  },
  {
    "seed": 37059
  },
  {
    "seed": 37124
  },
  {
    "seed": 37131
  },
  {
    "seed": 37153
  },
  {
    "seed": 37157
  },
  {
    "seed": 37158
  },
  {
    "seed": 37205
  },
  {
    "seed": 37244
  },
  {
    "seed": 37296
  },
  {
    "seed": 37320
  },
  {
    "seed": 37350
  },
  {
    "seed": 37410
  },
  {
    "seed": 37413
  },
  {
    "seed": 37443
  },
  {
    "seed": 37468
  },
  {
    "seed": 37507
  },
  {
    "seed": 37566
  },
  {
    "seed": 37569
  },
  {
    "seed": 37632
  },
  {
    "seed": 37660
  },
  {
    "seed": 37672
  },
  {
    "seed": 37692
  },
  {
    "seed": 37719
  },
  {
    "seed": 37739
  },
  {
    "seed": 37741
  },
  {
    "seed": 37793
  },
  {
    "seed": 37821
  },
  {
    "seed": 37850
  },
  {
    "seed": 37858
  },
  {
    "seed": 37910
  },
  {
    "seed": 37915
  },
  {
    "seed": 37930
  },
  {
    "seed": 37953
  },
  {
    "seed": 38009
  },
  {
    "seed": 38028
  },
  {
    "seed": 38083
  },
  {
    "seed": 38096
  },
  {
    "seed": 38112
  },
  {
    "seed": 38156
  },
  {
    "seed": 38174
  },
  {
    "seed": 38175
  },
  {
    "seed": 38245
  },
  {
    "seed": 38300
  },
  {
    "seed": 38305
  },
  {
    "seed": 38312
  },
  {
    "seed": 38354
  },
  {
    "seed": 38368
  },
  {
    "seed": 38415
  },
  {
    "seed": 38423
  },
  {
    "seed": 38457
  },
  {
    "seed": 38458
  },
  {
    "seed": 38483
  },
  {
    "seed": 38498
  },
  {
    "seed": 38534
  },
  {
    "seed": 38546
  },
  {
    "seed": 38552
  },
  {
    "seed": 38622
  },
  {
    "seed": 38641
  },
  {
    "seed": 38642
  },
  {
    "seed": 38686
  },
  {
    "seed": 38734
  },
  {
    "seed": 38755
  },
  {
    "seed": 38759
  },
  {
    "seed": 38775
  },
  {
    "seed": 38865
  },
  {
    "seed": 38886
  },
  {
    "seed": 38931
  },
  {
    "seed": 38945
  },
  {
    "seed": 38985
  },
  {
    "seed": 38987
  },
  {
    "seed": 38988
  },
  {
    "seed": 38992
  },
  {
    "seed": 39017
  },
  {
    "seed": 39031
  },
  {
    "seed": 39048
  },
  {
    "seed": 39052
  },
  {
    "seed": 39092
  },
  {
    "seed": 39115
  },
  {
    "seed": 39120
  },
  {
    "seed": 39147
  },
  {
    "seed": 39161
  },
  {
    "seed": 39163
  },
  {
    "seed": 39168
  },
  {
    "seed": 39170
  },
  {
    "seed": 39211
  },
  {
    "seed": 39347
  },
  {
    "seed": 39351
  },
  {
    "seed": 39382
  },
  {
    "seed": 39471
  },
  {
    "seed": 39490
  },
  {
    "seed": 39493
  },
  {
    "seed": 39501
  },
  {
    "seed": 39531
  },
  {
    "seed": 39542
  },
  {
    "seed": 39610
  },
  {
    "seed": 39684
  },
  {
    "seed": 39693
  },
  {
    "seed": 39701
  },
  {
    "seed": 39702
  },
  {
    "seed": 39741
  },
  {
    "seed": 39760
  },
  {
    "seed": 39777
  },
  {
    "seed": 39791
  },
  {
    "seed": 39841
  },
  {
    "seed": 39850
  },
  {
    "seed": 39881
  },
  {
    "seed": 39914
  },
  {
    "seed": 39933
  },
  {
    "seed": 39966
  },
  {
    "seed": 40045
  },
  {
    "seed": 40076
  },
  {
    "seed": 40086
  },
  {
    "seed": 40094
  },
  {
    "seed": 40128
  },
  {
    "seed": 40129
  },
  {
    "seed": 40190
  },
  {
    "seed": 40252
  },
  {
    "seed": 40285
  },
  {
    "seed": 40300
  },
  {
    "seed": 40334
  },
  {
    "seed": 40340
  },
  {
    "seed": 40343
  },
  {
    "seed": 40381
  },
  {
    "seed": 40383
  },
  {
    "seed": 40384
  },
  {
    "seed": 40399
  },
  {
    "seed": 40421
  },
  {
    "seed": 40461
  },
  {
    "seed": 40466
  },
  {
    "seed": 40496
  },
  {
    "seed": 40514
  },
  {
    "seed": 40594
  },
  {
    "seed": 40611
  },
  {
    "seed": 40620
  },
  {
    "seed": 40644
  },
  {
    "seed": 40676
  },
  {
    "seed": 40740
  },
  {
    "seed": 40742
  },
  {
    "seed": 40773
  },
  {
    "seed": 40774
  },
  {
    "seed": 40813
  },
  {
    "seed": 40849
  },
  {
    "seed": 40865
  },
  {
    "seed": 40869
  },
  {
    "seed": 40901
  },
  {
    "seed": 40914
  },
  {
    "seed": 40967
  },
  {
    "seed": 41012
  },
  {
    "seed": 41034
  },
  {
    "seed": 41055
  },
  {
    "seed": 41080
  },
  {
    "seed": 41144
  },
  {
    "seed": 41190
  },
  {
    "seed": 41196
  },
  {
    "seed": 41220
  },
  {
    "seed": 41312
  },
  {
    "seed": 41313
  },
  {
    "seed": 41319
  },
  {
    "seed": 41349
  },
  {
    "seed": 41353
  },
  {
    "seed": 41376
  },
  {
    "seed": 41427
  },
  {
    "seed": 41430
  },
  {
    "seed": 41443
  },
  {
    "seed": 41484
  },
  {
    "seed": 41490
  },
  {
    "seed": 41493
  },
  {
    "seed": 41525
  },
  {
    "seed": 41569
  },
  {
    "seed": 41572
  },
  {
    "seed": 41638
  },
  {
    "seed": 41661
  },
  {
    "seed": 41703
  },
  {
    "seed": 41806
  },
  {
    "seed": 41862
  },
  {
    "seed": 41865
  },
  {
    "seed": 41963
  },
  {
    "seed": 41972
  },
  {
    "seed": 42060
  },
  {
    "seed": 42067
  },
  {
    "seed": 42080
  },
  {
    "seed": 42085
  },
  {
    "seed": 42092
  },
  {
    "seed": 42125
  },
  {
    "seed": 42131
  },
  {
    "seed": 42228
  },
  {
    "seed": 42241
  },
  {
    "seed": 42306
  },
  {
    "seed": 42313
  },
  {
    "seed": 42344
  },
  {
    "seed": 42357
  },
  {
    "seed": 42359
  },
  {
    "seed": 42395
  },
  {
    "seed": 42405
  },
  {
    "seed": 42458
  },
  {
    "seed": 42503
  },
  {
    "seed": 42508
  },
  {
    "seed": 42581
  },
  {
    "seed": 42606
  },
  {
    "seed": 42619
  },
  {
    "seed": 42641
  },
  {
    "seed": 42652
  },
  {
    "seed": 42708
  },
  {
    "seed": 42714
  },
  {
    "seed": 42742
  },
  {
    "seed": 42809
  },
  {
    "seed": 42927
  },
  {
    "seed": 42937
  },
  {
    "seed": 42945
  },
  {
    "seed": 43002
  },
  {
    "seed": 43013
  },
  {
    "seed": 43017
  },
  {
    "seed": 43043
  },
  {
    "seed": 43064
  },
  {
    "seed": 43108
  },
  {
    "seed": 43167
  },
  {
    "seed": 43175
  },
  {
    "seed": 43270
  },
  {
    "seed": 43325
  },
  {
    "seed": 43366
  },
  {
    "seed": 43375
  },
  {
    "seed": 43410
  },
  {
    "seed": 43426
  },
  {
    "seed": 43479
  },
  {
    "seed": 43604
  },
  {
    "seed": 43629
  },
  {
    "seed": 43630
  },
  {
    "seed": 43676
  },
  {
    "seed": 43717
  },
  {
    "seed": 43754
  },
  {
    "seed": 43820
  },
  {
    "seed": 43868
  },
  {
    "seed": 43906
  },
  {
    "seed": 43936
  },
  {
    "seed": 43939
  },
  {
    "seed": 43971
  },
  {
    "seed": 43973
  },
  {
    "seed": 44029
  },
  {
    "seed": 44033
  },
  {
    "seed": 44041
  },
  {
    "seed": 44047
  },
  {
    "seed": 44048
  },
  {
    "seed": 44055
  },
  {
    "seed": 44092
  },
  {
    "seed": 44119
  },
  {
    "seed": 44242
  },
  {
    "seed": 44261
  },
  {
    "seed": 44263
  },
  {
    "seed": 44281
  },
  {
    "seed": 44282
  },
  {
    "seed": 44319
  },
  {
    "seed": 44348
  },
  {
    "seed": 44385
  },
  {
    "seed": 44412
  },
  {
    "seed": 44465
  },
  {
    "seed": 44481
  },
  {
    "seed": 44488
  },
  {
    "seed": 44614
  },
  {
    "seed": 44627
  },
  {
    "seed": 44643
  },
  {
    "seed": 44713
  },
  {
    "seed": 44751
  },
  {
    "seed": 44781
  },
  {
    "seed": 44815
  },
  {
    "seed": 44847
  },
  {
    "seed": 44926
  },
  {
    "seed": 44931
  },
  {
    "seed": 44958
  },
  {
    "seed": 44981
  },
  {
    "seed": 45074
  },
  {
    "seed": 45076
  },
  {
    "seed": 45078
  },
  {
    "seed": 45135
  },
  {
    "seed": 45150
  },
  {
    "seed": 45153
  },
  {
    "seed": 45158
  },
  {
    "seed": 45215
  },
  {
    "seed": 45248
  },
  {
    "seed": 45267
  },
  {
    "seed": 45277
  },
  {
    "seed": 45359
  },
  {
    "seed": 45388
  },
  {
    "seed": 45404
  },
  {
    "seed": 45419
  },
  {
    "seed": 45431
  },
  {
    "seed": 45484
  },
  {
    "seed": 45529
  },
  {
    "seed": 45566
  },
  {
    "seed": 45626
  },
  {
    "seed": 45643
  },
  {
    "seed": 45699
  },
  {
    "seed": 45722
  },
  {
    "seed": 45784
  },
  {
    "seed": 45802
  },
  {
    "seed": 45812
  },
  {
    "seed": 45878
  },
  {
    "seed": 45914
  },
  {
    "seed": 45915
  },
  {
    "seed": 45918
  },
  {
    "seed": 45929
  },
  {
    "seed": 45933
  },
  {
    "seed": 45962
  },
  {
    "seed": 46010
  },
  {
    "seed": 46017
  },
  {
    "seed": 46036
  },
  {
    "seed": 46114
  },
  {
    "seed": 46172
  },
  {
    "seed": 46298
  },
  {
    "seed": 46305
  },
  {
    "seed": 46331
  },
  {
    "seed": 46358
  },
  {
    "seed": 46369
  },
  {
    "seed": 46371
  },
  {
    "seed": 46377
  },
  {
    "seed": 46397
  },
  {
    "seed": 46433
  },
  {
    "seed": 46446
  },
  {
    "seed": 46460
  },
  {
    "seed": 46472
  },
  {
    "seed": 46533
  },
  {
    "seed": 46541
  },
  {
    "seed": 46562
  },
  {
    "seed": 46576
  },
  {
    "seed": 46624
  },
  {
    "seed": 46733
  },
  {
    "seed": 46737
  },
  {
    "seed": 46757
  },
  {
    "seed": 46807
  },
  {
    "seed": 46810
  },
  {
    "seed": 46856
  },
  {
    "seed": 46860
  },
  {
    "seed": 46877
  },
  {
    "seed": 46911
  },
  {
    "seed": 46992
  },
  {
    "seed": 47021
  },
  {
    "seed": 47038
  },
  {
    "seed": 47068
  },
  {
    "seed": 47072
  },
  {
    "seed": 47079
  },
  {
    "seed": 47128
  },
  {
    "seed": 47132
  },
  {
    "seed": 47156
  },
  {
    "seed": 47178
  },
  {
    "seed": 47217
  },
  {
    "seed": 47232
  },
  {
    "seed": 47300
  },
  {
    "seed": 47356
  },
  {
    "seed": 47357
  },
  {
    "seed": 47381
  },
  {
    "seed": 47393
  },
  {
    "seed": 47403
  },
  {
    "seed": 47427
  },
  {
    "seed": 47447
  },
  {
    "seed": 47509
  },
  {
    "seed": 47530
  },
  {
    "seed": 47569
  },
  {
    "seed": 47577
  },
  {
    "seed": 47612
  },
  {
    "seed": 47631
  },
  {
    "seed": 47645
  },
  {
    "seed": 47660
  },
  {
    "seed": 47700
  },
  {
    "seed": 47723
  },
  {
    "seed": 47754
  },
  {
    "seed": 47757
  },
  {
    "seed": 47770
  },
  {
    "seed": 47822
  },
  {
    "seed": 47861
  },
  {
    "seed": 47867
  },
  {
    "seed": 47889
  },
  {
    "seed": 47896
  },
  {
    "seed": 47907
  },
  {
    "seed": 47936
  },
  {
    "seed": 47949
  },
  {
    "seed": 48017
  },
  {
    "seed": 48044
  },
  {
    "seed": 48056
  },
  {
    "seed": 48115
  },
  {
    "seed": 48128
  },
  {
    "seed": 48144
  },
  {
    "seed": 48156
  },
  {
    "seed": 48160
  },
  {
    "seed": 48171
  },
  {
    "seed": 48180
  },
  {
    "seed": 48188
  },
  {
    "seed": 48246
  },
  {
    "seed": 48248
  },
  {
    "seed": 48282
  },
  {
    "seed": 48379
  },
  {
    "seed": 48410
  },
  {
    "seed": 48489
  },
  {
    "seed": 48557
  },
  {
    "seed": 48588
  },
  {
    "seed": 48591
  },
  {
    "seed": 48603
  },
  {
    "seed": 48625
  },
  {
    "seed": 48651
  },
  {
    "seed": 48656
  },
  {
    "seed": 48668
  },
  {
    "seed": 48686
  },
  {
    "seed": 48703
  },
  {
    "seed": 48709
  },
  {
    "seed": 48770
  },
  {
    "seed": 48781
  },
  {
    "seed": 48883
  },
  {
    "seed": 48908
  },
  {
    "seed": 48914
  },
  {
    "seed": 48993
  },
  {
    "seed": 49020
  },
  {
    "seed": 49054
  },
  {
    "seed": 49056
  },
  {
    "seed": 49124
  },
  {
    "seed": 49154
  },
  {
    "seed": 49192
  },
  {
    "seed": 49216
  },
  {
    "seed": 49217
  },
  {
    "seed": 49219
  },
  {
    "seed": 49250
  },
  {
    "seed": 49322
  },
  {
    "seed": 49343
  },
  {
    "seed": 49414
  },
  {
    "seed": 49425
  },
  {
    "seed": 49436
  },
  {
    "seed": 49438
  },
  {
    "seed": 49459
  },
  {
    "seed": 49504
  },
  {
    "seed": 49521
  },
  {
    "seed": 49569
  },
  {
    "seed": 49571
  },
  {
    "seed": 49736
  },
  {
    "seed": 49747
  },
  {
    "seed": 49783
  },
  {
    "seed": 49845
  },
  {
    "seed": 49850
  },
  {
    "seed": 49867
  },
  {
    "seed": 49886
  },
  {
    "seed": 49893
  },
  {
    "seed": 49904
  },
  {
    "seed": 49907
  },
  {
    "seed": 49925
  },
  {
    "seed": 49988
  },
  {
    "seed": 49999
  },
  {
    "seed": 50049
  },
  {
    "seed": 50068
  },
  {
    "seed": 50078
  },
  {
    "seed": 50120
  },
  {
    "seed": 50128
  },
  {
    "seed": 50135
  },
  {
    "seed": 50139
  },
  {
    "seed": 50173
  },
  {
    "seed": 50183
  },
  {
    "seed": 50186
  },
  {
    "seed": 50260
  },
  {
    "seed": 50264
  },
  {
    "seed": 50290
  },
  {
    "seed": 50307
  },
  {
    "seed": 50335
  },
  {
    "seed": 50339
  },
  {
    "seed": 50372
  },
  {
    "seed": 50387
  },
  {
    "seed": 50415
  },
  {
    "seed": 50441
  },
  {
    "seed": 50463
  },
  {
    "seed": 50491
  },
  {
    "seed": 50503
  },
  {
    "seed": 50586
  },
  {
    "seed": 50601
  },
  {
    "seed": 50606
  },
  {
    "seed": 50610
  },
  {
    "seed": 50618
  },
  {
    "seed": 50678
  },
  {
    "seed": 50715
  },
  {
    "seed": 50719
  },
  {
    "seed": 50723
  },
  {
    "seed": 50796
  },
  {
    "seed": 50838
  },
  {
    "seed": 50849
  },
  {
    "seed": 50868
  },
  {
    "seed": 50881
  },
  {
    "seed": 50886
  },
  {
    "seed": 50892
  },
  {
    "seed": 50895
  },
  {
    "seed": 50904
  },
  {
    "seed": 50915
  },
  {
    "seed": 50930
  },
  {
    "seed": 50942
  },
  {
    "seed": 50945
  },
  {
    "seed": 50973
  },
  {
    "seed": 50977
  },
  {
    "seed": 50978
  },
  {
    "seed": 50980
  },
  {
    "seed": 50984
  },
  {
    "seed": 51021
  },
  {
    "seed": 51025
  },
  {
    "seed": 51056
  },
  {
    "seed": 51078
  },
  {
    "seed": 51085
  },
  {
    "seed": 51146
  },
  {
    "seed": 51149
  },
  {
    "seed": 51167
  },
  {
    "seed": 51183
  },
  {
    "seed": 51187
  },
  {
    "seed": 51218
  },
  {
    "seed": 51242
  },
  {
    "seed": 51294
  },
  {
    "seed": 51300
  },
  {
    "seed": 51302
  },
  {
    "seed": 51303
  },
  {
    "seed": 51328
  },
  {
    "seed": 51354
  },
  {
    "seed": 51398
  },
  {
    "seed": 51439
  },
  {
    "seed": 51449
  },
  {
    "seed": 51458
  },
  {
    "seed": 51468
  },
  {
    "seed": 51503
  },
  {
    "seed": 51513
  },
  {
    "seed": 51537
  },
  {
    "seed": 51564
  },
  {
    "seed": 51582
  },
  {
    "seed": 51604
  },
  {
    "seed": 51776
  },
  {
    "seed": 51807
  },
  {
    "seed": 51923
  },
  {
    "seed": 51931
  },
  {
    "seed": 51976
  },
  {
    "seed": 51984
  },
  {
    "seed": 52040
  },
  {
    "seed": 52057
  },
  {
    "seed": 52058
  },
  {
    "seed": 52070
  },
  {
    "seed": 52075
  },
  {
    "seed": 52078
  },
  {
    "seed": 52243
  },
  {
    "seed": 52268
  },
  {
    "seed": 52280
  },
  {
    "seed": 52308
  },
  {
    "seed": 52330
  },
  {
    "seed": 52355
  },
  {
    "seed": 52447
  },
  {
    "seed": 52448
  },
  {
    "seed": 52478
  },
  {
    "seed": 52485
  },
  {
    "seed": 52491
  },
  {
    "seed": 52492
  },
  {
    "seed": 52508
  },
  {
    "seed": 52515
  },
  {
    "seed": 52521
  },
  {
    "seed": 52522
  },
  {
    "seed": 52538
  },
  {
    "seed": 52539
  },
  {
    "seed": 52542
  },
  {
    "seed": 52710
  },
  {
    "seed": 52711
  },
  {
    "seed": 52725
  },
  {
    "seed": 52759
  },
  {
    "seed": 52777
  },
  {
    "seed": 52795
  },
  {
    "seed": 52842
  },
  {
    "seed": 52981
  },
  {
    "seed": 52997
  },
  {
    "seed": 53006
  },
  {
    "seed": 53022
  },
  {
    "seed": 53045
  },
  {
    "seed": 53095
  },
  {
    "seed": 53109
  },
  {
    "seed": 53116
  },
  {
    "seed": 53204
  },
  {
    "seed": 53209
  },
  {
    "seed": 53227
  },
  {
    "seed": 53249
  },
  {
    "seed": 53289
  },
  {
    "seed": 53309
  },
  {
    "seed": 53326
  },
  {
    "seed": 53333
  },
  {
    "seed": 53338
  },
  {
    "seed": 53411
  },
  {
    "seed": 53413
  },
  {
    "seed": 53478
  },
  {
    "seed": 53519
  },
  {
    "seed": 53546
  },
  {
    "seed": 53567
  },
  {
    "seed": 53617
  },
  {
    "seed": 53639
  },
  {
    "seed": 53647
  },
  {
    "seed": 53684
  },
  {
    "seed": 53699
  },
  {
    "seed": 53820
  },
  {
    "seed": 53821
  },
  {
    "seed": 54006
  },
  {
    "seed": 54025
  },
  {
    "seed": 54029
  },
  {
    "seed": 54042
  },
  {
    "seed": 54086
  },
  {
    "seed": 54162
  },
  {
    "seed": 54241
  },
  {
    "seed": 54293
  },
  {
    "seed": 54296
  },
  {
    "seed": 54304
  },
  {
    "seed": 54495
  },
  {
    "seed": 54499
  },
  {
    "seed": 54530
  },
  {
    "seed": 54537
  },
  {
    "seed": 54551
  },
  {
    "seed": 54650
  },
  {
    "seed": 54657
  },
  {
    "seed": 54659
  },
  {
    "seed": 54694
  },
  {
    "seed": 54747
  },
  {
    "seed": 54750
  },
  {
    "seed": 54758
  },
  {
    "seed": 54764
  },
  {
    "seed": 54766
  },
  {
    "seed": 54771
  },
  {
    "seed": 54796
  },
  {
    "seed": 54831
  },
  {
    "seed": 54842
  },
  {
    "seed": 54876
  },
  {
    "seed": 54887
  },
  {
    "seed": 54899
  },
  {
    "seed": 54932
  },
  {
    "seed": 54956
  },
  {
    "seed": 54975
  },
  {
    "seed": 54983
  },
  {
    "seed": 55101
  },
  {
    "seed": 55130
  },
  {
    "seed": 55176
  },
  {
    "seed": 55190
  },
  {
    "seed": 55217
  },
  {
    "seed": 55235
  },
  {
    "seed": 55242
  },
  {
    "seed": 55262
  },
  {
    "seed": 55269
  },
  {
    "seed": 55285
  },
  {
    "seed": 55348
  },
  {
    "seed": 55349
  },
  {
    "seed": 55362
  },
  {
    "seed": 55402
  },
  {
    "seed": 55431
  },
  {
    "seed": 55434
  },
  {
    "seed": 55447
  },
  {
    "seed": 55454
  },
  {
    "seed": 55503
  },
  {
    "seed": 55532
  },
  {
    "seed": 55623
  },
  {
    "seed": 55660
  },
  {
    "seed": 55676
  },
  {
    "seed": 55681
  },
  {
    "seed": 55708
  },
  {
    "seed": 55744
  },
  {
    "seed": 55802
  },
  {
    "seed": 55854
  },
  {
    "seed": 55875
  },
  {
    "seed": 55907
  },
  {
    "seed": 55923
  },
  {
    "seed": 55933
  },
  {
    "seed": 55953
  },
  {
    "seed": 56087
  },
  {
    "seed": 56102
  },
  {
    "seed": 56122
  },
  {
    "seed": 56194
  },
  {
    "seed": 56218
  },
  {
    "seed": 56229
  },
  {
    "seed": 56369
  },
  {
    "seed": 56425
  },
  {
    "seed": 56469
  },
  {
    "seed": 56476
  },
  {
    "seed": 56556
  },
  {
    "seed": 56596
  },
  {
    "seed": 56656
  },
  {
    "seed": 56659
  },
  {
    "seed": 56693
  },
  {
    "seed": 56695
  },
  {
    "seed": 56701
  },
  {
    "seed": 56702
  },
  {
    "seed": 56705
  },
  {
    "seed": 56805
  },
  {
    "seed": 56871
  },
  {
    "seed": 56893
  },
  {
    "seed": 56967
  },
  {
    "seed": 57018
  },
  {
    "seed": 57019
  },
  {
    "seed": 57022
  },
  {
    "seed": 57052
  },
  {
    "seed": 57067
  },
  {
    "seed": 57086
  },
  {
    "seed": 57092
  },
  {
    "seed": 57098
  },
  {
    "seed": 57123
  },
  {
    "seed": 57133
  },
  {
    "seed": 57143
  },
  {
    "seed": 57159
  },
  {
    "seed": 57164
  },
  {
    "seed": 57168
  },
  {
    "seed": 57172
  },
  {
    "seed": 57184
  },
  {
    "seed": 57217
  },
  {
    "seed": 57248
  },
  {
    "seed": 57281
  },
  {
    "seed": 57288
  },
  {
    "seed": 57290
  },
  {
    "seed": 57293
  },
  {
    "seed": 57295
  },
  {
    "seed": 57304
  },
  {
    "seed": 57314
  },
  {
    "seed": 57321
  },
  {
    "seed": 57324
  },
  {
    "seed": 57350
  },
  {
    "seed": 57361
  },
  {
    "seed": 57382
  },
  {
    "seed": 57405
  },
  {
    "seed": 57451
  },
  {
    "seed": 57499
  },
  {
    "seed": 57506
  },
  {
    "seed": 57532
  },
  {
    "seed": 57541
  },
  {
    "seed": 57551
  },
  {
    "seed": 57600
  },
  {
    "seed": 57727
  },
  {
    "seed": 57736
  },
  {
    "seed": 57799
  },
  {
    "seed": 57845
  },
  {
    "seed": 57850
  },
  {
    "seed": 57852
  },
  {
    "seed": 57917
  },
  {
    "seed": 57923
  },
  {
    "seed": 57935
  },
  {
    "seed": 57941
  },
  {
    "seed": 57948
  },
  {
    "seed": 57961
  },
  {
    "seed": 57966
  },
  {
    "seed": 57976
  },
  {
    "seed": 58038
  },
  {
    "seed": 58069
  },
  {
    "seed": 58072
  },
  {
    "seed": 58091
  },
  {
    "seed": 58106
  },
  {
    "seed": 58141
  },
  {
    "seed": 58235
  },
  {
    "seed": 58306
  },
  {
    "seed": 58318
  },
  {
    "seed": 58349
  },
  {
    "seed": 58446
  },
  {
    "seed": 58452
  },
  {
    "seed": 58477
  },
  {
    "seed": 58518
  },
  {
    "seed": 58573
  },
  {
    "seed": 58583
  },
  {
    "seed": 58588
  },
  {
    "seed": 58608
  },
  {
    "seed": 58670
  },
  {
    "seed": 58678
  },
  {
    "seed": 58745
  },
  {
    "seed": 58757
  },
  {
    "seed": 58820
  },
  {
    "seed": 58828
  },
  {
    "seed": 58842
  },
  {
    "seed": 58900
  },
  {
    "seed": 58935
  },
  {
    "seed": 58996
  },
  {
    "seed": 59006
  },
  {
    "seed": 59018
  },
  {
    "seed": 59031
  },
  {
    "seed": 59033
  },
  {
    "seed": 59051
  },
  {
    "seed": 59108
  },
  {
    "seed": 59184
  },
  {
    "seed": 59207
  },
  {
    "seed": 59210
  },
  {
    "seed": 59233
  },
  {
    "seed": 59243
  },
  {
    "seed": 59256
  },
  {
    "seed": 59314
  },
  {
    "seed": 59318
  },
  {
    "seed": 59327
  },
  {
    "seed": 59386
  },
  {
    "seed": 59459
  },
  {
    "seed": 59498
  },
  {
    "seed": 59503
  },
  {
    "seed": 59547
  },
  {
    "seed": 59550
  },
  {
    "seed": 59599
  },
  {
    "seed": 59600
  },
  {
    "seed": 59609
  },
  {
    "seed": 59642
  },
  {
    "seed": 59651
  },
  {
    "seed": 59706
  },
  {
    "seed": 59772
  },
  {
    "seed": 59799
  },
  {
    "seed": 59813
  },
  {
    "seed": 59836
  },
  {
    "seed": 59933
  },
  {
    "seed": 59937
  },
  {
    "seed": 59996
  },
  {
    "seed": 60006
  },
  {
    "seed": 60024
  },
  {
    "seed": 60060
  },
  {
    "seed": 60172
  },
  {
    "seed": 60213
  },
  {
    "seed": 60229
  },
  {
    "seed": 60235
  },
  {
    "seed": 60257
  },
  {
    "seed": 60282
  },
  {
    "seed": 60286
  },
  {
    "seed": 60368
  },
  {
    "seed": 60420
  },
  {
    "seed": 60451
  },
  {
    "seed": 60494
  },
  {
    "seed": 60551
  },
  {
    "seed": 60566
  },
  {
    "seed": 60568
  },
  {
    "seed": 60667
  },
  {
    "seed": 60677
  },
  {
    "seed": 60679
  },
  {
    "seed": 60716
  },
  {
    "seed": 60731
  },
  {
    "seed": 60754
  },
  {
    "seed": 60780
  },
  {
    "seed": 60802
  },
  {
    "seed": 60851
  },
  {
    "seed": 60904
  },
  {
    "seed": 60906
  },
  {
    "seed": 60925
  },
  {
    "seed": 60928
  },
  {
    "seed": 60954
  },
  {
    "seed": 60968
  },
  {
    "seed": 60985
  },
  {
    "seed": 60996
  },
  {
    "seed": 61008
  },
  {
    "seed": 61009
  },
  {
    "seed": 61035
  },
  {
    "seed": 61063
  },
  {
    "seed": 61068
  },
  {
    "seed": 61091
  },
  {
    "seed": 61092
  },
  {
    "seed": 61132
  },
  {
    "seed": 61143
  },
  {
    "seed": 61150
  },
  {
    "seed": 61171
  },
  {
    "seed": 61172
  },
  {
    "seed": 61174
  },
  {
    "seed": 61317
  },
  {
    "seed": 61328
  },
  {
    "seed": 61331
  },
  {
    "seed": 61335
  },
  {
    "seed": 61403
  },
  {
    "seed": 61429
  },
  {
    "seed": 61438
  },
  {
    "seed": 61469
  },
  {
    "seed": 61470
  },
  {
    "seed": 61485
  },
  {
    "seed": 61488
  },
  {
    "seed": 61595
  },
  {
    "seed": 61629
  },
  {
    "seed": 61659
  },
  {
    "seed": 61676
  },
  {
    "seed": 61683
  },
  {
    "seed": 61709
  },
  {
    "seed": 61722
  },
  {
    "seed": 61754
  },
  {
    "seed": 61822
  },
  {
    "seed": 61903
  },
  {
    "seed": 61914
  },
  {
    "seed": 61919
  },
  {
    "seed": 61984
  },
  {
    "seed": 62029
  },
  {
    "seed": 62066
  },
  {
    "seed": 62081
  },
  {
    "seed": 62089
  },
  {
    "seed": 62092
  },
  {
    "seed": 62108
  },
  {
    "seed": 62116
  },
  {
    "seed": 62121
  },
  {
    "seed": 62129
  },
  {
    "seed": 62151
  },
  {
    "seed": 62159
  },
  {
    "seed": 62169
  },
  {
    "seed": 62188
  },
  {
    "seed": 62193
  },
  {
    "seed": 62200
  },
  {
    "seed": 62245
  },
  {
    "seed": 62279
  },
  {
    "seed": 62283
  },
  {
    "seed": 62292
  },
  {
    "seed": 62320
  },
  {
    "seed": 62340
  },
  {
    "seed": 62452
  },
  {
    "seed": 62552
  },
  {
    "seed": 62570
  },
  {
    "seed": 62577
  },
  {
    "seed": 62598
  },
  {
    "seed": 62653
  },
  {
    "seed": 62663
  },
  {
    "seed": 62674
  },
  {
    "seed": 62698
  },
  {
    "seed": 62738
  },
  {
    "seed": 62745
  },
  {
    "seed": 62772
  },
  {
    "seed": 62773
  },
  {
    "seed": 62781
  },
  {
    "seed": 62819
  },
  {
    "seed": 62860
  },
  {
    "seed": 62863
  },
  {
    "seed": 62881
  },
  {
    "seed": 62910
  },
  {
    "seed": 62919
  },
  {
    "seed": 62950
  },
  {
    "seed": 63000
  },
  {
    "seed": 63051
  },
  {
    "seed": 63093
  },
  {
    "seed": 63219
  },
  {
    "seed": 63315
  },
  {
    "seed": 63317
  },
  {
    "seed": 63349
  },
  {
    "seed": 63369
  },
  {
    "seed": 63442
  },
  {
    "seed": 63471
  },
  {
    "seed": 63515
  },
  {
    "seed": 63624
  },
  {
    "seed": 63641
  },
  {
    "seed": 63684
  },
  {
    "seed": 63719
  },
  {
    "seed": 63767
  },
  {
    "seed": 63830
  },
  {
    "seed": 63834
  },
  {
    "seed": 63841
  },
  {
    "seed": 63854
  },
  {
    "seed": 63858
  },
  {
    "seed": 64039
  },
  {
    "seed": 64088
  },
  {
    "seed": 64145
  },
  {
    "seed": 64202
  },
  {
    "seed": 64206
  },
  {
    "seed": 64216
  },
  {
    "seed": 64238
  },
  {
    "seed": 64330
  },
  {
    "seed": 64331
  },
  {
    "seed": 64360
  },
  {
    "seed": 64370
  },
  {
    "seed": 64385
  },
  {
    "seed": 64392
  },
  {
    "seed": 64394
  },
  {
    "seed": 64412
  },
  {
    "seed": 64417
  },
  {
    "seed": 64424
  },
  {
    "seed": 64430
  },
  {
    "seed": 64453
  },
  {
    "seed": 64454
  },
  {
    "seed": 64455
  },
  {
    "seed": 64463
  },
  {
    "seed": 64489
  },
  {
    "seed": 64502
  },
  {
    "seed": 64515
  },
  {
    "seed": 64636
  },
  {
    "seed": 64703
  },
  {
    "seed": 64722
  },
  {
    "seed": 64730
  },
  {
    "seed": 64772
  },
  {
    "seed": 64789
  },
  {
    "seed": 64791
  },
  {
    "seed": 64833
  },
  {
    "seed": 64853
  },
  {
    "seed": 64863
  },
  {
    "seed": 64869
  },
  {
    "seed": 64917
  },
  {
    "seed": 64947
  },
  {
    "seed": 65010
  },
  {
    "seed": 65041
  },
  {
    "seed": 65075
  },
  {
    "seed": 65113
  },
  {
    "seed": 65120
  },
  {
    "seed": 65136
  },
  {
    "seed": 65215
  },
  {
    "seed": 65219
  },
  {
    "seed": 65224
  },
  {
    "seed": 65254
  },
  {
    "seed": 65270
  },
  {
    "seed": 65300
  },
  {
    "seed": 65316
  },
  {
    "seed": 65330
  },
  {
    "seed": 65369
  },
  {
    "seed": 65377
  },
  {
    "seed": 65445
  },
  {
    "seed": 65472
  },
  {
    "seed": 65495
  },
  {
    "seed": 65497
  },
  {
    "seed": 65557
  },
  {
    "seed": 65583
  },
  {
    "seed": 65639
  },
  {
    "seed": 65648
  },
  {
    "seed": 65690
  },
  {
    "seed": 65730
  },
  {
    "seed": 65736
  },
  {
    "seed": 65752
  },
  {
    "seed": 65755
  },
  {
    "seed": 65776
  },
  {
    "seed": 65869
  },
  {
    "seed": 65870
  },
  {
    "seed": 65878
  },
  {
    "seed": 65932
  },
  {
    "seed": 65945
  },
  {
    "seed": 65977
  },
  {
    "seed": 66099
  },
  {
    "seed": 66163
  },
  {
    "seed": 66216
  },
  {
    "seed": 66259
  },
  {
    "seed": 66266
  },
  {
    "seed": 66273
  },
  {
    "seed": 66300
  },
  {
    "seed": 66344
  },
  {
    "seed": 66354
  },
  {
    "seed": 66365
  },
  {
    "seed": 66371
  },
  {
    "seed": 66522
  },
  {
    "seed": 66551
  },
  {
    "seed": 66561
  },
  {
    "seed": 66707
  },
  {
    "seed": 66722
  },
  {
    "seed": 66733
  },
  {
    "seed": 66791
  },
  {
    "seed": 66815
  },
  {
    "seed": 66830
  },
  {
    "seed": 66867
  },
  {
    "seed": 66889
  },
  {
    "seed": 66900
  },
  {
    "seed": 66935
  },
  {
    "seed": 66964
  },
  {
    "seed": 66982
  },
  {
    "seed": 66986
  },
  {
    "seed": 66989
  },
  {
    "seed": 67026
  },
  {
    "seed": 67036
  },
  {
    "seed": 67089
  },
  {
    "seed": 67222
  },
  {
    "seed": 67229
  },
  {
    "seed": 67236
  },
  {
    "seed": 67245
  },
  {
    "seed": 67266
  },
  {
    "seed": 67275
  },
  {
    "seed": 67293
  },
  {
    "seed": 67363
  },
  {
    "seed": 67574
  },
  {
    "seed": 67685
  },
  {
    "seed": 67702
  },
  {
    "seed": 67748
  },
  {
    "seed": 67751
  },
  {
    "seed": 67773
  },
  {
    "seed": 67830
  },
  {
    "seed": 67831
  },
  {
    "seed": 67848
  },
  {
    "seed": 67864
  },
  {
    "seed": 67874
  },
  {
    "seed": 67894
  },
  {
    "seed": 67929
  },
  {
    "seed": 67930
  },
  {
    "seed": 67941
  },
  {
    "seed": 67962
  },
  {
    "seed": 67987
  },
  {
    "seed": 67990
  },
  {
    "seed": 68001
  },
  {
    "seed": 68018
  },
  {
    "seed": 68039
  },
  {
    "seed": 68041
  },
  {
    "seed": 68047
  },
  {
    "seed": 68069
  },
  {
    "seed": 68087
  },
  {
    "seed": 68094
  },
  {
    "seed": 68137
  },
  {
    "seed": 68204
  },
  {
    "seed": 68227
  },
  {
    "seed": 68270
  },
  {
    "seed": 68274
  },
  {
    "seed": 68288
  },
  {
    "seed": 68300
  },
  {
    "seed": 68313
  },
  {
    "seed": 68314
  },
  {
    "seed": 68383
  },
  {
    "seed": 68418
  },
  {
    "seed": 68433
  },
  {
    "seed": 68485
  },
  {
    "seed": 68498
  },
  {
    "seed": 68540
  },
  {
    "seed": 68542
  },
  {
    "seed": 68570
  },
  {
    "seed": 68582
  },
  {
    "seed": 68591
  },
  {
    "seed": 68665
  },
  {
    "seed": 68677
  },
  {
    "seed": 68713
  },
  {
    "seed": 68721
  },
  {
    "seed": 68732
  },
  {
    "seed": 68742
  },
  {
    "seed": 68764
  },
  {
    "seed": 68891
  },
  {
    "seed": 68898
  },
  {
    "seed": 68908
  },
  {
    "seed": 68931
  },
  {
    "seed": 69002
  },
  {
    "seed": 69012
  },
  {
    "seed": 69058
  },
  {
    "seed": 69084
  },
  {
    "seed": 69124
  },
  {
    "seed": 69164
  },
  {
    "seed": 69169
  },
  {
    "seed": 69176
  },
  {
    "seed": 69261
  },
  {
    "seed": 69286
  },
  {
    "seed": 69295
  },
  {
    "seed": 69309
  },
  {
    "seed": 69327
  },
  {
    "seed": 69328
  },
  {
    "seed": 69345
  },
  {
    "seed": 69439
  },
  {
    "seed": 69477
  },
  {
    "seed": 69584
  },
  {
    "seed": 69588
  },
  {
    "seed": 69594
  },
  {
    "seed": 69602
  },
  {
    "seed": 69604
  },
  {
    "seed": 69629
  },
  {
    "seed": 69663
  },
  {
    "seed": 69711
  },
  {
    "seed": 69748
  },
  {
    "seed": 69800
  },
  {
    "seed": 69824
  },
  {
    "seed": 69846
  },
  {
    "seed": 69859
  },
  {
    "seed": 69868
  },
  {
    "seed": 69967
  },
  {
    "seed": 69987
  },
  {
    "seed": 70027
  },
  {
    "seed": 70057
  },
  {
    "seed": 70072
  },
  {
    "seed": 70138
  },
  {
    "seed": 70156
  },
  {
    "seed": 70285
  },
  {
    "seed": 70314
  },
  {
    "seed": 70326
  },
  {
    "seed": 70408
  },
  {
    "seed": 70548
  },
  {
    "seed": 70551
  },
  {
    "seed": 70589
  },
  {
    "seed": 70657
  },
  {
    "seed": 70683
  },
  {
    "seed": 70748
  },
  {
    "seed": 70762
  },
  {
    "seed": 70788
  },
  {
    "seed": 70798
  },
  {
    "seed": 70828
  },
  {
    "seed": 70859
  },
  {
    "seed": 70904
  },
  {
    "seed": 70955
  },
  {
    "seed": 70956
  },
  {
    "seed": 70978
  },
  {
    "seed": 70984
  },
  {
    "seed": 71018
  },
  {
    "seed": 71060
  },
  {
    "seed": 71090
  },
  {
    "seed": 71126
  },
  {
    "seed": 71157
  },
  {
    "seed": 71180
  },
  {
    "seed": 71211
  },
  {
    "seed": 71243
  },
  {
    "seed": 71268
  },
  {
    "seed": 71285
  },
  {
    "seed": 71289
  },
  {
    "seed": 71296
  },
  {
    "seed": 71304
  },
  {
    "seed": 71344
  },
  {
    "seed": 71396
  },
  {
    "seed": 71407
  },
  {
    "seed": 71452
  },
  {
    "seed": 71474
  },
  {
    "seed": 71505
  },
  {
    "seed": 71554
  },
  {
    "seed": 71573
  },
  {
    "seed": 71585
  },
  {
    "seed": 71627
  },
  {
    "seed": 71663
  },
  {
    "seed": 71672
  },
  {
    "seed": 71700
  },
  {
    "seed": 71749
  },
  {
    "seed": 71791
  },
  {
    "seed": 71796
  },
  {
    "seed": 71798
  },
  {
    "seed": 71811
  },
  {
    "seed": 71841
  },
  {
    "seed": 71843
  },
  {
    "seed": 71869
  },
  {
    "seed": 71872
  },
  {
    "seed": 71888
  },
  {
    "seed": 71918
  },
  {
    "seed": 71939
  },
  {
    "seed": 71998
  },
  {
    "seed": 72000
  },
  {
    "seed": 72003
  },
  {
    "seed": 72049
  },
  {
    "seed": 72052
  },
  {
    "seed": 72054
  },
  {
    "seed": 72066
  },
  {
    "seed": 72092
  },
  {
    "seed": 72120
  },
  {
    "seed": 72402
  },
  {
    "seed": 72439
  },
  {
    "seed": 72469
  },
  {
    "seed": 72495
  },
  {
    "seed": 72549
  },
  {
    "seed": 72555
  },
  {
    "seed": 72568
  },
  {
    "seed": 72582
  },
  {
    "seed": 72642
  },
  {
    "seed": 72704
  },
  {
    "seed": 72723
  },
  {
    "seed": 72756
  },
  {
    "seed": 72820
  },
  {
    "seed": 72824
  },
  {
    "seed": 72845
  },
  {
    "seed": 72887
  },
  {
    "seed": 72905
  },
  {
    "seed": 72953
  },
  {
    "seed": 72972
  },
  {
    "seed": 72977
  },
  {
    "seed": 73108
  },
  {
    "seed": 73126
  },
  {
    "seed": 73165
  },
  {
    "seed": 73196
  },
  {
    "seed": 73201
  },
  {
    "seed": 73204
  },
  {
    "seed": 73208
  },
  {
    "seed": 73229
  },
  {
    "seed": 73305
  },
  {
    "seed": 73319
  },
  {
    "seed": 73321
  },
  {
    "seed": 73330
  },
  {
    "seed": 73353
  },
  {
    "seed": 73424
  },
  {
    "seed": 73447
  },
  {
    "seed": 73543
  },
  {
    "seed": 73608
  },
  {
    "seed": 73620
  },
  {
    "seed": 73644
  },
  {
    "seed": 73647
  },
  {
    "seed": 73685
  },
  {
    "seed": 73710
  },
  {
    "seed": 73730
  },
  {
    "seed": 73785
  },
  {
    "seed": 73786
  },
  {
    "seed": 73787
  },
  {
    "seed": 73794
  },
  {
    "seed": 73840
  },
  {
    "seed": 73856
  },
  {
    "seed": 73866
  },
  {
    "seed": 73896
  },
  {
    "seed": 73980
  },
  {
    "seed": 73997
  },
  {
    "seed": 74017
  },
  {
    "seed": 74071
  },
  {
    "seed": 74077
  },
  {
    "seed": 74094
  },
  {
    "seed": 74161
  },
  {
    "seed": 74219
  },
  {
    "seed": 74221
  },
  {
    "seed": 74240
  },
  {
    "seed": 74258
  },
  {
    "seed": 74268
  },
  {
    "seed": 74309
  },
  {
    "seed": 74325
  },
  {
    "seed": 74330
  },
  {
    "seed": 74389
  },
  {
    "seed": 74440
  },
  {
    "seed": 74471
  },
  {
    "seed": 74522
  },
  {
    "seed": 74570
  },
  {
    "seed": 74575
  },
  {
    "seed": 74590
  },
  {
    "seed": 74595
  },
  {
    "seed": 74633
  },
  {
    "seed": 74654
  },
  {
    "seed": 74659
  },
  {
    "seed": 74667
  },
  {
    "seed": 74671
  },
  {
    "seed": 74678
  },
  {
    "seed": 74733
  },
  {
    "seed": 74743
  },
  {
    "seed": 74846
  },
  {
    "seed": 74873
  },
  {
    "seed": 74925
  },
  {
    "seed": 74937
  },
  {
    "seed": 74944
  },
  {
    "seed": 74968
  },
  {
    "seed": 74983
  },
  {
    "seed": 74990
  },
  {
    "seed": 75008
  },
  {
    "seed": 75043
  },
  {
    "seed": 75044
  },
  {
    "seed": 75084
  },
  {
    "seed": 75109
  },
  {
    "seed": 75113
  },
  {
    "seed": 75147
  },
  {
    "seed": 75154
  },
  {
    "seed": 75185
  },
  {
    "seed": 75205
  },
  {
    "seed": 75222
  },
  {
    "seed": 75248
  },
  {
    "seed": 75258
  },
  {
    "seed": 75297
  },
  {
    "seed": 75377
  },
  {
    "seed": 75398
  },
  {
    "seed": 75409
  },
  {
    "seed": 75440
  },
  {
    "seed": 75466
  },
  {
    "seed": 75498
  },
  {
    "seed": 75549
  },
  {
    "seed": 75562
  },
  {
    "seed": 75566
  },
  {
    "seed": 75600
  },
  {
    "seed": 75623
  },
  {
    "seed": 75625
  },
  {
    "seed": 75626
  },
  {
    "seed": 75640
  },
  {
    "seed": 75695
  },
  {
    "seed": 75737
  },
  {
    "seed": 75744
  },
  {
    "seed": 75748
  },
  {
    "seed": 75779
  },
  {
    "seed": 75780
  },
  {
    "seed": 75838
  },
  {
    "seed": 75869
  },
  {
    "seed": 75880
  },
  {
    "seed": 75882
  },
  {
    "seed": 75887
  },
  {
    "seed": 75908
  },
  {
    "seed": 75936
  },
  {
    "seed": 75967
  },
  {
    "seed": 75968
  },
  {
    "seed": 76020
  },
  {
    "seed": 76075
  },
  {
    "seed": 76097
  },
  {
    "seed": 76201
  },
  {
    "seed": 76209
  },
  {
    "seed": 76214
  },
  {
    "seed": 76222
  },
  {
    "seed": 76266
  },
  {
    "seed": 76290
  },
  {
    "seed": 76316
  },
  {
    "seed": 76335
  },
  {
    "seed": 76389
  },
  {
    "seed": 76498
  },
  {
    "seed": 76605
  },
  {
    "seed": 76626
  },
  {
    "seed": 76636
  },
  {
    "seed": 76646
  },
  {
    "seed": 76648
  },
  {
    "seed": 76691
  },
  {
    "seed": 76740
  },
  {
    "seed": 76748
  },
  {
    "seed": 76806
  },
  {
    "seed": 76807
  },
  {
    "seed": 76821
  },
  {
    "seed": 76847
  },
  {
    "seed": 76888
  },
  {
    "seed": 76899
  },
  {
    "seed": 76908
  },
  {
    "seed": 76924
  },
  {
    "seed": 76956
  },
  {
    "seed": 76988
  },
  {
    "seed": 76997
  },
  {
    "seed": 77047
  },
  {
    "seed": 77096
  },
  {
    "seed": 77177
  },
  {
    "seed": 77203
  },
  {
    "seed": 77228
  },
  {
    "seed": 77283
  },
  {
    "seed": 77302
  },
  {
    "seed": 77348
  },
  {
    "seed": 77353
  },
  {
    "seed": 77374
  },
  {
    "seed": 77451
  },
  {
    "seed": 77518
  },
  {
    "seed": 77561
  },
  {
    "seed": 77568
  },
  {
    "seed": 77601
  },
  {
    "seed": 77609
  },
  {
    "seed": 77671
  },
  {
    "seed": 77679
  },
  {
    "seed": 77736
  },
  {
    "seed": 77737
  },
  {
    "seed": 77795
  },
  {
    "seed": 77799
  },
  {
    "seed": 77845
  },
  {
    "seed": 77851
  },
  {
    "seed": 77892
  },
  {
    "seed": 77899
  },
  {
    "seed": 77941
  },
  {
    "seed": 77943
  },
  {
    "seed": 77946
  },
  {
    "seed": 78021
  },
  {
    "seed": 78107
  },
  {
    "seed": 78142
  },
  {
    "seed": 78146
  },
  {
    "seed": 78153
  },
  {
    "seed": 78204
  },
  {
    "seed": 78267
  },
  {
    "seed": 78278
  },
  {
    "seed": 78291
  },
  {
    "seed": 78390
  },
  {
    "seed": 78395
  },
  {
    "seed": 78406
  },
  {
    "seed": 78416
  },
  {
    "seed": 78443
  },
  {
    "seed": 78445
  },
  {
    "seed": 78458
  },
  {
    "seed": 78459
  },
  {
    "seed": 78516
  },
  {
    "seed": 78517
  },
  {
    "seed": 78520
  },
  {
    "seed": 78526
  },
  {
    "seed": 78535
  },
  {
    "seed": 78557
  },
  {
    "seed": 78605
  },
  {
    "seed": 78695
  },
  {
    "seed": 78711
  },
  {
    "seed": 78719
  },
  {
    "seed": 78729
  },
  {
    "seed": 78787
  },
  {
    "seed": 78788
  },
  {
    "seed": 78804
  },
  {
    "seed": 78809
  },
  {
    "seed": 78850
  },
  {
    "seed": 78853
  },
  {
    "seed": 78860
  },
  {
    "seed": 78901
  },
  {
    "seed": 78931
  },
  {
    "seed": 78936
  },
  {
    "seed": 78950
  },
  {
    "seed": 78958
  },
  {
    "seed": 78965
  },
  {
    "seed": 78979
  },
  {
    "seed": 78994
  },
  {
    "seed": 79002
  },
  {
    "seed": 79010
  },
  {
    "seed": 79025
  },
  {
    "seed": 79081
  },
  {
    "seed": 79086
  },
  {
    "seed": 79098
  },
  {
    "seed": 79132
  },
  {
    "seed": 79135
  },
  {
    "seed": 79141
  },
  {
    "seed": 79179
  },
  {
    "seed": 79182
  },
  {
    "seed": 79216
  },
  {
    "seed": 79217
  },
  {
    "seed": 79229
  },
  {
    "seed": 79316
  },
  {
    "seed": 79318
  },
  {
    "seed": 79337
  },
  {
    "seed": 79373
  },
  {
    "seed": 79398
  },
  {
    "seed": 79406
  },
  {
    "seed": 79423
  },
  {
    "seed": 79430
  },
  {
    "seed": 79468
  },
  {
    "seed": 79513
  },
  {
    "seed": 79516
  },
  {
    "seed": 79526
  },
  {
    "seed": 79561
  },
  {
    "seed": 79565
  },
  {
    "seed": 79590
  },
  {
    "seed": 79592
  },
  {
    "seed": 79636
  },
  {
    "seed": 79663
  },
  {
    "seed": 79752
  },
  {
    "seed": 79779
  },
  {
    "seed": 79863
  },
  {
    "seed": 79868
  },
  {
    "seed": 79916
  },
  {
    "seed": 79970
  },
  {
    "seed": 79991
  },
  {
    "seed": 79996
  },
  {
    "seed": 80015
  },
  {
    "seed": 80037
  },
  {
    "seed": 80045
  },
  {
    "seed": 80053
  },
  {
    "seed": 80059
  },
  {
    "seed": 80100
  },
  {
    "seed": 80103
  },
  {
    "seed": 80118
  },
  {
    "seed": 80204
  },
  {
    "seed": 80251
  },
  {
    "seed": 80283
  },
  {
    "seed": 80286
  },
  {
    "seed": 80315
  },
  {
    "seed": 80336
  },
  {
    "seed": 80346
  },
  {
    "seed": 80382
  },
  {
    "seed": 80384
  },
  {
    "seed": 80409
  },
  {
    "seed": 80456
  },
  {
    "seed": 80457
  },
  {
    "seed": 80507
  },
  {
    "seed": 80515
  },
  {
    "seed": 80571
  },
  {
    "seed": 80604
  },
  {
    "seed": 80607
  },
  {
    "seed": 80629
  },
  {
    "seed": 80640
  },
  {
    "seed": 80647
  },
  {
    "seed": 80675
  },
  {
    "seed": 80684
  },
  {
    "seed": 80714
  },
  {
    "seed": 80798
  },
  {
    "seed": 80812
  },
  {
    "seed": 80817
  },
  {
    "seed": 80909
  },
  {
    "seed": 80961
  },
  {
    "seed": 80962
  },
  {
    "seed": 81014
  },
  {
    "seed": 81027
  },
  {
    "seed": 81034
  },
  {
    "seed": 81035
  },
  {
    "seed": 81040
  },
  {
    "seed": 81072
  },
  {
    "seed": 81149
  },
  {
    "seed": 81200
  },
  {
    "seed": 81238
  },
  {
    "seed": 81245
  },
  {
    "seed": 81264
  },
  {
    "seed": 81291
  },
  {
    "seed": 81363
  },
  {
    "seed": 81378
  },
  {
    "seed": 81428
  },
  {
    "seed": 81454
  },
  {
    "seed": 81533
  },
  {
    "seed": 81559
  },
  {
    "seed": 81560
  },
  {
    "seed": 81582
  },
  {
    "seed": 81584
  },
  {
    "seed": 81654
  },
  {
    "seed": 81714
  },
  {
    "seed": 81743
  },
  {
    "seed": 81754
  },
  {
    "seed": 81789
  },
  {
    "seed": 81821
  },
  {
    "seed": 81823
  },
  {
    "seed": 81844
  },
  {
    "seed": 81871
  },
  {
    "seed": 81903
  },
  {
    "seed": 81909
  },
  {
    "seed": 81915
  },
  {
    "seed": 81953
  },
  {
    "seed": 82006
  },
  {
    "seed": 82045
  },
  {
    "seed": 82088
  },
  {
    "seed": 82139
  },
  {
    "seed": 82149
  },
  {
    "seed": 82158
  },
  {
    "seed": 82200
  },
  {
    "seed": 82207
  },
  {
    "seed": 82211
  },
  {
    "seed": 82228
  },
  {
    "seed": 82237
  },
  {
    "seed": 82238
  },
  {
    "seed": 82264
  },
  {
    "seed": 82316
  },
  {
    "seed": 82324
  },
  {
    "seed": 82377
  },
  {
    "seed": 82443
  },
  {
    "seed": 82461
  },
  {
    "seed": 82470
  },
  {
    "seed": 82503
  },
  {
    "seed": 82504
  },
  {
    "seed": 82555
  },
  {
    "seed": 82584
  },
  {
    "seed": 82622
  },
  {
    "seed": 82664
  },
  {
    "seed": 82705
  },
  {
    "seed": 82707
  },
  {
    "seed": 82744
  },
  {
    "seed": 82813
  },
  {
    "seed": 82829
  },
  {
    "seed": 82837
  },
  {
    "seed": 82854
  },
  {
    "seed": 82864
  },
  {
    "seed": 82883
  },
  {
    "seed": 82895
  },
  {
    "seed": 82896
  },
  {
    "seed": 82920
  },
  {
    "seed": 82928
  },
  {
    "seed": 82931
  },
  {
    "seed": 82992
  },
  {
    "seed": 82997
  },
  {
    "seed": 83016
  },
  {
    "seed": 83050
  },
  {
    "seed": 83054
  },
  {
    "seed": 83079
  },
  {
    "seed": 83101
  },
  {
    "seed": 83125
  },
  {
    "seed": 83131
  },
  {
    "seed": 83169
  },
  {
    "seed": 83200
  },
  {
    "seed": 83212
  },
  {
    "seed": 83253
  },
  {
    "seed": 83266
  },
  {
    "seed": 83313
  },
  {
    "seed": 83343
  },
  {
    "seed": 83412
  },
  {
    "seed": 83470
  },
  {
    "seed": 83489
  },
  {
    "seed": 83490
  },
  {
    "seed": 83501
  },
  {
    "seed": 83526
  },
  {
    "seed": 83536
  },
  {
    "seed": 83599
  },
  {
    "seed": 83603
  },
  {
    "seed": 83625
  },
  {
    "seed": 83637
  },
  {
    "seed": 83638
  },
  {
    "seed": 83649
  },
  {
    "seed": 83680
  },
  {
    "seed": 83695
  },
  {
    "seed": 83702
  },
  {
    "seed": 83745
  },
  {
    "seed": 83781
  },
  {
    "seed": 83809
  },
  {
    "seed": 83839
  },
  {
    "seed": 83860
  },
  {
    "seed": 83876
  },
  {
    "seed": 83883
  },
  {
    "seed": 83916
  },
  {
    "seed": 83943
  },
  {
    "seed": 83950
  },
  {
    "seed": 83970
  },
  {
    "seed": 83993
  },
  {
    "seed": 84008
  },
  {
    "seed": 84061
  },
  {
    "seed": 84089
  },
  {
    "seed": 84093
  },
  {
    "seed": 84112
  },
  {
    "seed": 84181
  },
  {
    "seed": 84220
  },
  {
    "seed": 84255
  },
  {
    "seed": 84266
  },
  {
    "seed": 84288
  },
  {
    "seed": 84292
  },
  {
    "seed": 84293
  },
  {
    "seed": 84358
  },
  {
    "seed": 84361
  },
  {
    "seed": 84362
  },
  {
    "seed": 84401
  },
  {
    "seed": 84402
  },
  {
    "seed": 84412
  },
  {
    "seed": 84458
  },
  {
    "seed": 84474
  },
  {
    "seed": 84481
  },
  {
    "seed": 84503
  },
  {
    "seed": 84527
  },
  {
    "seed": 84620
  },
  {
    "seed": 84625
  },
  {
    "seed": 84631
  },
  {
    "seed": 84684
  },
  {
    "seed": 84701
  },
  {
    "seed": 84723
  },
  {
    "seed": 84735
  },
  {
    "seed": 84750
  },
  {
    "seed": 84767
  },
  {
    "seed": 84790
  },
  {
    "seed": 84813
  },
  {
    "seed": 84818
  },
  {
    "seed": 84824
  },
  {
    "seed": 84875
  },
  {
    "seed": 84931
  },
  {
    "seed": 84980
  },
  {
    "seed": 85020
  },
  {
    "seed": 85029
  },
  {
    "seed": 85065
  },
  {
    "seed": 85077
  },
  {
    "seed": 85138
  },
  {
    "seed": 85212
  },
  {
    "seed": 85225
  },
  {
    "seed": 85226
  },
  {
    "seed": 85239
  },
  {
    "seed": 85418
  },
  {
    "seed": 85423
  },
  {
    "seed": 85436
  },
  {
    "seed": 85455
  },
  {
    "seed": 85456
  },
  {
    "seed": 85479
  },
  {
    "seed": 85483
  },
  {
    "seed": 85497
  },
  {
    "seed": 85501
  },
  {
    "seed": 85505
  },
  {
    "seed": 85581
  },
  {
    "seed": 85594
  },
  {
    "seed": 85636
  },
  {
    "seed": 85638
  },
  {
    "seed": 85673
  },
  {
    "seed": 85697
  },
  {
    "seed": 85723
  },
  {
    "seed": 85776
  },
  {
    "seed": 85927
  },
  {
    "seed": 85932
  },
  {
    "seed": 85945
  },
  {
    "seed": 85953
  },
  {
    "seed": 86031
  },
  {
    "seed": 86070
  },
  {
    "seed": 86082
  },
  {
    "seed": 86109
  },
  {
    "seed": 86166
  },
  {
    "seed": 86179
  },
  {
    "seed": 86184
  },
  {
    "seed": 86186
  },
  {
    "seed": 86199
  },
  {
    "seed": 86277
  },
  {
    "seed": 86283
  },
  {
    "seed": 86313
  },
  {
    "seed": 86356
  },
  {
    "seed": 86364
  },
  {
    "seed": 86386
  },
  {
    "seed": 86427
  },
  {
    "seed": 86485
  },
  {
    "seed": 86505
  },
  {
    "seed": 86520
  },
  {
    "seed": 86542
  },
  {
    "seed": 86555
  },
  {
    "seed": 86600
  },
  {
    "seed": 86631
  },
  {
    "seed": 86640
  },
  {
    "seed": 86686
  },
  {
    "seed": 86690
  },
  {
    "seed": 86720
  },
  {
    "seed": 86754
  },
  {
    "seed": 86777
  },
  {
    "seed": 86792
  },
  {
    "seed": 86823
  },
  {
    "seed": 86845
  },
  {
    "seed": 86855
  },
  {
    "seed": 86877
  },
  {
    "seed": 86889
  },
  {
    "seed": 86937
  },
  {
    "seed": 86972
  },
  {
    "seed": 86981
  },
  {
    "seed": 87030
  },
  {
    "seed": 87047
  },
  {
    "seed": 87057
  },
  {
    "seed": 87084
  },
  {
    "seed": 87085
  },
  {
    "seed": 87090
  },
  {
    "seed": 87101
  },
  {
    "seed": 87116
  },
  {
    "seed": 87167
  },
  {
    "seed": 87197
  },
  {
    "seed": 87209
  },
  {
    "seed": 87337
  },
  {
    "seed": 87348
  },
  {
    "seed": 87375
  },
  {
    "seed": 87394
  },
  {
    "seed": 87407
  },
  {
    "seed": 87448
  },
  {
    "seed": 87503
  },
  {
    "seed": 87504
  },
  {
    "seed": 87509
  },
  {
    "seed": 87537
  },
  {
    "seed": 87542
  },
  {
    "seed": 87559
  },
  {
    "seed": 87624
  },
  {
    "seed": 87650
  },
  {
    "seed": 87697
  },
  {
    "seed": 87703
  },
  {
    "seed": 87706
  },
  {
    "seed": 87769
  },
  {
    "seed": 87781
  },
  {
    "seed": 87858
  },
  {
    "seed": 87898
  },
  {
    "seed": 87903
  },
  {
    "seed": 87924
  },
  {
    "seed": 87946
  },
  {
    "seed": 87947
  },
  {
    "seed": 87993
  },
  {
    "seed": 88085
  },
  {
    "seed": 88126
  },
  {
    "seed": 88128
  },
  {
    "seed": 88139
  },
  {
    "seed": 88184
  },
  {
    "seed": 88196
  },
  {
    "seed": 88270
  },
  {
    "seed": 88276
  },
  {
    "seed": 88310
  },
  {
    "seed": 88314
  },
  {
    "seed": 88367
  },
  {
    "seed": 88383
  },
  {
    "seed": 88408
  },
  {
    "seed": 88431
  },
  {
    "seed": 88440
  },
  {
    "seed": 88468
  },
  {
    "seed": 88556
  },
  {
    "seed": 88639
  },
  {
    "seed": 88654
  },
  {
    "seed": 88689
  },
  {
    "seed": 88750
  },
  {
    "seed": 88799
  },
  {
    "seed": 88808
  },
  {
    "seed": 88822
  },
  {
    "seed": 88840
  },
  {
    "seed": 88865
  },
  {
    "seed": 88921
  },
  {
    "seed": 88929
  },
  {
    "seed": 88944
  },
  {
    "seed": 88955
  },
  {
    "seed": 88977
  },
  {
    "seed": 89054
  },
  {
    "seed": 89058
  },
  {
    "seed": 89061
  },
  {
    "seed": 89129
  },
  {
    "seed": 89189
  },
  {
    "seed": 89214
  },
  {
    "seed": 89238
  },
  {
    "seed": 89260
  },
  {
    "seed": 89289
  },
  {
    "seed": 89299
  },
  {
    "seed": 89300
  },
  {
    "seed": 89311
  },
  {
    "seed": 89328
  },
  {
    "seed": 89332
  },
  {
    "seed": 89382
  },
  {
    "seed": 89416
  },
  {
    "seed": 89431
  },
  {
    "seed": 89553
  },
  {
    "seed": 89556
  },
  {
    "seed": 89557
  },
  {
    "seed": 89558
  },
  {
    "seed": 89577
  },
  {
    "seed": 89622
  },
  {
    "seed": 89649
  },
  {
    "seed": 89663
  },
  {
    "seed": 89665
  },
  {
    "seed": 89694
  },
  {
    "seed": 89726
  },
  {
    "seed": 89735
  },
  {
    "seed": 89754
  },
  {
    "seed": 89775
  },
  {
    "seed": 89812
  },
  {
    "seed": 89816
  },
  {
    "seed": 89850
  },
  {
    "seed": 89879
  },
  {
    "seed": 89891
  },
  {
    "seed": 90009
  },
  {
    "seed": 90031
  },
  {
    "seed": 90036
  },
  {
    "seed": 90048
  },
  {
    "seed": 90067
  },
  {
    "seed": 90182
  },
  {
    "seed": 90184
  },
  {
    "seed": 90230
  },
  {
    "seed": 90241
  },
  {
    "seed": 90278
  },
  {
    "seed": 90299
  },
  {
    "seed": 90322
  },
  {
    "seed": 90328
  },
  {
    "seed": 90332
  },
  {
    "seed": 90378
  },
  {
    "seed": 90380
  },
  {
    "seed": 90417
  },
  {
    "seed": 90428
  },
  {
    "seed": 90464
  },
  {
    "seed": 90485
  },
  {
    "seed": 90488
  },
  {
    "seed": 90515
  },
  {
    "seed": 90534
  },
  {
    "seed": 90547
  },
  {
    "seed": 90561
  },
  {
    "seed": 90617
  },
  {
    "seed": 90636
  },
  {
    "seed": 90645
  },
  {
    "seed": 90669
  },
  {
    "seed": 90685
  },
  {
    "seed": 90714
  },
  {
    "seed": 90733
  },
  {
    "seed": 90758
  },
  {
    "seed": 90793
  },
  {
    "seed": 90824
  },
  {
    "seed": 90832
  },
  {
    "seed": 90839
  },
  {
    "seed": 90902
  },
  {
    "seed": 90931
  },
  {
    "seed": 90939
  },
  {
    "seed": 90980
  },
  {
    "seed": 91082
  },
  {
    "seed": 91125
  },
  {
    "seed": 91143
  },
  {
    "seed": 91160
  },
  {
    "seed": 91180
  },
  {
    "seed": 91229
  },
  {
    "seed": 91310
  },
  {
    "seed": 91447
  },
  {
    "seed": 91457
  },
  {
    "seed": 91467
  },
  {
    "seed": 91473
  },
  {
    "seed": 91531
  },
  {
    "seed": 91544
  },
  {
    "seed": 91558
  },
  {
    "seed": 91561
  },
  {
    "seed": 91569
  },
  {
    "seed": 91637
  },
  {
    "seed": 91687
  },
  {
    "seed": 91704
  },
  {
    "seed": 91737
  },
  {
    "seed": 91746
  },
  {
    "seed": 91748
  },
  {
    "seed": 91778
  },
  {
    "seed": 91789
  },
  {
    "seed": 91823
  },
  {
    "seed": 91824
  },
  {
    "seed": 91860
  },
  {
    "seed": 91892
  },
  {
    "seed": 91994
  },
  {
    "seed": 92044
  },
  {
    "seed": 92055
  },
  {
    "seed": 92061
  },
  {
    "seed": 92113
  },
  {
    "seed": 92136
  },
  {
    "seed": 92148
  },
  {
    "seed": 92164
  },
  {
    "seed": 92215
  },
  {
    "seed": 92237
  },
  {
    "seed": 92321
  },
  {
    "seed": 92350
  },
  {
    "seed": 92398
  },
  {
    "seed": 92408
  },
  {
    "seed": 92428
  },
  {
    "seed": 92450
  },
  {
    "seed": 92453
  },
  {
    "seed": 92531
  },
  {
    "seed": 92596
  },
  {
    "seed": 92666
  },
  {
    "seed": 92673
  },
  {
    "seed": 92683
  },
  {
    "seed": 92704
  },
  {
    "seed": 92741
  },
  {
    "seed": 92745
  },
  {
    "seed": 92762
  },
  {
    "seed": 92826
  },
  {
    "seed": 92875
  },
  {
    "seed": 92882
  },
  {
    "seed": 92907
  },
  {
    "seed": 92973
  },
  {
    "seed": 92988
  },
  {
    "seed": 93074
  },
  {
    "seed": 93089
  },
  {
    "seed": 93121
  },
  {
    "seed": 93183
  },
  {
    "seed": 93231
  },
  {
    "seed": 93258
  },
  {
    "seed": 93269
  },
  {
    "seed": 93283
  },
  {
    "seed": 93328
  },
  {
    "seed": 93364
  },
  {
    "seed": 93414
  },
  {
    "seed": 93456
  },
  {
    "seed": 93503
  },
  {
    "seed": 93547
  },
  {
    "seed": 93578
  },
  {
    "seed": 93606
  },
  {
    "seed": 93618
  },
  {
    "seed": 93621
  },
  {
    "seed": 93674
  },
  {
    "seed": 93677
  },
  {
    "seed": 93684
  },
  {
    "seed": 93697
  },
  {
    "seed": 93783
  },
  {
    "seed": 93785
  },
  {
    "seed": 93786
  },
  {
    "seed": 93787
  },
  {
    "seed": 93820
  },
  {
    "seed": 93822
  },
  {
    "seed": 93826
  },
  {
    "seed": 93877
  },
  {
    "seed": 93941
  },
  {
    "seed": 94005
  },
  {
    "seed": 94028
  },
  {
    "seed": 94060
  },
  {
    "seed": 94101
  },
  {
    "seed": 94142
  },
  {
    "seed": 94208
  },
  {
    "seed": 94227
  },
  {
    "seed": 94260
  },
  {
    "seed": 94362
  },
  {
    "seed": 94441
  },
  {
    "seed": 94521
  },
  {
    "seed": 94553
  },
  {
    "seed": 94623
  },
  {
    "seed": 94635
  },
  {
    "seed": 94660
  },
  {
    "seed": 94670
  },
  {
    "seed": 94694
  },
  {
    "seed": 94696
  },
  {
    "seed": 94701
  },
  {
    "seed": 94722
  },
  {
    "seed": 94738
  },
  {
    "seed": 94778
  },
  {
    "seed": 94779
  },
  {
    "seed": 94810
  },
  {
    "seed": 94822
  },
  {
    "seed": 94869
  },
  {
    "seed": 94896
  },
  {
    "seed": 94940
  },
  {
    "seed": 94942
  },
  {
    "seed": 94943
  },
  {
    "seed": 94969
  },
  {
    "seed": 95065
  },
  {
    "seed": 95116
  },
  {
    "seed": 95135
  },
  {
    "seed": 95143
  },
  {
    "seed": 95167
  },
  {
    "seed": 95173
  },
  {
    "seed": 95213
  },
  {
    "seed": 95238
  },
  {
    "seed": 95270
  },
  {
    "seed": 95283
  },
  {
    "seed": 95303
  },
  {
    "seed": 95307
  },
  {
    "seed": 95342
  },
  {
    "seed": 95432
  },
  {
    "seed": 95456
  },
  {
    "seed": 95518
  },
  {
    "seed": 95526
  },
  {
    "seed": 95574
  },
  {
    "seed": 95664
  },
  {
    "seed": 95694
  },
  {
    "seed": 95724
  },
  {
    "seed": 95839
  },
  {
    "seed": 95875
  },
  {
    "seed": 95927
  },
  {
    "seed": 95940
  },
  {
    "seed": 95952
  },
  {
    "seed": 96082
  },
  {
    "seed": 96095
  },
  {
    "seed": 96115
  },
  {
    "seed": 96117
  },
  {
    "seed": 96124
  },
  {
    "seed": 96128
  },
  {
    "seed": 96231
  },
  {
    "seed": 96248
  },
  {
    "seed": 96252
  },
  {
    "seed": 96266
  },
  {
    "seed": 96279
  },
  {
    "seed": 96357
  },
  {
    "seed": 96381
  },
  {
    "seed": 96467
  },
  {
    "seed": 96685
  },
  {
    "seed": 96686
  },
  {
    "seed": 96690
  },
  {
    "seed": 96758
  },
  {
    "seed": 96765
  },
  {
    "seed": 96772
  },
  {
    "seed": 96790
  },
  {
    "seed": 96806
  },
  {
    "seed": 96840
  },
  {
    "seed": 96847
  },
  {
    "seed": 96852
  },
  {
    "seed": 96854
  },
  {
    "seed": 96948
  },
  {
    "seed": 96982
  },
  {
    "seed": 97005
  },
  {
    "seed": 97025
  },
  {
    "seed": 97040
  },
  {
    "seed": 97041
  },
  {
    "seed": 97070
  },
  {
    "seed": 97134
  },
  {
    "seed": 97138
  },
  {
    "seed": 97157
  },
  {
    "seed": 97158
  },
  {
    "seed": 97191
  },
  {
    "seed": 97193
  },
  {
    "seed": 97198
  },
  {
    "seed": 97208
  },
  {
    "seed": 97210
  },
  {
    "seed": 97212
  },
  {
    "seed": 97253
  },
  {
    "seed": 97293
  },
  {
    "seed": 97320
  },
  {
    "seed": 97375
  },
  {
    "seed": 97406
  },
  {
    "seed": 97420
  },
  {
    "seed": 97428
  },
  {
    "seed": 97536
  },
  {
    "seed": 97544
  },
  {
    "seed": 97620
  },
  {
    "seed": 97631
  },
  {
    "seed": 97674
  },
  {
    "seed": 97682
  },
  {
    "seed": 97691
  },
  {
    "seed": 97712
  },
  {
    "seed": 97731
  },
  {
    "seed": 97744
  },
  {
    "seed": 97745
  },
  {
    "seed": 97764
  },
  {
    "seed": 97772
  },
  {
    "seed": 97780
  },
  {
    "seed": 97833
  },
  {
    "seed": 97871
  },
  {
    "seed": 97907
  },
  {
    "seed": 97976
  },
  {
    "seed": 97981
  },
  {
    "seed": 98005
  },
  {
    "seed": 98011
  },
  {
    "seed": 98018
  },
  {
    "seed": 98020
  },
  {
    "seed": 98054
  },
  {
    "seed": 98070
  },
  {
    "seed": 98083
  },
  {
    "seed": 98085
  },
  {
    "seed": 98159
  },
  {
    "seed": 98203
  },
  {
    "seed": 98213
  },
  {
    "seed": 98219
  },
  {
    "seed": 98255
  },
  {
    "seed": 98305
  },
  {
    "seed": 98313
  },
  {
    "seed": 98360
  },
  {
    "seed": 98399
  },
  {
    "seed": 98409
  },
  {
    "seed": 98469
  },
  {
    "seed": 98483
  },
  {
    "seed": 98486
  },
  {
    "seed": 98519
  },
  {
    "seed": 98520
  },
  {
    "seed": 98554
  },
  {
    "seed": 98558
  },
  {
    "seed": 98559
  },
  {
    "seed": 98638
  },
  {
    "seed": 98639
  },
  {
    "seed": 98667
  },
  {
    "seed": 98678
  },
  {
    "seed": 98683
  },
  {
    "seed": 98708
  },
  {
    "seed": 98791
  },
  {
    "seed": 98842
  },
  {
    "seed": 98856
  },
  {
    "seed": 98866
  },
  {
    "seed": 98902
  },
  {
    "seed": 98943
  },
  {
    "seed": 98978
  },
  {
    "seed": 99053
  },
  {
    "seed": 99067
  },
  {
    "seed": 99073
  },
  {
    "seed": 99128
  },
  {
    "seed": 99129
  },
  {
    "seed": 99131
  },
  {
    "seed": 99141
  },
  {
    "seed": 99205
  },
  {
    "seed": 99261
  },
  {
    "seed": 99267
  },
  {
    "seed": 99279
  },
  {
    "seed": 99287
  },
  {
    "seed": 99342
  },
  {
    "seed": 99415
  },
  {
    "seed": 99421
  },
  {
    "seed": 99450
  },
  {
    "seed": 99460
  },
  {
    "seed": 99489
  },
  {
    "seed": 99500
  },
  {
    "seed": 99538
  },
  {
    "seed": 99547
  },
  {
    "seed": 99560
  },
  {
    "seed": 99573
  },
  {
    "seed": 99606
  },
  {
    "seed": 99634
  },
  {
    "seed": 99658
  },
  {
    "seed": 99725
  },
  {
    "seed": 99734
  },
  {
    "seed": 99735
  },
  {
    "seed": 99771
  },
  {
    "seed": 99793
  },
  {
    "seed": 99811
  },
  {
    "seed": 99824
  },
  {
    "seed": 99880
  },
  {
    "seed": 99918
  },
  {
    "seed": 99963
  },
  {
    "seed": 99970
  }
]