[
  {
    "seed": 98
  },
  {
    "seed": 113
  },
  {
    "seed": 117
  },
  {
    "seed": 149
  },
  {
    "seed": 232
  },
  {
    "seed": 266
  },
  {
    "seed": 328
  },
  {
    "seed": 353
  },
  {
    "seed": 408
  },
  {
    "seed": 409
  },
  {
    "seed": 440
  },
  {
    "seed": 443
  },
  {
    "seed": 455
  },
  {
    "seed": 489
  },
  {
    "seed": 502
  },
  {
    "seed": 545
  },
  {
    "seed": 608
  },
  {
    "seed": 614
  },
  {
    "seed": 626
  },
  {
    "seed": 627
  },
  {
    "seed": 638
  },
  {
    "seed": 643
  },
  {
    "seed": 653
  },
  {
    "seed": 669
  },
  {
    "seed": 678
  },
  {
    "seed": 710
  },
  {
    "seed": 718
  },
  {
    "seed": 768
  },
  {
    "seed": 779
  },
  {
    "seed": 793
  },
  {
    "seed": 806
  },
  {
    "seed": 807
  },
  {
    "seed": 808
  },
  {
    "seed": 819
  },
  {
    "seed": 822
  },
  {
    "seed": 829
  },
  {
    "seed": 834
  },
  {
    "seed": 864
  },
  {
    "seed": 893
  },
  {
    "seed": 915
  },
  {
    "seed": 945
  },
  {
    "seed": 956
  },
  {
    "seed": 970
  },
  {
    "seed": 993
  },
  {
    "seed": 1000
  },
  {
    "seed": 1001
  },
  {
    "seed": 1030
  },
  {
    "seed": 1127
  },
  {
    "seed": 1170
  },
  {
    "seed": 1176
  },
  {
    "seed": 1177
  },
  {
    "seed": 1192
  },
  {
    "seed": 1201
  },
  {
    "seed": 1244
  },
  {
    "seed": 1248
  },
  {
    "seed": 1250
  },
  {
    "seed": 1275
  },
  {
    "seed": 1285
  },
  {
    "seed": 1347
  },
  {
    "seed": 1379
  },
  {
    "seed": 1503
  },
  {
    "seed": 1525
  },
  {
    "seed": 1576
  },
  {
    "seed": 1586
  },
  {
    "seed": 1605
  },
  {
    "seed": 1632
  },
  {
    "seed": 1633
  },
  {
    "seed": 1681
  },
  {
    "seed": 1710
  },
  {
    "seed": 1715
  },
  {
    "seed": 1740
  },
  {
    "seed": 1772
  },
  {
    "seed": 1817
  },
  {
    "seed": 1839
  },
  {
    "seed": 1851
  },
  {
    "seed": 1902
  },
  {
    "seed": 1945
  },
  {
    "seed": 1947
  },
  {
    "seed": 1953
  },
  {
    "seed": 1990
  },
  {
    "seed": 2049
  },
  {
    "seed": 2129
  },
  {
    "seed": 2138
  },
  {
    "seed": 2154
  },
  {
    "seed": 2166
  },
  {
    "seed": 2174
  },
  {
    "seed": 2207
  },
  {
    "seed": 2240
  },
  {
    "seed": 2343
  },
  {
    "seed": 2345
  },
  {
    "seed": 2385
  },
  {
    "seed": 2434
  },
  {
    "seed": 2466
  },
  {
    "seed": 2504
  },
  {
    "seed": 2557
  },
  {
    "seed": 2610
  },
  {
    "seed": 2646
  },
  {
    "seed": 2691
  },
  {
    "seed": 2741
  },
  {
    "seed": 2758
  },
  {
    "seed": 2761
  },
  {
    "seed": 2769
  },
  {
    "seed": 2776
  },
  {
    "seed": 2809
  },
  {
    "seed": 2820
  },
  {
    "seed": 2860
  },
  {
    "seed": 2882
  },
  {
    "seed": 2923
  },
  {
    "seed": 2935
  },
  {
    "seed": 2944
  },
  {
    "seed": 2946
  },
  {
    "seed": 2974
  },
  {
    "seed": 2989
  },
  {
    "seed": 3030
  },
  {
    "seed": 3036
  },
  {
    "seed": 3051
  },
  {
    "seed": 3055
  },
  {
    "seed": 3063
  },
  {
    "seed": 3078
  },
  {
    "seed": 3084
  },
  {
    "seed": 3096
  },
  {
    "seed": 3104
  },
  {
    "seed": 3120
  },
  {
    "seed": 3149
  },
  {
    "seed": 3157
  },
  {
    "seed": 3166
  },
  {
    "seed": 3178
  },
  {
    "seed": 3197
  },
  {
    "seed": 3215
  },
  {
    "seed": 3220
  },
  {
    "seed": 3323
  },
  {
    "seed": 3359
  },
  {
    "seed": 3369
  },
  {
    "seed": 3374
  },
  {
    "seed": 3395
  },
  {
    "seed": 3430
  },
  {
    "seed": 3465
  },
  {
    "seed": 3478
  },
  {
    "seed": 3485
  },
  {
    "seed": 3489
  },
  {
    "seed": 3532
  },
  {
    "seed": 3551
  },
  {
    "seed": 3554
  },
  {
    "seed": 3590
  },
  {
    "seed": 3625
  },
  {
    "seed": 3657
  },
  {
    "seed": 3660
  },
  {
    "seed": 3693
  },
  {
    "seed": 3722
  },
  {
    "seed": 3739
  },
  {
    "seed": 3749
  },
  {
    "seed": 3798
  },
  {
    "seed": 3846
  },
  {
    "seed": 3858
  },
  {
    "seed": 3907
  },
  {
    "seed": 4020
  },
  {
    "seed": 4041
  },
  {
    "seed": 4049
  },
  {
    "seed": 4084
  },
  {
    "seed": 4102
  },
  {
    "seed": 4112
  },
  {
    "seed": 4235
  },
  {
    "seed": 4241
  },
  {
    "seed": 4293
  },
  {
    "seed": 4333
  },
  {
    "seed": 4358
  },
  {
    "seed": 4376
  },
  {
    "seed": 4378
  },
  {
    "seed": 4411
  },
  {
    "seed": 4415
  },
  {
    "seed": 4498
  },
  {
    "seed": 4535
  },
  {
    "seed": 4540
  },
  {
    "seed": 4600
  },
  {
    "seed": 4613
  },
  {
    "seed": 4627
  },
  {
    "seed": 4743
  },
  {
    "seed": 4751
  },
  {
    "seed": 4765
  },
  {
    "seed": 4793
  },
  {
    "seed": 4895
  },
  {
    "seed": 4897
  },
  {
    "seed": 4920
  },
  {
    "seed": 4935
  },
  {
    "seed": 4949
  },
  {
    "seed": 4952
  },
  {
    "seed": 4958
  },
  {
    "seed": 4994
  },
  {
    "seed": 5031
  },
  {
    "seed": 5127
  },
  {
    "seed": 5144
  },
  {
    "seed": 5196
  },
  {
    "seed": 5208
  },
  {
    "seed": 5238
  },
  {
    "seed": 5265
  },
  {
    "seed": 5278
  },
  {
    "seed": 5284
  },
  {
    "seed": 5310
  },
  {
    "seed": 5331
  },
  {
    "seed": 5333
  },
  {
    "seed": 5363
  },
  {
    "seed": 5420
  },
  {
    "seed": 5440
  },
  {
    "seed": 5454
  },
  {
    "seed": 5458
  },
  {
    "seed": 5468
  },
  {
    "seed": 5520
  },
  {
    "seed": 5541
  },
  {
    "seed": 5543
  },
  {
    "seed": 5547
  },
  {
    "seed": 5618
  },
  {
    "seed": 5632
  },
  {
    "seed": 5643
  },
  {
    "seed": 5671
  },
  {
    "seed": 5675
  },
  {
    "seed": 5712
  },
  {
    "seed": 5740
  },
  {
    "seed": 5796
  },
  {
    "seed": 5855
  },
  {
    "seed": 5987
  },
  {
    "seed": 6009
  },
  {
    "seed": 6019
  },
  {
    "seed": 6022
  },
  {
    "seed": 6043
  },
  {
    "seed": 6072
  },
  {
    "seed": 6093
  },
  {
    "seed": 6132
  },
  {
    "seed": 6139
  },
  {
    "seed": 6150
  },
  {
    "seed": 6205
  },
  {
    "seed": 6251
  },
  {
    "seed": 6255
  },
  {
    "seed": 6282
  },
  {
    "seed": 6358
  },
  {
    "seed": 6387
  },
  {
    "seed": 6404
  },
  {
    "seed": 6426
  },
  {
    "seed": 6489
  },
  {
    "seed": 6490
  },
  {
    "seed": 6503
  },
  {
    "seed": 6526
  },
  {
    "seed": 6553
  },
  {
    "seed": 6557
  },
  {
    "seed": 6571
  },
  {
    "seed": 6574
  },
  {
    "seed": 6576
  },
  {
    "seed": 6588
  },
  {
    "seed": 6589
  },
  {
    "seed": 6595
  },
  {
    "seed": 6604
  },
  {
    "seed": 6608
  },
  {
    "seed": 6657
  },
  {
    "seed": 6672
  },
  {
    "seed": 6691
  },
  {
    "seed": 6708
  },
  {
    "seed": 6717
  },
  {
    "seed": 6738
  },
  {
    "seed": 6742
  },
  {
    "seed": 6761
  },
  {
    "seed": 6767
  },
  {
    "seed": 6768
  },
  {
    "seed": 6799
  },
  {
    "seed": 6810
  },
  {
    "seed": 6856
  },
  {
    "seed": 6867
  },
  {
    "seed": 6882
  },
  {
    "seed": 6920
  },
  {
    "seed": 6932
  },
  {
    "seed": 6936
  },
  {
    "seed": 6946
  },
  {
    "seed": 6994
  },
  {
    "seed": 7000
  },
  {
    "seed": 7007
  },
  {
    "seed": 7021
  },
  {
    "seed": 7056
  },
  {
    "seed": 7098
  },
  {
    "seed": 7192
  },
  {
    "seed": 7211
  },
  {
    "seed": 7212
  },
  {
    "seed": 7216
  },
  {
    "seed": 7238
  },
  {
    "seed": 7239
  },
  {
    "seed": 7253
  },
  {
    "seed": 7254
  },
  {
    "seed": 7295
  },
  {
    "seed": 7298
  },
  {
    "seed": 7309
  },
  {
    "seed": 7323
  },
  {
    "seed": 7337
  },
  {
    "seed": 7388
  },
  {
    "seed": 7434
  },
  {
    "seed": 7437
  },
  {
    "seed": 7441
  },
  {
    "seed": 7514
  },
  {
    "seed": 7549
  },
  {
    "seed": 7557
  },
  {
    "seed": 7586
  },
  {
    "seed": 7589
  },
  {
    "seed": 7590
  },
  {
    "seed": 7621
  },
  {
    "seed": 7691
  },
  {
    "seed": 7710
  },
  {
    "seed": 7764
  },
  {
    "seed": 7823
  },
  {
    "seed": 7844
  },
  {
    "seed": 7853
  },
  {
    "seed": 7859
  },
  {
    "seed": 7867
  },
  {
    "seed": 7916
  },
  {
    "seed": 7925
  },
  {
    "seed": 7958
  },
  {
    "seed": 7962
  },
  {
    "seed": 8100
  },
  {
    "seed": 8102
  },
  {
    "seed": 8110
  },
  {
    "seed": 8130
  },
  {
    "seed": 8171
  },
  {
    "seed": 8183
  },
  {
    "seed": 8187
  },
  {
    "seed": 8192
  },
  {
    "seed": 8271
  },
  {
    "seed": 8331
  },
  {
    "seed": 8380
  },
  {
    "seed": 8394
  },
  {
    "seed": 8453
  },
  {
    "seed": 8467
  },
  {
    "seed": 8530
  },
  {
    "seed": 8544
  },
  {
    "seed": 8560
  },
  {
    "seed": 8591
  },
  {
    "seed": 8609
  },
  {
    "seed": 8667
  },
  {
    "seed": 8675
  },
  {
    "seed": 8680
  },
  {
    "seed": 8689
  },
  {
    "seed": 8694
  },
  {
    "seed": 8722
  },
  {
    "seed": 8733
  },
  {
    "seed": 8770
  },
  {
    "seed": 8813
  },
  {
    "seed": 8833
  },
  {
    "seed": 8847
  },
  {
    "seed": 8953
  },
  {
    "seed": 9033
  },
  {
    "seed": 9050
  },
  {
    "seed": 9077
  },
  {
    "seed": 9078
  },
  {
    "seed": 9081
  },
  {
    "seed": 9114
  },
  {
    "seed": 9157
  },
  {
    "seed": 9214
  },
  {
    "seed": 9225
  },
  {
    "seed": 9228
  },
  {
    "seed": 9235
  },
  {
    "seed": 9253
  },
  {
    "seed": 9292
  },
  {
    "seed": 9299
  },
  {
    "seed": 9310
  },
  {
    "seed": 9315
  },
  {
    "seed": 9332
  },
  {
    "seed": 9340
  },
  {
    "seed": 9361
  },
  {
    "seed": 9387
  },
  {
    "seed": 9407
  },
  {
    "seed": 9412
  },
  {
    "seed": 9416
  },
  {
    "seed": 9446
  },
  {
    "seed": 9466
  },
  {
    "seed": 9495
  },
  {
    "seed": 9497
  },
  {
    "seed": 9509
  },
  {
    "seed": 9543
  },
  {
    "seed": 9562
  },
  {
    "seed": 9603
  },
  {
    "seed": 9639
  },
  {
    "seed": 9692
  },
  {
    "seed": 9744
  },
  {
    "seed": 9803
  },
  {
    "seed": 9823
  },
  {
    "seed": 9909
  },
  {
    "seed": 9921
  },
  {
    "seed": 9950
  },
  {
    "seed": 9956
  },
  {
    "seed": 9979
  },
  {
    "seed": 9983
  },
  {
    "seed": 10050
  },
  {
    "seed": 10092
  },
  {
    "seed": 10124
  },
  {
    "seed": 10126
  },
  {
    "seed": 10156
  },
  {
    "seed": 10159
  },
  {
    "seed": 10165
  },
  {
    "seed": 10193
  },
  {
    "seed": 10203
  },
  {
    "seed": 10218
  },
  {
    "seed": 10231
  },
  {
    "seed": 10234
  },
  {
    "seed": 10241
  },
  {
    "seed": 10264
  },
  {
    "seed": 10284
  },
  {
    "seed": 10306
  },
  {
    "seed": 10308
  },
  {
    "seed": 10329
  },
  {
    "seed": 10332
  },
  {
    "seed": 10340
  },
  {
    "seed": 10390
  },
  {
    "seed": 10392
  },
  {
    "seed": 10418
  },
  {
    "seed": 10485
  },
  {
    "seed": 10530
  },
  {
    "seed": 10550
  },
  {
    "seed": 10552
  },
  {
    "seed": 10565
  },
  {
    "seed": 10574
  },
  {
    "seed": 10596
  },
  {
    "seed": 10615
  },
  {
    "seed": 10619
  },
  {
    "seed": 10718
  },
  {
    "seed": 10746
  },
  {
    "seed": 10755
  },
  {
    "seed": 10793
  },
  {
    "seed": 10796
  },
  {
    "seed": 10830
  },
  {
    "seed": 10848
  },
  {
    "seed": 10850
  },
  {
    "seed": 10884
  },
  {
    "seed": 10898
  },
  {
    "seed": 10901
  },
  {
    "seed": 10947
  },
  {
    "seed": 10951
  },
  {
    "seed": 11019
  },
  {
    "seed": 11028
  },
  {
    "seed": 11049
  },
  {
    "seed": 11061
  },
  {
    "seed": 11079
  },
  {
    "seed": 11083
  },
  {
    "seed": 11120
  },
  {
    "seed": 11154
  },
  {
    "seed": 11162
  },
  {
    "seed": 11239
  },
  {
    "seed": 11243
  },
  {
    "seed": 11247
  },
  {
    "seed": 11256
  },
  {
    "seed": 11332
  },
  {
    "seed": 11369
  },
  {
    "seed": 11375
  },
  {
    "seed": 11394
  },
  {
    "seed": 11402
  },
  {
    "seed": 11416
  },
  {
    "seed": 11458
  },
  {
    "seed": 11527
  },
  {
    "seed": 11528
  },
  {
    "seed": 11569
  },
  {
    "seed": 11597
  },
  {
    "seed": 11621
  },
  {
    "seed": 11650
  },
  {
    "seed": 11661
  },
  {
    "seed": 11681
  },
  {
    "seed": 11689
  },
  {
    "seed": 11703
  },
  {
    "seed": 11708
  },
  {
    "seed": 11713
  },
  {
    "seed": 11737
  },
  {
    "seed": 11757
  },
  {
    "seed": 11779
  },
  {
    "seed": 11792
  },
  {
    "seed": 11794
  },
  {
    "seed": 11814
  },
  {
    "seed": 11875
  },
  {
    "seed": 11893
  },
  {
    "seed": 11922
  },
  {
    "seed": 11931
  },
  {
    "seed": 11955
  },
  {
    "seed": 11968
  },
  {
    "seed": 12027
  },
  {
    "seed": 12065
  },
  {
    "seed": 12090
  },
  {
    "seed": 12103
  },
  {
    "seed": 12173
  },
  {
    "seed": 12175
  },
  {
    "seed": 12181
  },
  {
    "seed": 12197
  },
  {
    "seed": 12222
  },
  {
    "seed": 12240
  },
  {
    "seed": 12257
  },
  {
    "seed": 12261
  },
  {
    "seed": 12284
  },
  {
    "seed": 12297
  },
  {
    "seed": 12314
  },
  {
    "seed": 12365
  },
  {
    "seed": 12369
  },
  {
    "seed": 12380
  },
  {
    "seed": 12413
  },
  {
    "seed": 12444
  },
  {
    "seed": 12468
  },
  {
    "seed": 12483
  },
  {
    "seed": 12519
  },
  {
    "seed": 12569
  },
  {
    "seed": 12592
  },
  {
    "seed": 12625
  },
  {
    "seed": 12651
  },
  {
    "seed": 12685
  },
  {
    "seed": 12735
  },
  {
    "seed": 12763
  },
  {
    "seed": 12772
  },
  {
    "seed": 12811
  },
  {
    "seed": 12819
  },
  {
    "seed": 12823
  },
  {
    "seed": 12857
  },
  {
    "seed": 12861
  },
  {
    "seed": 12891
  },
  {
    "seed": 12929
  },
  {
    "seed": 12939
  },
  {
    "seed": 13031
  },
  {
    "seed": 13041
  },
  {
    "seed": 13071
  },
  {
    "seed": 13113
  },
  {
    "seed": 13156
  },
  {
    "seed": 13158
  },
  {
    "seed": 13173
  },
  {
    "seed": 13219
  },
  {
    "seed": 13266
  },
  {
    "seed": 13272
  },
  {
    "seed": 13290
  },
  {
    "seed": 13296
  },
  {
    "seed": 13305
  },
  {
    "seed": 13350
  },
  {
    "seed": 13351
  },
  {
    "seed": 13384
  },
  {
    "seed": 13387
  },
  {
    "seed": 13409
  },
  {
    "seed": 13423
  },
  {
    "seed": 13424
  },
  {
    "seed": 13433
  },
  {
    "seed": 13496
  },
  {
    "seed": 13586
  },
  {
    "seed": 13588
  },
  {
    "seed": 13591
  },
  {
    "seed": 13620
  },
  {
    "seed": 13622
  },
  {
    "seed": 13636
  },
  {
    "seed": 13637
  },
  {
    "seed": 13712
  },
  {
    "seed": 13861
  },
  {
    "seed": 13870
  },
  {
    "seed": 13880
  },
  {
    "seed": 13881
  },
  {
    "seed": 13884
  },
  {
    "seed": 13887
  },
  {
    "seed": 13929
  },
  {
    "seed": 13935
  },
  {
    "seed": 13964
  },
  {
    "seed": 13997
  },
  {
    "seed": 14010
  },
  {
    "seed": 14123
  },
  {
    "seed": 14153
  },
  {
    "seed": 14157
  },
  {
    "seed": 14175
  },
  {
    "seed": 14184
  },
  {
    "seed": 14201
  },
  {
    "seed": 14237
  },
  {
    "seed": 14304
  },
  {
    "seed": 14314
  },
  {
    "seed": 14323
  },
  {
    "seed": 14329
  },
  {
    "seed": 14343
  },
  {
    "seed": 14365
  },
  {
    "seed": 14368
  },
  {
    "seed": 14384
  },
  {
    "seed": 14469
  },
  {
    "seed": 14532
  },
  {
    "seed": 14544
  },
  {
    "seed": 14550
  },
  {
    "seed": 14567
  },
  {
    "seed": 14650
  },
  {
    "seed": 14664
  },
  {
    "seed": 14665
  },
  {
    "seed": 14737
  },
  {
    "seed": 14740
  },
  {
    "seed": 14746
  },
  {
    "seed": 14750
  },
  {
    "seed": 14794
  },
  {
    "seed": 14873
  },
  {
    "seed": 14877
  },
  {
    "seed": 14881
  },
  {
    "seed": 14919
  },
  {
    "seed": 14941
  },
  {
    "seed": 14948
  },
  {
    "seed": 14974
  },
  {
    "seed": 15015
  },
  {
    "seed": 15036
  },
  {
    "seed": 15097
  },
  {
    "seed": 15243
  },
  {
    "seed": 15251
  },
  {
    "seed": 15272
  },
  {
    "seed": 15283
  },
  {
    "seed": 15299
  },
  {
    "seed": 15329
  },
  {
    "seed": 15404
  },
  {
    "seed": 15444
  },
  {
    "seed": 15489
  },
  {
    "seed": 15490
  },
  {
    "seed": 15502
  },
  {
    "seed": 15514
  },
  {
    "seed": 15603
  },
  {
    "seed": 15650
  },
  {
    "seed": 15666
  },
  {
    "seed": 15681
  },
  {
    "seed": 15722
  },
  {
    "seed": 15811
  },
  {
    "seed": 15843
  },
  {
    "seed": 15877
  },
  {
    "seed": 15905
  },
  {
    "seed": 15978
  },
  {
    "seed": 16002
  },
  {
    "seed": 16024
  },
  {
    "seed": 16078
  },
  {
    "seed": 16101
  },
  {
    "seed": 16143
  },
  {
    "seed": 16176
  },
  {
    "seed": 16177
  },
  {
    "seed": 16204
  },
  {
    "seed": 16223
  },
  {
    "seed": 16273
  },
  {
    "seed": 16277
  },
  {
    "seed": 16292
  },
  {
    "seed": 16340
  },
  {
    "seed": 16347
  },
  {
    "seed": 16387
  },
  {
    "seed": 16400
  },
  {
    "seed": 16401
  },
  {
    "seed": 16498
  },
  {
    "seed": 16502
  },
  {
    "seed": 16518
  },
  {
    "seed": 16530
  },
  {
    "seed": 16542
  },
  {
    "seed": 16565
  },
  {
    "seed": 16566
  },
  {
    "seed": 16577
  },
  {
    "seed": 16631
  },
  {
    "seed": 16635
  },
  {
    "seed": 16673
  },
  {
    "seed": 16685
  },
  {
    "seed": 16729
  },
  {
    "seed": 16749
  },
  {
    "seed": 16758
  },
  {
    "seed": 16783
  },
  {
    "seed": 16857
  },
  {
    "seed": 16895
  },
  {
    "seed": 16901
  },
  {
    "seed": 16908
  },
  {
    "seed": 16919
  },
  {
    "seed": 16970
  },
  {
    "seed": 16974
  },
  {
    "seed": 16975
  },
  {
    "seed": 16989
  },
  {
    "seed": 17042
  },
  {
    "seed": 17043
  },
  {
    "seed": 17063
  },
  {
    "seed": 17066
  },
  {
    "seed": 17241
  },
  {
    "seed": 17329
  },
  {
    "seed": 17331
  },
  {
    "seed": 17340
  },
  {
    "seed": 17384
  },
  {
    "seed": 17388
  },
  {
    "seed": 17481
  },
  {
    "seed": 17485
  },
  {
    "seed": 17507
  },
  {
    "seed": 17522
  },
  {
    "seed": 17568
  },
  {
    "seed": 17587
  },
  {
    "seed": 17611
  },
  {
    "seed": 17618
  },
  {
    "seed": 17767
  },
  {
    "seed": 17792
  },
  {
    "seed": 17813
  },
  {
    "seed": 17855
  },
  {
    "seed": 17875
  },
  {
    "seed": 17890
  },
  {
    "seed": 17891
  },
  {
    "seed": 17912
  },
  {
    "seed": 17913
  },
  {
    "seed": 17939
  },
  {
    "seed": 17948
  },
  {
    "seed": 17984
  },
  {
    "seed": 18021
  },
  {
    "seed": 18042
  },
  {
    "seed": 18045
  },
  {
    "seed": 18065
  },
  {
    "seed": 18066
  },
  {
    "seed": 18074
  },
  {
    "seed": 18110
  },
  {
    "seed": 18127
  },
  {
    "seed": 18153
  },
  {
    "seed": 18179
  },
  {
    "seed": 18246
  },
  {
    "seed": 18265
  },
  {
    "seed": 18277
  },
  {
    "seed": 18296
  },
  {
    "seed": 18335
  },
  {
    "seed": 18357
  },
  {
    "seed": 18386
  },
  {
    "seed": 18399
  },
  {
    "seed": 18422
  },
  {
    "seed": 18441
  },
  {
    "seed": 18449
  },
  {
    "seed": 18450
  },
  {
    "seed": 18451
  },
  {
    "seed": 18489
  },
  {
    "seed": 18547
  },
  {
    "seed": 18576
  },
  {
    "seed": 18601
  },
  {
    "seed": 18631
  },
  {
    "seed": 18654
  },
  {
    "seed": 18663
  },
  {
    "seed": 18731
  },
  {
    "seed": 18765
  },
  {
    "seed": 18839
  },
  {
    "seed": 18843
  },
  {
    "seed": 18862
  },
  {
    "seed": 18898
  },
  {
    "seed": 18911
  },
  {
    "seed": 18954
  },
  {
    "seed": 18997
  },
  {
    "seed": 19039
  },
  {
    "seed": 19065
  },
  {
    "seed": 19088
  },
  {
    "seed": 19126
  },
  {
    "seed": 19132
  },
  {
    "seed": 19146
  },
  {
    "seed": 19172
  },
  {
    "seed": 19194
  },
  {
    "seed": 19221
  },
  {
    "seed": 19253
  },
  {
    "seed": 19263
  },
  {
    "seed": 19318
  },
  {
    "seed": 19386
  },
  {
    "seed": 19415
  },
  {
    "seed": 19456
  },
  {
    "seed": 19512
  },
  {
    "seed": 19519
  },
  {
    "seed": 19548
  },
  {
    "seed": 19550
  },
  {
    "seed": 19579
  },
  {
    "seed": 19632
  },
  {
    "seed": 19658
  },
  {
    "seed": 19685
  },
  {
    "seed": 19689
  },
  {
    "seed": 19700
  },
  {
    "seed": 19707
  },
  {
    "seed": 19748
  },
  {
    "seed": 19760
  },
  {
    "seed": 19784
  },
  {
    "seed": 19803
  },
  {
    "seed": 19810
  },
  {
    "seed": 19849
  },
  {
    "seed": 19853
  },
  {
    "seed": 19858
  },
  {
    "seed": 19907
  },
  {
    "seed": 19927
  },
  {
    "seed": 19955
  },
  {
    "seed": 19979
  },
  {
    "seed": 20084
  },
  {
    "seed": 20086
  },
  {
    "seed": 20136
  },
  {
    "seed": 20234
  },
  {
    "seed": 20245
  },
  {
    "seed": 20273
  },
  {
    "seed": 20324
  },
  {
    "seed": 20411
  },
  {
    "seed": 20435
  },
  {
    "seed": 20461
  },
  {
    "seed": 20485
  },
  {
    "seed": 20522
  },
  {
    "seed": 20530
  },
  {
    "seed": 20540
  },
  {
    "seed": 20544
  },
  {
    "seed": 20548
  },
  {
    "seed": 20567
  },
  {
    "seed": 20583
  },
  {
    "seed": 20646
  },
  {
    "seed": 20702
  },
  {
    "seed": 20713
  },
  {
    "seed": 20740
  },
  {
    "seed": 20820
  },
  {
    "seed": 20830
  },
  {
    "seed": 20858
  },
  {
    "seed": 20928
  },
  {
    "seed": 20994
  },
  {
    "seed": 21001
  },
  {
    "seed": 21013
  },
  {
    "seed": 21023
  },
  {
    "seed": 21089
  },
  {
    "seed": 21094
  },
  {
    "seed": 21131
  },
  {
    "seed": 21139
  },
  {
    "seed": 21148
  },
  {
    "seed": 21168
  },
  {
    "seed": 21213
  },
  {
    "seed": 21238
  },
  {
    "seed": 21293
  },
  {
    "seed": 21323
  },
  {
    "seed": 21379
  },
  {
    "seed": 21439
  },
  {
    "seed": 21506
  },
  {
    "seed": 21536
  },
  {
    "seed": 21583
  },
  {
    "seed": 21627
  },
  {
    "seed": 21637
  },
  {
    "seed": 21640
  },
  {
    "seed": 21651
  },
  {
    "seed": 21818
  },
  {
    "seed": 21847
  },
  {
    "seed": 21878
  },
  {
    "seed": 21889
  },
  {
    "seed": 21924
  },
  {
    "seed": 21925
  },
  {
    "seed": 21962
  },
  {
    "seed": 21980
  },
  {
    "seed": 22018
  },
  {
    "seed": 22053
  },
  {
    "seed": 22056
  },
  {
    "seed": 22058
  },
  {
    "seed": 22081
  },
  {
    "seed": 22092
  },
  {
    "seed": 22113
  },
  {
    "seed": 22116
  },
  {
    "seed": 22154
  },
  {
    "seed": 22199
  },
  {
    "seed": 22220
  },
  {
    "seed": 22246
  },
  {
    "seed": 22277
  },
  {
    "seed": 22304
  },
  {
    "seed": 22319
  },
  {
    "seed": 22353
  },
  {
    "seed": 22386
  },
  {
    "seed": 22449
  },
  {
    "seed": 22454
  },
  {
    "seed": 22458
  },
  {
    "seed": 22466
  },
  {
    "seed": 22570
  },
  {
    "seed": 22589
  },
  {
    "seed": 22601
  },
  {
    "seed": 22634
  },
  {
    "seed": 22640
  },
  {
    "seed": 22665
  },
  {
    "seed": 22685
  },
  {
    "seed": 22698
  },
  {
    "seed": 22720
  },
  {
    "seed": 22759
  },
  {
    "seed": 22794
  },
  {
    "seed": 22817
  },
  {
    "seed": 22819
  },
  {
    "seed": 22835
  },
  {
    "seed": 22875
  },
  {
    "seed": 22891
  },
  {
    "seed": 22984
  },
  {
    "seed": 22988
  },
  {
    "seed": 22989
  },
  {
    "seed": 23073
  },
  {
    "seed": 23120
  },
  {
    "seed": 23145
  },
  {
    "seed": 23169
  },
  {
    "seed": 23174
  },
  {
    "seed": 23201
  },
  {
    "seed": 23320
  },
  {
    "seed": 23342
  },
  {
    "seed": 23367
  },
  {
    "seed": 23375
  },
  {
    "seed": 23376
  },
  {
    "seed": 23385
  },
  {
    "seed": 23387
  },
  {
    "seed": 23415
  },
  {
    "seed": 23444
  },
  {
    "seed": 23466
  },
  {
    "seed": 23552
  },
  {
    "seed": 23563
  },
  {
    "seed": 23597
  },
  {
    "seed": 23624
  },
  {
    "seed": 23639
  },
  {
    "seed": 23650
  },
  {
    "seed": 23690
  },
  {
    "seed": 23744
  },
  {
    "seed": 23801
  },
  {
    "seed": 23803
  },
  {
    "seed": 23851
  },
  {
    "seed": 23900
  },
  {
    "seed": 23908
  },
  {
    "seed": 23915
  },
  {
    "seed": 23926
  },
  {
    "seed": 23949
  },
  {
    "seed": 23963
  },
  {
    "seed": 23968
  },
  {
    "seed": 23980
  },
  {
    "seed": 24062
  },
  {
    "seed": 24080
  },
  {
    "seed": 24164
  },
  {
    "seed": 24220
  },
  {
    "seed": 24255
  },
  {
    "seed": 24276
  },
  {
    "seed": 24307
  },
  {
    "seed": 24328
  },
  {
    "seed": 24331
  },
  {
    "seed": 24334
  },
  {
    "seed": 24430
  },
  {
    "seed": 24460
  },
  {
    "seed": 24574
  },
  {
    "seed": 24593
  },
  {
    "seed": 24623
  },
  {
    "seed": 24640
  },
  {
    "seed": 24653
  },
  {
    "seed": 24666
  },
  {
    "seed": 24676
  },
  {
    "seed": 24687
  },
  {
    "seed": 24689
  },
  {
    "seed": 24706
  },
  {
    "seed": 24732
  },
  {
    "seed": 24741
  },
  {
    "seed": 24763
  },
  {
    "seed": 24803
  },
  {
    "seed": 24864
  },
  {
    "seed": 24871
  },
  {
    "seed": 24873
  },
  {
    "seed": 24909
  },
  {
    "seed": 24923
  },
  {
    "seed": 24946
  },
  {
    "seed": 24986
  },
  {
    "seed": 24996
  },
  {
    "seed": 25044
  },
  {
    "seed": 25057
  },
  {
    "seed": 25060
  },
  {
    "seed": 25069
  },
  {
    "seed": 25073
  },
  {
    "seed": 25079
  },
  {
    "seed": 25091
  },
  {
    "seed": 25093
  },
  {
    "seed": 25104
  },
  {
    "seed": 25129
  },
  {
    "seed": 25154
  },
  {
    "seed": 25160
  },
  {
    "seed": 25176
  },
  {
    "seed": 25188
  },
  {
    "seed": 25194
  },
  {
    "seed": 25234
  },
  {
    "seed": 25256
  },
  {
    "seed": 25289
  },
  {
    "seed": 25327
  },
  {
    "seed": 25346
  },
  {
    "seed": 25348
  },
  {
    "seed": 25382
  },
  {
    "seed": 25393
  },
  {
    "seed": 25409
  },
  {
    "seed": 25450
  },
  {
    "seed": 25463
  },
  {
    "seed": 25473
  },
  {
    "seed": 25491
  },
  {
    "seed": 25523
  },
  {
    "seed": 25590
  },
  {
    "seed": 25641
  },
  {
    "seed": 25698
  },
  {
    "seed": 25716
  },
  {
    "seed": 25730
  },
  {
    "seed": 25840
  },
  {
    "seed": 25864
  },
  {
    "seed": 25904
  },
  {
    "seed": 25958
  },
  {
    "seed": 26002
  },
  {
    "seed": 26008
  },
  {
    "seed": 26011
  },
  {
    "seed": 26015
  },
  {
    "seed": 26027
  },
  {
    "seed": 26062
  },
  {
    "seed": 26126
  },
  {
    "seed": 26162
  },
  {
    "seed": 26173
  },
  {
    "seed": 26182
  },
  {
    "seed": 26333
  },
  {
    "seed": 26383
  },
  {
    "seed": 26415
  },
  {
    "seed": 26427
  },
  {
    "seed": 26429
  },
  {
    "seed": 26444
  },
  {
    "seed": 26452
  },
  {
    "seed": 26456
  },
  {
    "seed": 26458
  },
  {
    "seed": 26498
  },
  {
    "seed": 26565
  },
  {
    "seed": 26578
  },
  {
    "seed": 26619
  },
  {
    "seed": 26681
  },
  {
    "seed": 26685
  },
  {
    "seed": 26694
  },
  {
    "seed": 26695
  },
  {
    "seed": 26702
  },
  {
    "seed": 26703
  },
  {
    "seed": 26704
  },
  {
    "seed": 26724
  },
  {
    "seed": 26748
  },
  {
    "seed": 26781
  },
  {
    "seed": 26795
  },
  {
    "seed": 26802
  },
  {
    "seed": 26880
  },
  {
    "seed": 26920
  },
  {
    "seed": 26924
  },
  {
    "seed": 27017
  },
  {
    "seed": 27093
  },
  {
    "seed": 27101
  },
  {
    "seed": 27120
  },
  {
    "seed": 27137
  },
  {
    "seed": 27166
  },
  {
    "seed": 27233
  },
  {
    "seed": 27241
  },
  {
    "seed": 27257
  },
  {
    "seed": 27259
  },
  {
    "seed": 27333
  },
  {
    "seed": 27366
  },
  {
    "seed": 27369
  },
  {
    "seed": 27380
  },
  {
    "seed": 27414
  },
  {
    "seed": 27421
  },
  {
    "seed": 27468
  },
  {
    "seed": 27488
  },
  {
    "seed": 27508
  },
  {
    "seed": 27511
  },
  {
    "seed": 27580
  },
  {
    "seed": 27601
  },
  {
    "seed": 27614
  },
  {
    "seed": 27635
  },
  {
    "seed": 27645
  },
  {
    "seed": 27715
  },
  {
    "seed": 27717
  },
  {
    "seed": 27722
  },
  {
    "seed": 27732
  },
  {
    "seed": 27740
  },
  {
    "seed": 27743
  },
  {
    "seed": 27857
  },
  {
    "seed": 27865
  },
  {
    "seed": 27889
  },
  {
    "seed": 27915
  },
  {
    "seed": 27948
  },
  {
    "seed": 28003
  },
  {
    "seed": 28056
  },
  {
    "seed": 28069
  },
  {
    "seed": 28115
  },
  {
    "seed": 28132
  },
  {
    "seed": 28146
  },
  {
    "seed": 28149
  },
  {
    "seed": 28257
  },
  {
    "seed": 28338
  },
  {
    "seed": 28403
  },
  {
    "seed": 28475
  },
  {
    "seed": 28501
  },
  {
    "seed": 28600
  },
  {
    "seed": 28663
  },
  {
    "seed": 28677
  },
  {
    "seed": 28693
  },
  {
    "seed": 28797
  },
  {
    "seed": 28849
  },
  {
    "seed": 28864
  },
  {
    "seed": 28879
  },
  {
    "seed": 28925
  },
  {
    "seed": 28927
  },
  {
    "seed": 28937
  },
  {
    "seed": 28962
  },
  {
    "seed": 29013
  },
  {
    "seed": 29047
  },
  {
    "seed": 29068
  },
  {
    "seed": 29094
  },
  {
    "seed": 29097
  },
  {
    "seed": 29103
  },
  {
    "seed": 29106
  },
  {
    "seed": 29132
  },
  {
    "seed": 29160
  },
  {
    "seed": 29172
  },
  {
    "seed": 29176
  },
  {
    "seed": 29207
  },
  {
    "seed": 29211
  },
  {
    "seed": 29317
  },
  {
    "seed": 29338
  },
  {
    "seed": 29342
  },
  {
    "seed": 29401
  },
  {
    "seed": 29425
  },
  {
    "seed": 29435
  },
  {
    "seed": 29489
  },
  {
    "seed": 29497
  },
  {
    "seed": 29545
  },
  {
    "seed": 29575
  },
  {
    "seed": 29583
  },
  {
    "seed": 29662
  },
  {
    "seed": 29692
  },
  {
    "seed": 29712
  },
  {
    "seed": 29725
  },
  {
    "seed": 29745
  },
  {
    "seed": 29785
  },
  {
    "seed": 29791
  },
  {
    "seed": 29801
  },
  {
    "seed": 29827
  },
  {
    "seed": 29862
  },
  {
    "seed": 29885
  },
  {
    "seed": 29959
  },
  {
    "seed": 29960
  },
  {
    "seed": 29968
  },
  {
    "seed": 30021
  },
  {
    "seed": 30031
  },
  {
    "seed": 30064
  },
  {
    "seed": 30069
  },
  {
    "seed": 30138
  },
  {
    "seed": 30173
  },
  {
    "seed": 30213
  },
  {
    "seed": 30215
  },
  {
    "seed": 30229
  },
  {
    "seed": 30261
  },
  {
    "seed": 30272
  },
  {
    "seed": 30279
  },
  {
    "seed": 30311
  },
  {
    "seed": 30328
  },
  {
    "seed": 30339
  },
  {
    "seed": 30345
  },
  {
    "seed": 30366
  },
  {
    "seed": 30404
  },
  {
    "seed": 30475
  },
  {
    "seed": 30492
  },
  {
    "seed": 30607
  },
  {
    "seed": 30638
  },
  {
    "seed": 30639
  },
  {
    "seed": 30654
  },
  {
    "seed": 30698
  },
  {
    "seed": 30718
  },
  {
    "seed": 30802
  },
  {
    "seed": 30836
  },
  {
    "seed": 30847
  },
  {
    "seed": 30853
  },
  {
    "seed": 30951
  },
  {
    "seed": 30964
  },
  {
    "seed": 30993
  },
  {
    "seed": 31000
  },
  {
    "seed": 31004
  },
  {
    "seed": 31016
  },
  {
    "seed": 31082
  },
  {
    "seed": 31111
  },
  {
    "seed": 31122
  },
  {
    "seed": 31140
  },
  {
    "seed": 31141
  },
  {
    "seed": 31145
  },
  {
    "seed": 31148
  },
  {
    "seed": 31164
  },
  {
    "seed": 31169
  },
  {
    "seed": 31217
  },
  {
    "seed": 31237
  },
  {
    "seed": 31247
  },
  {
    "seed": 31275
  },
  {
    "seed": 31283
  },
  {
    "seed": 31290
  },
  {
    "seed": 31301
  },
  {
    "seed": 31342
  },
  {
    "seed": 31404
  },
  {
    "seed": 31412
  },
  {
    "seed": 31428
  },
  {
    "seed": 31467
  },
  {
    "seed": 31473
  },
  {
    "seed": 31534
  },
  {
    "seed": 31608
  },
  {
    "seed": 31625
  },
  {
    "seed": 31633
  },
  {
    "seed": 31649
  },
  {
    "seed": 31673
  },
  {
    "seed": 31716
  },
  {
    "seed": 31754
  },
  {
    "seed": 31803
  },
  {
    "seed": 31812
  },
  {
    "seed": 31841
  },
  {
    "seed": 31846
  },
  {
    "seed": 31852
  },
  {
    "seed": 31863
  },
  {
    "seed": 31870
  },
  {
    "seed": 31879
  },
  {
    "seed": 31892
  },
  {
    "seed": 31895
  },
  {
    "seed": 31896
  },
  {
    "seed": 31920
  },
  {
    "seed": 31959
  },
  {
    "seed": 32004
  },
  {
    "seed": 32023
  },
  {
    "seed": 32031
  },
  {
    "seed": 32053
  },
  {
    "seed": 32057
  },
  {
    "seed": 32058
  },
  {
    "seed": 32063
  },
  {
    "seed": 32137
  },
  {
    "seed": 32162
  },
  {
    "seed": 32267
  },
  {
    "seed": 32278
  },
  {
    "seed": 32298
  },
  {
    "seed": 32377
  },
  {
    "seed": 32486
  },
  {
    "seed": 32488
  },
  {
    "seed": 32497
  },
  {
    "seed": 32560
  },
  {
    "seed": 32608
  },
  {
    "seed": 32664
  },
  {
    "seed": 32684
  },
  {
    "seed": 32709
  },
  {
    "seed": 32730
  },
  {
    "seed": 32764
  },
  {
    "seed": 32774
  },
  {
    "seed": 32784
  },
  {
    "seed": 32792
  },
  {
    "seed": 32795
  },
  {
    "seed": 32807
  },
  {
    "seed": 32822
  },
  {
    "seed": 32827
  },
  {
    "seed": 32867
  },
  {
    "seed": 32956
  },
  {
    "seed": 32996
  },
  {
    "seed": 33001
  },
  {
    "seed": 33003
  },
  {
    "seed": 33032
  },
  {
    "seed": 33039
  },
  {
    "seed": 33098
  },
  {
    "seed": 33163
  },
  {
    "seed": 33202
  },
  {
    "seed": 33211
  },
  {
    "seed": 33237
  },
  {
    "seed": 33253
  },
  {
    "seed": 33262
  },
  {
    "seed": 33314
  },
  {
    "seed": 33339
  },
  {
    "seed": 33366
  },
  {
    "seed": 33369
  },
  {
    "seed": 33383
  },
  {
    "seed": 33482
  },
  {
    "seed": 33537
  },
  {
    "seed": 33556
  },
  {
    "seed": 33568
  },
  {
    "seed": 33617
  },
  {
    "seed": 33693
  },
  {
    "seed": 33704
  },
  {
    "seed": 33710
  },
  {
    "seed": 33731
  },
  {
    "seed": 33764
  },
  {
    "seed": 33767
  },
  {
    "seed": 33780
  },
  {
    "seed": 33788
  },
  {
    "seed": 33791
  },
  {
    "seed": 33818
  },
  {
    "seed": 33944
  },
  {
    "seed": 34010
  },
  {
    "seed": 34011
  },
  {
    "seed": 34036
  },
  {
    "seed": 34068
  },
  {
    "seed": 34098
  },
  {
    "seed": 34103
  },
  {
    "seed": 34125
  },
  {
    "seed": 34134
  },
  {
    "seed": 34136
  },
  {
    "seed": 34187
  },
  {
    "seed": 34236
  },
  {
    "seed": 34248
  },
  {
    "seed": 34282
  },
  {
    "seed": 34297
  },
  {
    "seed": 34305
  },
  {
    "seed": 34396
  },
  {
    "seed": 34435
  },
  {
    "seed": 34470
  },
  {
    "seed": 34475
  },
  {
    "seed": 34492
  },
  {
    "seed": 34502
  },
  {
    "seed": 34518
  },
  {
    "seed": 34539
  },
  {
    "seed": 34606
  },
  {
    "seed": 34607
  },
  {
    "seed": 34613
  },
  {
    "seed": 34624
  },
  {
    "seed": 34659
  },
  {
    "seed": 34663
  },
  {
    "seed": 34667
  },
  {
    "seed": 34696
  },
  {
    "seed": 34714
  },
  {
    "seed": 34718
  },
  {
    "seed": 34754
  },
  {
    "seed": 34784
  },
  {
    "seed": 34812
  },
  {
    "seed": 34827
  },
  {
    "seed": 34835
  },
  {
    "seed": 34856
  },
  {
    "seed": 34935
  },
  {
    "seed": 35161
  },
  {
    "seed": 35165
  },
  {
    "seed": 35170
  },
  {
    "seed": 35282
  },
  {
    "seed": 35291
  },
  {
    "seed": 35311
  },
  {
    "seed": 35326
  },
  {
    "seed": 35341
  },
  {
    "seed": 35346
  },
  {
    "seed": 35352
  },
  {
    "seed": 35388
  },
  {
    "seed": 35407
  },
  {
    "seed": 35489
  },
  {
    "seed": 35545
  },
  {
    "seed": 35604
  },
  {
    "seed": 35618
  },
  {
    "seed": 35621
  },
  {
    "seed": 35630
  },
  {
    "seed": 35668
  },
  {
    "seed": 35673
  },
  {
    "seed": 35739
  },
  {
    "seed": 35750
  },
  {
    "seed": 35794
  },
  {
    "seed": 35813
  },
  {
    "seed": 35879
  },
  {
    "seed": 35896
  },
  {
    "seed": 35955
  },
  {
    "seed": 35956
  },
  {
    "seed": 35974
  },
  {
    "seed": 36043
  },
  {
    "seed": 36111
  },
  {
    "seed": 36125
  },
  {
    "seed": 36150
  },
  {
    "seed": 36152
  },
  {
    "seed": 36168
  },
  {
    "seed": 36173
  },
  {
    "seed": 36179
  },
  {
    "seed": 36180
  },
  {
    "seed": 36192
  },
  {
    "seed": 36213
  },
  {
    "seed": 36300
  },
  {
    "seed": 36325
  },
  {
    "seed": 36344
  },
  {
    "seed": 36365
  },
  {
    "seed": 36366
  },
  {
    "seed": 36413
  },
  {
    "seed": 36492
  },
  {
    "seed": 36538
  },
  {
    "seed": 36561
  },
  {
    "seed": 36661
  },
  {
    "seed": 36675
  },
  {
    "seed": 36686
  },
  {
    "seed": 36694
  },
  {
    "seed": 36711
  },
  {
    "seed": 36765
  },
  {
    "seed": 36779
  },
  {
    "seed": 36796
  },
  {
    "seed": 36830
  },
  {
    "seed": 36868
  },
  {
    "seed": 36904
  },
  {
    "seed": 36920
  },
  {
    "seed": 36946
  },
  {
    "seed": 36958
  },
  {
    "seed": 36970
  },
  {
    "seed": 36979
  },
  {
    "seed": 37003
  },
  {
    "seed": 37078
  },
  {
    "seed": 37174
  },
  {
    "seed": 37200
  },
  {
    "seed": 37210
  },
  {
    "seed": 37224
  },
  {
    "seed": 37265
  },
  {
    "seed": 37288
  },
  {
    "seed": 37310
  },
  {
    "seed": 37352
  },
  {
    "seed": 37366
  },
  {
    "seed": 37368
  },
  {
    "seed": 37386
  },
  {
    "seed": 37391
  },
  {
    "seed": 37435
  },
  {
    "seed": 37447
  },
  {
    "seed": 37476
  },
  {
    "seed": 37518
  },
  {
    "seed": 37554
  },
  {
    "seed": 37559
  },
  {
    "seed": 37565
  },
  {
    "seed": 37613
  },
  {
    "seed": 37644
  },
  {
    "seed": 37656
  },
  {
    "seed": 37674
  },
  {
    "seed": 37750
  },
  {
    "seed": 37754
  },
  {
    "seed": 37806
  },
  {
    "seed": 37868
  },
  {
    "seed": 37893
  },
  {
    "seed": 37918
  },
  {
    "seed": 37925
  },
  {
    "seed": 37931
  },
  {
    "seed": 37966
  },
  {
    "seed": 37970
  },
  {
    "seed": 37991
  },
  {
    "seed": 38108
  },
  {
    "seed": 38158
  },
  {
    "seed": 38178
  },
  {
    "seed": 38179
  },
  {
    "seed": 38238
  },
  {
    "seed": 38257
  },
  {
    "seed": 38304
  },
  {
    "seed": 38320
  },
  {
    "seed": 38369
  },
  {
    "seed": 38373
  },
  {
    "seed": 38380
  },
  {
    "seed": 38400
  },
  {
    "seed": 38425
  },
  {
    "seed": 38438
  },
  {
    "seed": 38467
  },
  {
    "seed": 38468
  },
  {
    "seed": 38488
  },
  {
    "seed": 38493
  },
  {
    "seed": 38532
  },
  {
    "seed": 38600
  },
  {
    "seed": 38627
  },
  {
    "seed": 38654
  },
  {
    "seed": 38655
  },
  {
    "seed": 38673
  },
  {
    "seed": 38683
  },
  {
    "seed": 38729
  },
  {
    "seed": 38745
  },
  {
    "seed": 38751
  },
  {
    "seed": 38761
  },
  {
    "seed": 38762
  },
  {
    "seed": 38764
  },
  {
    "seed": 38786
  },
  {
    "seed": 38802
  },
  {
    "seed": 38806
  },
  {
    "seed": 38815
  },
  {
    "seed": 38826
  },
  {
    "seed": 38857
  },
  {
    "seed": 38864
  },
  {
    "seed": 38881
  },
  {
    "seed": 38888
  },
  {
    "seed": 38891
  },
  {
    "seed": 38933
  },
  {
    "seed": 38944
  },
  {
    "seed": 38951
  },
  {
    "seed": 38974
  },
  {
    "seed": 39007
  },
  {
    "seed": 39008
  },
  {
    "seed": 39012
  },
  {
    "seed": 39043
  },
  {
    "seed": 39067
  },
  {
    "seed": 39221
  },
  {
    "seed": 39224
  },
  {
    "seed": 39226
  },
  {
    "seed": 39254
  },
  {
    "seed": 39278
  },
  {
    "seed": 39380
  },
  {
    "seed": 39402
  },
  {
    "seed": 39416
  },
  {
    "seed": 39467
  },
  {
    "seed": 39500
  },
  {
    "seed": 39554
  },
  {
    "seed": 39563
  },
  {
    "seed": 39565
  },
  {
    "seed": 39569
  },
  {
    "seed": 39586
  },
  {
    "seed": 39623
  },
  {
    "seed": 39694
  },
  {
    "seed": 39711
  },
  {
    "seed": 39735
  },
  {
    "seed": 39738
  },
  {
    "seed": 39764
  },
  {
    "seed": 39792
  },
  {
    "seed": 39803
  },
  {
    "seed": 39810
  },
  {
    "seed": 39889
  },
  {
    "seed": 39899
  },
  {
    "seed": 39940
  },
  {
    "seed": 39964
  },
  {
    "seed": 39967
  },
  {
    "seed": 39992
  },
  {
    "seed": 40018
  },
  {
    "seed": 40032
  },
  {
    "seed": 40051
  },
  {
    "seed": 40062
  },
  {
    "seed": 40064
  },
  {
    "seed": 40104
  },
  {
    "seed": 40147
  },
  {
    "seed": 40157
  },
  {
    "seed": 40163
  },
  {
    "seed": 40171
  },
  {
    "seed": 40176
  },
  {
    "seed": 40249
  },
  {
    "seed": 40253
  },
  {
    "seed": 40264
  },
  {
    "seed": 40265
  },
  {
    "seed": 40277
  },
  {
    "seed": 40282
  },
  {
    "seed": 40323
  },
  {
    "seed": 40369
  },
  {
    "seed": 40371
  },
  {
    "seed": 40379
  },
  {
    "seed": 40407
  },
  {
    "seed": 40411
  },
  {
    "seed": 40428
  },
  {
    "seed": 40473
  },
  {
    "seed": 40540
  },
  {
    "seed": 40545
  },
  {
    "seed": 40549
  },
  {
    "seed": 40626
  },
  {
    "seed": 40637
  },
  {
    "seed": 40639
  },
  {
    "seed": 40647
  },
  {
    "seed": 40655
  },
  {
    "seed": 40695
  },
  {
    "seed": 40715
  },
  {
    "seed": 40720
  },
  {
    "seed": 40727
  },
  {
    "seed": 40729
  },
  {
    "seed": 40764
  },
  {
    "seed": 40771
  },
  {
    "seed": 40835
  },
  {
    "seed": 40843
  },
  {
    "seed": 40911
  },
  {
    "seed": 40983
  },
  {
    "seed": 41008
  },
  {
    "seed": 41053
  },
  {
    "seed": 41079
  },
  {
    "seed": 41097
  },
  {
    "seed": 41187
  },
  {
    "seed": 41222
  },
  {
    "seed": 41298
  },
  {
    "seed": 41378
  },
  {
    "seed": 41442
  },
  {
    "seed": 41449
  },
  {
    "seed": 41485
  },
  {
    "seed": 41488
  },
  {
    "seed": 41496
  },
  {
    "seed": 41592
  },
  {
    "seed": 41610
  },
  {
    "seed": 41622
  },
  {
    "seed": 41648
  },
  {
    "seed": 41660
  },
  {
    "seed": 41690
  },
  {
    "seed": 41707
  },
  {
    "seed": 41762
  },
  {
    "seed": 41776
  },
  {
    "seed": 41778
  },
  {
    "seed": 41803
  },
  {
    "seed": 41821
  },
  {
    "seed": 41825
  },
  {
    "seed": 41849
  },
  {
    "seed": 41852
  },
  {
    "seed": 41872
  },
  {
    "seed": 41942
  },
  {
    "seed": 41996
  },
  {
    "seed": 42032
  },
  {
    "seed": 42054
  },
  {
    "seed": 42070
  },
  {
    "seed": 42083
  },
  {
    "seed": 42087
  },
  {
    "seed": 42105
  },
  {
    "seed": 42112
  },
  {
    "seed": 42117
  },
  {
    "seed": 42211
  },
  {
    "seed": 42219
  },
  {
    "seed": 42256
  },
  {
    "seed": 42283
  },
  {
    "seed": 42348
  },
  {
    "seed": 42360
  },
  {
    "seed": 42363
  },
  {
    "seed": 42384
  },
  {
    "seed": 42411
  },
  {
    "seed": 42469
  },
  {
    "seed": 42531
  },
  {
    "seed": 42541
  },
  {
    "seed": 42592
  },
  {
    "seed": 42597
  },
  {
    "seed": 42628
  },
  {
    "seed": 42711
  },
  {
    "seed": 42713
  },
  {
    "seed": 42740
  },
  {
    "seed": 42745
  },
  {
    "seed": 42762
  },
  {
    "seed": 42769
  },
  {
    "seed": 42792
  },
  {
    "seed": 42802
  },
  {
    "seed": 42895
  },
  {
    "seed": 42912
  },
  {
    "seed": 42962
  },
  {
    "seed": 42979
  },
  {
    "seed": 42989
  },
  {
    "seed": 42999
  },
  {
    "seed": 43009
  },
  {
    "seed": 43057
  },
  {
    "seed": 43091
  },
  {
    "seed": 43099
  },
  {
    "seed": 43104
  },
  {
    "seed": 43123
  },
  {
    "seed": 43127
  },
  {
    "seed": 43188
  },
  {
    "seed": 43191
  },
  {
    "seed": 43209
  },
  {
    "seed": 43218
  },
  {
    "seed": 43232
  },
  {
    "seed": 43260
  },
  {
    "seed": 43268
  },
  {
    "seed": 43278
  },
  {
    "seed": 43314
  },
  {
    "seed": 43368
  },
  {
    "seed": 43391
  },
  {
    "seed": 43423
  },
  {
    "seed": 43424
  },
  {
    "seed": 43464
  },
  {
    "seed": 43541
  },
  {
    "seed": 43542
  },
  {
    "seed": 43551
  },
  {
    "seed": 43586
  },
  {
    "seed": 43667
  },
  {
    "seed": 43677
  },
  {
    "seed": 43697
  },
  {
    "seed": 43706
  },
  {
    "seed": 43719
  },
  {
    "seed": 43792
  },
  {
    "seed": 43846
  },
  {
    "seed": 43867
  },
  {
    "seed": 43887
  },
  {
    "seed": 43901
  },
  {
    "seed": 43905
  },
  {
    "seed": 43918
  },
  {
    "seed": 43981
  },
  {
    "seed": 43992
  },
  {
    "seed": 43999
  },
  {
    "seed": 44030
  },
  {
    "seed": 44096
  },
  {
    "seed": 44117
  },
  {
    "seed": 44127
  },
  {
    "seed": 44139
  },
  {
    "seed": 44151
  },
  {
    "seed": 44167
  },
  {
    "seed": 44174
  },
  {
    "seed": 44202
  },
  {
    "seed": 44209
  },
  {
    "seed": 44339
  },
  {
    "seed": 44341
  },
  {
    "seed": 44343
  },
  {
    "seed": 44363
  },
  {
    "seed": 44381
  },
  {
    "seed": 44388
  },
  {
    "seed": 44401
  },
  {
    "seed": 44404
  },
  {
    "seed": 44422
  },
  {
    "seed": 44438
  },
  {
    "seed": 44513
  },
  {
    "seed": 44516
  },
  {
    "seed": 44518
  },
  {
    "seed": 44539
  },
  {
    "seed": 44564
  },
  {
    "seed": 44620
  },
  {
    "seed": 44624
  },
  {
    "seed": 44634
  },
  {
    "seed": 44635
  },
  {
    "seed": 44653
  },
  {
    "seed": 44683
  },
  {
    "seed": 44748
  },
  {
    "seed": 44787
  },
  {
    "seed": 44799
  },
  {
    "seed": 44801
  },
  {
    "seed": 44805
  },
  {
    "seed": 44859
  },
  {
    "seed": 44860
  },
  {
    "seed": 44885
  },
  {
    "seed": 44911
  },
  {
    "seed": 44938
  },
  {
    "seed": 44996
  },
  {
    "seed": 45009
  },
  {
    "seed": 45100
  },
  {
    "seed": 45109
  },
  {
    "seed": 45126
  },
  {
    "seed": 45160
  },
  {
    "seed": 45197
  },
  {
    "seed": 45216
  },
  {
    "seed": 45233
  },
  {
    "seed": 45266
  },
  {
    "seed": 45405
  },
  {
    "seed": 45462
  },
  {
    "seed": 45470
  },
  {
    "seed": 45518
  },
  {
    "seed": 45537
  },
  {
    "seed": 45581
  },
  {
    "seed": 45592
  },
  {
    "seed": 45619
  },
  {
    "seed": 45652
  },
  {
    "seed": 45733
  },
  {
    "seed": 45752
  },
  {
    "seed": 45759
  },
  {
    "seed": 45816
  },
  {
    "seed": 45822
  },
  {
    "seed": 45826
  },
  {
    "seed": 45849
  },
  {
    "seed": 45884
  },
  {
    "seed": 45921
  },
  {
    "seed": 45927
  },
  {
    "seed": 45939
  },
  {
    "seed": 45968
  },
  {
    "seed": 46018
  },
  {
    "seed": 46032
  },
  {
    "seed": 46093
  },
  {
    "seed": 46121
  },
  {
    "seed": 46144
  },
  {
    "seed": 46155
  },
  {
    "seed": 46206
  },
  {
    "seed": 46227
  },
  {
    "seed": 46260
  },
  {
    "seed": 46267
  },
  {
    "seed": 46269
  },
  {
    "seed": 46291
  },
  {
    "seed": 46348
  },
  {
    "seed": 46357
  },
  {
    "seed": 46392
  },
  {
    "seed": 46403
  },
  {
    "seed": 46430
  },
  {
    "seed": 46447
  },
  {
    "seed": 46467
  },
  {
    "seed": 46499
  },
  {
    "seed": 46521
  },
  {
    "seed": 46538
  },
  {
    "seed": 46584
  },
  {
    "seed": 46591
  },
  {
    "seed": 46610
  },
  {
    "seed": 46696
  },
  {
    "seed": 46728
  },
  {
    "seed": 46905
  },
  {
    "seed": 46983
  },
  {
    "seed": 46987
  },
  {
    "seed": 46993
  },
  {
    "seed": 47007
  },
  {
    "seed": 47019
  },
  {
    "seed": 47049
  },
  {
    "seed": 47081
  },
  {
    "seed": 47113
  },
  {
    "seed": 47121
  },
  {
    "seed": 47125
  },
  {
    "seed": 47150
  },
  {
    "seed": 47157
  },
  {
    "seed": 47187
  },
  {
    "seed": 47192
  },
  {
    "seed": 47245
  },
  {
    "seed": 47252
  },
  {
    "seed": 47256
  },
  {
    "seed": 47307
  },
  {
    "seed": 47316
  },
  {
    "seed": 47319
  },
  {
    "seed": 47330
  },
  {
    "seed": 47372
  },
  {
    "seed": 47410
  },
  {
    "seed": 47444
  },
  {
    "seed": 47452
  },
  {
    "seed": 47506
  },
  {
    "seed": 47570
  },
  {
    "seed": 47665
  },
  {
    "seed": 47672
  },
  {
    "seed": 47720
  },
  {
    "seed": 47747
  },
  {
    "seed": 47784
  },
  {
    "seed": 47827
  },
  {
    "seed": 47828
  },
  {
    "seed": 47865
  },
  {
    "seed": 47898
  },
  {
    "seed": 47921
  },
  {
    "seed": 47927
  },
  {
    "seed": 47988
  },
  {
    "seed": 48007
  },
  {
    "seed": 48009
  },
  {
    "seed": 48047
  },
  {
    "seed": 48062
  },
  {
    "seed": 48069
  },
  {
    "seed": 48079
  },
  {
    "seed": 48087
  },
  {
    "seed": 48116
  },
  {
    "seed": 48140
  },
  {
    "seed": 48299
  },
  {
    "seed": 48333
  },
  {
    "seed": 48483
  },
  {
    "seed": 48517
  },
  {
    "seed": 48538
  },
  {
    "seed": 48580
  },
  {
    "seed": 48616
  },
  {
    "seed": 48674
  },
  {
    "seed": 48788
  },
  {
    "seed": 48797
  },
  {
    "seed": 48803
  },
  {
    "seed": 48865
  },
  {
    "seed": 48878
  },
  {
    "seed": 48897
  },
  {
    "seed": 48921
  },
  {
    "seed": 48951
  },
  {
    "seed": 49002
  },
  {
    "seed": 49046
  },
  {
    "seed": 49087
  },
  {
    "seed": 49139
  },
  {
    "seed": 49196
  },
  {
    "seed": 49197
  },
  {
    "seed": 49226
  },
  {
    "seed": 49340
  },
  {
    "seed": 49349
  },
  {
    "seed": 49387
  },
  {
    "seed": 49412
  },
  {
    "seed": 49462
  },
  {
    "seed": 49483
  },
  {
    "seed": 49487
  },
  {
    "seed": 49570
  },
  {
    "seed": 49585
  },
  {
    "seed": 49623
  },
  {
    "seed": 49709
  },
  {
    "seed": 49710
  },
  {
    "seed": 49716
  },
  {
    "seed": 49743
  },
  {
    "seed": 49745
  },
  {
    "seed": 49763
  },
  {
    "seed": 49791
  },
  {
    "seed": 49900
  },
  {
    "seed": 49921
  },
  {
    "seed": 49962
  },
  {
    "seed": 49970
  },
  {
    "seed": 49973
  },
  {
    "seed": 49975
  },
  {
    "seed": 49980
  },
  {
    "seed": 50003
  },
  {
    "seed": 50005
  },
  {
    "seed": 50014
  },
  {
    "seed": 50027
  },
  {
    "seed": 50051
  },
  {
    "seed": 50059
  },
  {
    "seed": 50071
  },
  {
    "seed": 50103
  },
  {
    "seed": 50108
  },
  {
    "seed": 50123
  },
  {
    "seed": 50142
  },
  {
    "seed": 50149
  },
  {
    "seed": 50254
  },
  {
    "seed": 50302
  },
  {
    "seed": 50309
  },
  {
    "seed": 50349
  },
  {
    "seed": 50370
  },
  {
    "seed": 50389
  },
  {
    "seed": 50392
  },
  {
    "seed": 50414
  },
  {
    "seed": 50426
  },
  {
    "seed": 50453
  },
  {
    "seed": 50457
  },
  {
    "seed": 50496
  },
  {
    "seed": 50524
  },
  {
    "seed": 50528
  },
  {
    "seed": 50534
  },
  {
    "seed": 50547
  },
  {
    "seed": 50577
  },
  {
    "seed": 50580
  },
  {
    "seed": 50595
  },
  {
    "seed": 50598
  },
  {
    "seed": 50628
  },
  {
    "seed": 50653
  },
  {
    "seed": 50677
  },
  {
    "seed": 50744
  },
  {
    "seed": 50936
  },
  {
    "seed": 50952
  },
  {
    "seed": 51005
  },
  {
    "seed": 51027
  },
  {
    "seed": 51049
  },
  {
    "seed": 51072
  },
  {
    "seed": 51075
  },
  {
    "seed": 51102
  },
  {
    "seed": 51143
  },
  {
    "seed": 51156
  },
  {
    "seed": 51177
  },
  {
    "seed": 51248
  },
  {
    "seed": 51259
  },
  {
    "seed": 51308
  },
  {
    "seed": 51329
  },
  {
    "seed": 51446
  },
  {
    "seed": 51452
  },
  {
    "seed": 51475
  },
  {
    "seed": 51500
  },
  {
    "seed": 51516
  },
  {
    "seed": 51587
  },
  {
    "seed": 51591
  },
  {
    "seed": 51616
  },
  {
    "seed": 51619
  },
  {
    "seed": 51643
  },
  {
    "seed": 51735
  },
  {
    "seed": 51764
  },
  {
    "seed": 51786
  },
  {
    "seed": 51825
  },
  {
    "seed": 51838
  },
  {
    "seed": 51862
  },
  {
    "seed": 51870
  },
  {
    "seed": 51884
  },
  {
    "seed": 51888
  },
  {
    "seed": 51902
  },
  {
    "seed": 51941
  },
  {
    "seed": 51954
  },
  {
    "seed": 52010
  },
  {
    "seed": 52023
  },
  {
    "seed": 52139
  },
  {
    "seed": 52168
  },
  {
    "seed": 52307
  },
  {
    "seed": 52332
  },
  {
    "seed": 52366
  },
  {
    "seed": 52383
  },
  {
    "seed": 52407
  },
  {
    "seed": 52446
  },
  {
    "seed": 52467
  },
  {
    "seed": 52484
  },
  {
    "seed": 52505
  },
  {
    "seed": 52509
  },
  {
    "seed": 52516
  },
  {
    "seed": 52517
  },
  {
    "seed": 52531
  },
  {
    "seed": 52570
  },
  {
    "seed": 52608
  },
  {
    "seed": 52615
  },
  {
    "seed": 52618
  },
  {
    "seed": 52683
  },
  {
    "seed": 52695
  },
  {
    "seed": 52782
  },
  {
    "seed": 52806
  },
  {
    "seed": 52856
  },
  {
    "seed": 52859
  },
  {
    "seed": 52899
  },
  {
    "seed": 52902
  },
  {
    "seed": 52904
  },
  {
    "seed": 52935
  },
  {
    "seed": 52949
  },
  {
    "seed": 52963
  },
  {
    "seed": 52977
  },
  {
    "seed": 52995
  },
  {
    "seed": 53027
  },
  {
    "seed": 53061
  },
  {
    "seed": 53075
  },
  {
    "seed": 53078
  },
  {
    "seed": 53080
  },
  {
    "seed": 53091
  },
  {
    "seed": 53104
  },
  {
    "seed": 53114
  },
  {
    "seed": 53115
  },
  {
    "seed": 53138
  },
  {
    "seed": 53145
  },
  {
    "seed": 53152
  },
  {
    "seed": 53163
  },
  {
    "seed": 53167
  },
  {
    "seed": 53200
  },
  {
    "seed": 53206
  },
  {
    "seed": 53207
  },
  {
    "seed": 53208
  },
  {
    "seed": 53214
  },
  {
    "seed": 53224
  },
  {
    "seed": 53265
  },
  {
    "seed": 53319
  },
  {
    "seed": 53324
  },
  {
    "seed": 53379
  },
  {
    "seed": 53463
  },
  {
    "seed": 53471
  },
  {
    "seed": 53487
  },
  {
    "seed": 53501
  },
  {
    "seed": 53518
  },
  {
    "seed": 53537
  },
  {
    "seed": 53583
  },
  {
    "seed": 53593
  },
  {
    "seed": 53616
  },
  {
    "seed": 53687
  },
  {
    "seed": 53698
  },
  {
    "seed": 53708
  },
  {
    "seed": 53774
  },
  {
    "seed": 53779
  },
  {
    "seed": 53830
  },
  {
    "seed": 53840
  },
  {
    "seed": 53859
  },
  {
    "seed": 53896
  },
  {
    "seed": 53899
  },
  {
    "seed": 53913
  },
  {
    "seed": 53946
  },
  {
    "seed": 54011
  },
  {
    "seed": 54070
  },
  {
    "seed": 54144
  },
  {
    "seed": 54216
  },
  {
    "seed": 54220
  },
  {
    "seed": 54223
  },
  {
    "seed": 54251
  },
  {
    "seed": 54257
  },
  {
    "seed": 54316
  },
  {
    "seed": 54326
  },
  {
    "seed": 54340
  },
  {
    "seed": 54362
  },
  {
    "seed": 54386
  },
  {
    "seed": 54403
  },
  {
    "seed": 54408
  },
  {
    "seed": 54429
  },
  {
    "seed": 54524
  },
  {
    "seed": 54542
  },
  {
    "seed": 54568
  },
  {
    "seed": 54590
  },
  {
    "seed": 54621
  },
  {
    "seed": 54629
  },
  {
    "seed": 54709
  },
  {
    "seed": 54787
  },
  {
    "seed": 54795
  },
  {
    "seed": 54812
  },
  {
    "seed": 54819
  },
  {
    "seed": 54821
  },
  {
    "seed": 54854
  },
  {
    "seed": 54856
  },
  {
    "seed": 54909
  },
  {
    "seed": 54921
  },
  {
    "seed": 54937
  },
  {
    "seed": 54942
  },
  {
    "seed": 54963
  },
  {
    "seed": 55014
  },
  {
    "seed": 55017
  },
  {
    "seed": 55018
  },
  {
    "seed": 55023
  },
  {
    "seed": 55035
  },
  {
    "seed": 55036
  },
  {
    "seed": 55044
  },
  {
    "seed": 55097
  },
  {
    "seed": 55108
  },
  {
    "seed": 55125
  },
  {
    "seed": 55134
  },
  {
    "seed": 55150
  },
  {
    "seed": 55212
  },
  {
    "seed": 55228
  },
  {
    "seed": 55230
  },
  {
    "seed": 55245
  },
  {
    "seed": 55279
  },
  {
    "seed": 55372
  },
  {
    "seed": 55377
  },
  {
    "seed": 55385
  },
  {
    "seed": 55423
  },
  {
    "seed": 55427
  },
  {
    "seed": 55499
  },
  {
    "seed": 55529
  },
  {
    "seed": 55533
  },
  {
    "seed": 55537
  },
  {
    "seed": 55565
  },
  {
    "seed": 55576
  },
  {
    "seed": 55679
  },
  {
    "seed": 55699
  },
  {
    "seed": 55716
  },
  {
    "seed": 55723
  },
  {
    "seed": 55746
  },
  {
    "seed": 55781
  },
  {
    "seed": 55805
  },
  {
    "seed": 56005
  },
  {
    "seed": 56021
  },
  {
    "seed": 56023
  },
  {
    "seed": 56027
  },
  {
    "seed": 56047
  },
  {
    "seed": 56055
  },
  {
    "seed": 56057
  },
  {
    "seed": 56118
  },
  {
    "seed": 56170
  },
  {
    "seed": 56321
  },
  {
    "seed": 56324
  },
  {
    "seed": 56379
  },
  {
    "seed": 56438
  },
  {
    "seed": 56483
  },
  {
    "seed": 56499
  },
  {
    "seed": 56537
  },
  {
    "seed": 56548
  },
  {
    "seed": 56566
  },
  {
    "seed": 56570
  },
  {
    "seed": 56587
  },
  {
    "seed": 56589
  },
  {
    "seed": 56604
  },
  {
    "seed": 56619
  },
  {
    "seed": 56649
  },
  {
    "seed": 56670
  },
  {
    "seed": 56711
  },
  {
    "seed": 56722
  },
  {
    "seed": 56729
  },
  {
    "seed": 56806
  },
  {
    "seed": 56824
  },
  {
    "seed": 56918
  },
  {
    "seed": 56945
  },
  {
    "seed": 56952
  },
  {
    "seed": 56984
  },
  {
    "seed": 57001
  },
  {
    "seed": 57030
  },
  {
    "seed": 57045
  },
  {
    "seed": 57064
  },
  {
    "seed": 57101
  },
  {
    "seed": 57106
  },
  {
    "seed": 57152
  },
  {
    "seed": 57167
  },
  {
    "seed": 57203
  },
  {
    "seed": 57233
  },
  {
    "seed": 57253
  },
  {
    "seed": 57262
  },
  {
    "seed": 57319
  },
  {
    "seed": 57367
  },
  {
    "seed": 57411
  },
  {
    "seed": 57438
  },
  {
    "seed": 57439
  },
  {
    "seed": 57445
  },
  {
    "seed": 57449
  },
  {
    "seed": 57483
  },
  {
    "seed": 57537
  },
  {
    "seed": 57561
  },
  {
    "seed": 57581
  },
  {
    "seed": 57602
  },
  {
    "seed": 57633
  },
  {
    "seed": 57656
  },
  {
    "seed": 57663
  },
  {
    "seed": 57664
  },
  {
    "seed": 57667
  },
  {
    "seed": 57702
  },
  {
    "seed": 57704
  },
  {
    "seed": 57743
  },
  {
    "seed": 57803
  },
  {
    "seed": 57810
  },
  {
    "seed": 57821
  },
  {
    "seed": 57868
  },
  {
    "seed": 57874
  },
  {
    "seed": 57884
  },
  {
    "seed": 57910
  },
  {
    "seed": 57933
  },
  {
    "seed": 58004
  },
  {
    "seed": 58049
  },
  {
    "seed": 58064
  },
  {
    "seed": 58156
  },
  {
    "seed": 58229
  },
  {
    "seed": 58282
  },
  {
    "seed": 58296
  },
  {
    "seed": 58323
  },
  {
    "seed": 58371
  },
  {
    "seed": 58395
  },
  {
    "seed": 58439
  },
  {
    "seed": 58467
  },
  {
    "seed": 58468
  },
  {
    "seed": 58472
  },
  {
    "seed": 58486
  },
  {
    "seed": 58554
  },
  {
    "seed": 58585
  },
  {
    "seed": 58614
  },
  {
    "seed": 58620
  },
  {
    "seed": 58630
  },
  {
    "seed": 58662
  },
  {
    "seed": 58691
  },
  {
    "seed": 58698
  },
  {
    "seed": 58754
  },
  {
    "seed": 58762
  },
  {
    "seed": 58889
  },
  {
    "seed": 58895
  },
  {
    "seed": 58916
  },
  {
    "seed": 58924
  },
  {
    "seed": 58939
  },
  {
    "seed": 58971
  },
  {
    "seed": 59023
  },
  {
    "seed": 59024
  },
  {
    "seed": 59058
  },
  {
    "seed": 59083
  },
  {
    "seed": 59085
  },
  {
    "seed": 59090
  },
  {
    "seed": 59127
  },
  {
    "seed": 59168
  },
  {
    "seed": 59218
  },
  {
    "seed": 59234
  },
  {
    "seed": 59270
  },
  {
    "seed": 59285
  },
  {
    "seed": 59298
  },
  {
    "seed": 59301
  },
  {
    "seed": 59313
  },
  {
    "seed": 59324
  },
  {
    "seed": 59326
  },
  {
    "seed": 59334
  },
  {
    "seed": 59374
  },
  {
    "seed": 59475
  },
  {
    "seed": 59539
  },
  {
    "seed": 59631
  },
  {
    "seed": 59668
  },
  {
    "seed": 59680
  },
  {
    "seed": 59718
  },
  {
    "seed": 59739
  },
  {
    "seed": 59758
  },
  {
    "seed": 59775
  },
  {
    "seed": 59789
  },
  {
    "seed": 59803
  },
  {
    "seed": 59881
  },
  {
    "seed": 59904
  },
  {
    "seed": 59940
  },
  {
    "seed": 59950
  },
  {
    "seed": 60017
  },
  {
    "seed": 60026
  },
  {
    "seed": 60031
  },
  {
    "seed": 60034
  },
  {
    "seed": 60056
  },
  {
    "seed": 60080
  },
  {
    "seed": 60125
  },
  {
    "seed": 60143
  },
  {
    "seed": 60180
  },
  {
    "seed": 60204
  },
  {
    "seed": 60208
  },
  {
    "seed": 60223
  },
  {
    "seed": 60226
  },
  {
    "seed": 60238
  },
  {
    "seed": 60256
  },
  {
    "seed": 60299
  },
  {
    "seed": 60317
  },
  {
    "seed": 60333
  },
  {
    "seed": 60374
  },
  {
    "seed": 60384
  },
  {
    "seed": 60393
  },
  {
    "seed": 60418
  },
  {
    "seed": 60426
  },
  {
    "seed": 60435
  },
  {
    "seed": 60437
  },
  {
    "seed": 60443
  },
  {
    "seed": 60501
  },
  {
    "seed": 60526
  },
  {
    "seed": 60557
  },
  {
    "seed": 60573
  },
  {
    "seed": 60625
  },
  {
    "seed": 60735
  },
  {
    "seed": 60762
  },
  {
    "seed": 60787
  },
  {
    "seed": 60795
  },
  {
    "seed": 60796
  },
  {
    "seed": 60805
  },
  {
    "seed": 60814
  },
  {
    "seed": 60816
  },
  {
    "seed": 60818
  },
  {
    "seed": 60878
  },
  {
    "seed": 60976
  },
  {
    "seed": 61041
  },
  {
    "seed": 61056
  },
  {
    "seed": 61059
  },
  {
    "seed": 61094
  },
  {
    "seed": 61133
  },
  {
    "seed": 61151
  },
  {
    "seed": 61152
  },
  {
    "seed": 61209
  },
  {
    "seed": 61214
  },
  {
    "seed": 61222
  },
  {
    "seed": 61240
  },
  {
    "seed": 61314
  },
  {
    "seed": 61323
  },
  {
    "seed": 61369
  },
  {
    "seed": 61428
  },
  {
    "seed": 61431
  },
  {
    "seed": 61435
  },
  {
    "seed": 61489
  },
  {
    "seed": 61519
  },
  {
    "seed": 61533
  },
  {
    "seed": 61536
  },
  {
    "seed": 61548
  },
  {
    "seed": 61551
  },
  {
    "seed": 61553
  },
  {
    "seed": 61569
  },
  {
    "seed": 61583
  },
  {
    "seed": 61593
  },
  {
    "seed": 61632
  },
  {
    "seed": 61642
  },
  {
    "seed": 61643
  },
  {
    "seed": 61661
  },
  {
    "seed": 61674
  },
  {
    "seed": 61684
  },
  {
    "seed": 61705
  },
  {
    "seed": 61717
  },
  {
    "seed": 61830
  },
  {
    "seed": 61837
  },
  {
    "seed": 61857
  },
  {
    "seed": 61858
  },
  {
    "seed": 61909
  },
  {
    "seed": 61910
  },
  {
    "seed": 61946
  },
  {
    "seed": 61971
  },
  {
    "seed": 61985
  },
  {
    "seed": 61990
  },
  {
    "seed": 62006
  },
  {
    "seed": 62009
  },
  {
    "seed": 62027
  },
  {
    "seed": 62044
  },
  {
    "seed": 62046
  },
  {
    "seed": 62068
  },
  {
    "seed": 62115
  },
  {
    "seed": 62128
  },
  {
    "seed": 62136
  },
  {
    "seed": 62156
  },
  {
    "seed": 62168
  },
  {
    "seed": 62180
  },
  {
    "seed": 62227
  },
  {
    "seed": 62291
  },
  {
    "seed": 62384
  },
  {
    "seed": 62388
  },
  {
    "seed": 62405
  },
  {
    "seed": 62435
  },
  {
    "seed": 62446
  },
  {
    "seed": 62527
  },
  {
    "seed": 62613
  },
  {
    "seed": 62629
  },
  {
    "seed": 62652
  },
  {
    "seed": 62656
  },
  {
    "seed": 62678
  },
  {
    "seed": 62680
  },
  {
    "seed": 62685
  },
  {
    "seed": 62695
  },
  {
    "seed": 62739
  },
  {
    "seed": 62807
  },
  {
    "seed": 62899
  },
  {
    "seed": 62922
  },
  {
    "seed": 62926
  },
  {
    "seed": 62937
  },
  {
    "seed": 62938
  },
  {
    "seed": 63014
  },
  {
    "seed": 63024
  },
  {
    "seed": 63057
  },
  {
    "seed": 63071
  },
  {
    "seed": 63143
  },
  {
    "seed": 63159
  },
  {
    "seed": 63169
  },
  {
    "seed": 63178
  },
  {
    "seed": 63199
  },
  {
    "seed": 63223
  },
  {
    "seed": 63240
  },
  {
    "seed": 63243
  },
  {
    "seed": 63258
  },
  {
    "seed": 63282
  },
  {
    "seed": 63302
  },
  {
    "seed": 63335
  },
  {
    "seed": 63357
  },
  {
    "seed": 63361
  },
  {
    "seed": 63365
  },
  {
    "seed": 63413
  },
  {
    "seed": 63434
  },
  {
    "seed": 63493
  },
  {
    "seed": 63498
  },
  {
    "seed": 63546
  },
  {
    "seed": 63601
  },
  {
    "seed": 63605
  },
  {
    "seed": 63723
  },
  {
    "seed": 63761
  },
  {
    "seed": 63766
  },
  {
    "seed": 63768
  },
  {
    "seed": 63769
  },
  {
    "seed": 63831
  },
  {
    "seed": 63846
  },
  {
    "seed": 63861
  },
  {
    "seed": 63941
  },
  {
    "seed": 63947
  },
  {
    "seed": 63960
  },
  {
    "seed": 63990
  },
  {
    "seed": 63997
  },
  {
    "seed": 64016
  },
  {
    "seed": 64064
  },
  {
    "seed": 64065
  },
  {
    "seed": 64109
  },
  {
    "seed": 64164
  },
  {
    "seed": 64165
  },
  {
    "seed": 64178
  },
  {
    "seed": 64347
  },
  {
    "seed": 64348
  },
  {
    "seed": 64377
  },
  {
    "seed": 64425
  },
  {
    "seed": 64443
  },
  {
    "seed": 64475
  },
  {
    "seed": 64476
  },
  {
    "seed": 64490
  },
  {
    "seed": 64506
  },
  {
    "seed": 64524
  },
  {
    "seed": 64536
  },
  {
    "seed": 64615
  },
  {
    "seed": 64654
  },
  {
    "seed": 64655
  },
  {
    "seed": 64666
  },
  {
    "seed": 64678
  },
  {
    "seed": 64706
  },
  {
    "seed": 64743
  },
  {
    "seed": 64754
  },
  {
    "seed": 64815
  },
  {
    "seed": 64820
  },
  {
    "seed": 64834
  },
  {
    "seed": 64849
  },
  {
    "seed": 64928
  },
  {
    "seed": 64936
  },
  {
    "seed": 64960
  },
  {
    "seed": 64981
  },
  {
    "seed": 64989
  },
  {
    "seed": 65027
  },
  {
    "seed": 65095
  },
  {
    "seed": 65119
  },
  {
    "seed": 65129
  },
  {
    "seed": 65160
  },
  {
    "seed": 65182
  },
  {
    "seed": 65237
  },
  {
    "seed": 65297
  },
  {
    "seed": 65298
  },
  {
    "seed": 65308
  },
  {
    "seed": 65329
  },
  {
    "seed": 65337
  },
  {
    "seed": 65341
  },
  {
    "seed": 65354
  },
  {
    "seed": 65355
  },
  {
    "seed": 65458
  },
  {
    "seed": 65487
  },
  {
    "seed": 65516
  },
  {
    "seed": 65522
  },
  {
    "seed": 65632
  },
  {
    "seed": 65660
  },
  {
    "seed": 65695
  },
  {
    "seed": 65746
  },
  {
    "seed": 65749
  },
  {
    "seed": 65764
  },
  {
    "seed": 65783
  },
  {
    "seed": 65784
  },
  {
    "seed": 65805
  },
  {
    "seed": 65806
  },
  {
    "seed": 65905
  },
  {
    "seed": 65933
  },
  {
    "seed": 65948
  },
  {
    "seed": 65959
  },
  {
    "seed": 65972
  },
  {
    "seed": 65981
  },
  {
    "seed": 65995
  },
  {
    "seed": 65997
  },
  {
    "seed": 66030
  },
  {
    "seed": 66043
  },
  {
    "seed": 66050
  },
  {
    "seed": 66104
  },
  {
    "seed": 66111
  },
  {
    "seed": 66127
  },
  {
    "seed": 66160
  },
  {
    "seed": 66165
  },
  {
    "seed": 66172
  },
  {
    "seed": 66191
  },
  {
    "seed": 66200
  },
  {
    "seed": 66249
  },
  {
    "seed": 66260
  },
  {
    "seed": 66294
  },
  {
    "seed": 66333
  },
  {
    "seed": 66364
  },
  {
    "seed": 66422
  },
  {
    "seed": 66423
  },
  {
    "seed": 66481
  },
  {
    "seed": 66501
  },
  {
    "seed": 66509
  },
  {
    "seed": 66534
  },
  {
    "seed": 66570
  },
  {
    "seed": 66611
  },
  {
    "seed": 66623
  },
  {
    "seed": 66659
  },
  {
    "seed": 66665
  },
  {
    "seed": 66674
  },
  {
    "seed": 66680
  },
  {
    "seed": 66702
  },
  {
    "seed": 66726
  },
  {
    "seed": 66729
  },
  {
    "seed": 66758
  },
  {
    "seed": 66819
  },
  {
    "seed": 66834
  },
  {
    "seed": 66853
  },
  {
    "seed": 66880
  },
  {
    "seed": 66886
  },
  {
    "seed": 66903
  },
  {
    "seed": 66905
  },
  {
    "seed": 66906
  },
  {
    "seed": 66944
  },
  {
    "seed": 66999
  },
  {
    "seed": 67014
  },
  {
    "seed": 67048
  },
  {
    "seed": 67076
  },
  {
    "seed": 67077
  },
  {
    "seed": 67084
  },
  {
    "seed": 67148
  },
  {
    "seed": 67167
  },
  {
    "seed": 67211
  },
  {
    "seed": 67221
  },
  {
    "seed": 67233
  },
  {
    "seed": 67267
  },
  {
    "seed": 67309
  },
  {
    "seed": 67515
  },
  {
    "seed": 67566
  },
  {
    "seed": 67690
  },
  {
    "seed": 67755
  },
  {
    "seed": 67787
  },
  {
    "seed": 67800
  },
  {
    "seed": 67855
  },
  {
    "seed": 67883
  },
  {
    "seed": 67891
  },
  {
    "seed": 67902
  },
  {
    "seed": 67904
  },
  {
    "seed": 67939
  },
  {
    "seed": 67945
  },
  {
    "seed": 67946
  },
  {
    "seed": 67993
  },
  {
    "seed": 68011
  },
  {
    "seed": 68025
  },
  {
    "seed": 68058
  },
  {
    "seed": 68066
  },
  {
    "seed": 68083
  },
  {
    "seed": 68085
  },
  {
    "seed": 68091
  },
  {
    "seed": 68092
  },
  {
    "seed": 68106
  },
  {
    "seed": 68127
  },
  {
    "seed": 68139
  },
  {
    "seed": 68154
  },
  {
    "seed": 68163
  },
  {
    "seed": 68189
  },
  {
    "seed": 68195
  },
  {
    "seed": 68215
  },
  {
    "seed": 68345
  },
  {
    "seed": 68349
  },
  {
    "seed": 68369
  },
  {
    "seed": 68444
  },
  {
    "seed": 68465
  },
  {
    "seed": 68467
  },
  {
    "seed": 68478
  },
  {
    "seed": 68493
  },
  {
    "seed": 68501
  },
  {
    "seed": 68503
  },
  {
    "seed": 68508
  },
  {
    "seed": 68527
  },
  {
    "seed": 68534
  },
  {
    "seed": 68572
  },
  {
    "seed": 68576
  },
  {
    "seed": 68639
  },
  {
    "seed": 68666
  },
  {
    "seed": 68675
  },
  {
    "seed": 68714
  },
  {
    "seed": 68792
  },
  {
    "seed": 68822
  },
  {
    "seed": 68863
  },
  {
    "seed": 68905
  },
  {
    "seed": 68911
  },
  {
    "seed": 68915
  },
  {
    "seed": 68953
  },
  {
    "seed": 68990
  },
  {
    "seed": 69001
  },
  {
    "seed": 69008
  },
  {
    "seed": 69096
  },
  {
    "seed": 69113
  },
  {
    "seed": 69116
  },
  {
    "seed": 69127
  },
  {
    "seed": 69162
  },
  {
    "seed": 69177
  },
  {
    "seed": 69196
  },
  {
    "seed": 69197
  },
  {
    "seed": 69199
  },
  {
    "seed": 69202
  },
  {
    "seed": 69214
  },
  {
    "seed": 69281
  },
  {
    "seed": 69291
  },
  {
    "seed": 69339
  },
  {
    "seed": 69349
  },
  {
    "seed": 69360
  },
  {
    "seed": 69416
  },
  {
    "seed": 69426
  },
  {
    "seed": 69438
  },
  {
    "seed": 69448
  },
  {
    "seed": 69457
  },
  {
    "seed": 69459
  },
  {
    "seed": 69488
  },
  {
    "seed": 69527
  },
  {
    "seed": 69610
  },
  {
    "seed": 69656
  },
  {
    "seed": 69730
  },
  {
    "seed": 69782
  },
  {
    "seed": 69783
  },
  {
    "seed": 69847
  },
  {
    "seed": 69909
  },
  {
    "seed": 69947
  },
  {
    "seed": 69956
  },
  {
    "seed": 69969
  },
  {
    "seed": 69982
  },
  {
    "seed": 69995
  },
  {
    "seed": 70011
  },
  {
    "seed": 70038
  },
  {
    "seed": 70055
  },
  {
    "seed": 70058
  },
  {
    "seed": 70095
  },
  {
    "seed": 70121
  },
  {
    "seed": 70122
  },
  {
    "seed": 70171
  },
  {
    "seed": 70180
  },
  {
    "seed": 70192
  },
  {
    "seed": 70212
  },
  {
    "seed": 70224
  },
  {
    "seed": 70227
  },
  {
    "seed": 70237
  },
  {
    "seed": 70270
  },
  {
    "seed": 70321
  },
  {
    "seed": 70410
  },
  {
    "seed": 70416
  },
  {
    "seed": 70442
  },
  {
    "seed": 70447
  },
  {
    "seed": 70474
  },
  {
    "seed": 70476
  },
  {
    "seed": 70562
  },
  {
    "seed": 70607
  },
  {
    "seed": 70614
  },
  {
    "seed": 70623
  },
  {
    "seed": 70648
  },
  {
    "seed": 70660
  },
  {
    "seed": 70672
  },
  {
    "seed": 70705
  },
  {
    "seed": 70727
  },
  {
    "seed": 70732
  },
  {
    "seed": 70738
  },
  {
    "seed": 70753
  },
  {
    "seed": 70754
  },
  {
    "seed": 70758
  },
  {
    "seed": 70765
  },
  {
    "seed": 70815
  },
  {
    "seed": 70847
  },
  {
    "seed": 70886
  },
  {
    "seed": 70910
  },
  {
    "seed": 70929
  },
  {
    "seed": 70946
  },
  {
    "seed": 70982
  },
  {
    "seed": 70990
  },
  {
    "seed": 71022
  },
  {
    "seed": 71048
  },
  {
    "seed": 71050
  },
  {
    "seed": 71095
  },
  {
    "seed": 71096
  },
  {
    "seed": 71106
  },
  {
    "seed": 71112
  },
  {
    "seed": 71119
  },
  {
    "seed": 71253
  },
  {
    "seed": 71271
  },
  {
    "seed": 71277
  },
  {
    "seed": 71297
  },
  {
    "seed": 71334
  },
  {
    "seed": 71387
  },
  {
    "seed": 71425
  },
  {
    "seed": 71478
  },
  {
    "seed": 71489
  },
  {
    "seed": 71510
  },
  {
    "seed": 71523
  },
  {
    "seed": 71525
  },
  {
    "seed": 71532
  },
  {
    "seed": 71536
  },
  {
    "seed": 71539
  },
  {
    "seed": 71571
  },
  {
    "seed": 71593
  },
  {
    "seed": 71595
  },
  {
    "seed": 71600
  },
  {
    "seed": 71604
  },
  {
    "seed": 71618
  },
  {
    "seed": 71636
  },
  {
    "seed": 71687
  },
  {
    "seed": 71805
  },
  {
    "seed": 71819
  },
  {
    "seed": 71880
  },
  {
    "seed": 71891
  },
  {
    "seed": 71916
  },
  {
    "seed": 71921
  },
  {
    "seed": 71928
  },
  {
    "seed": 71949
  },
  {
    "seed": 72010
  },
  {
    "seed": 72034
  },
  {
    "seed": 72048
  },
  {
    "seed": 72130
  },
  {
    "seed": 72133
  },
  {
    "seed": 72140
  },
  {
    "seed": 72142
  },
  {
    "seed": 72147
  },
  {
    "seed": 72157
  },
  {
    "seed": 72168
  },
  {
    "seed": 72201
  },
  {
    "seed": 72216
  },
  {
    "seed": 72246
  },
  {
    "seed": 72291
  },
  {
    "seed": 72297
  },
  {
    "seed": 72298
  },
  {
    "seed": 72351
  },
  {
    "seed": 72384
  },
  {
    "seed": 72392
  },
  {
    "seed": 72419
  },
  {
    "seed": 72438
  },
  {
    "seed": 72444
  },
  {
    "seed": 72496
  },
  {
    "seed": 72541
  },
  {
    "seed": 72601
  },
  {
    "seed": 72605
  },
  {
    "seed": 72627
  },
  {
    "seed": 72628
  },
  {
    "seed": 72646
  },
  {
    "seed": 72653
  },
  {
    "seed": 72661
  },
  {
    "seed": 72680
  },
  {
    "seed": 72685
  },
  {
    "seed": 72695
  },
  {
    "seed": 72714
  },
  {
    "seed": 72749
  },
  {
    "seed": 72783
  },
  {
    "seed": 72810
  },
  {
    "seed": 72834
  },
  {
    "seed": 72888
  },
  {
    "seed": 72901
  },
  {
    "seed": 72911
  },
  {
    "seed": 72922
  },
  {
    "seed": 72940
  },
  {
    "seed": 72967
  },
  {
    "seed": 72985
  },
  {
    "seed": 73046
  },
  {
    "seed": 73161
  },
  {
    "seed": 73189
  },
  {
    "seed": 73217
  },
  {
    "seed": 73236
  },
  {
    "seed": 73257
  },
  {
    "seed": 73312
  },
  {
    "seed": 73349
  },
  {
    "seed": 73385
  },
  {
    "seed": 73397
  },
  {
    "seed": 73419
  },
  {
    "seed": 73455
  },
  {
    "seed": 73460
  },
  {
    "seed": 73461
  },
  {
    "seed": 73480
  },
  {
    "seed": 73531
  },
  {
    "seed": 73596
  },
  {
    "seed": 73600
  },
  {
    "seed": 73625
  },
  {
    "seed": 73662
  },
  {
    "seed": 73678
  },
  {
    "seed": 73686
  },
  {
    "seed": 73751
  },
  {
    "seed": 73760
  },
  {
    "seed": 73885
  },
  {
    "seed": 73903
  },
  {
    "seed": 73963
  },
  {
    "seed": 74034
  },
  {
    "seed": 74045
  },
  {
    "seed": 74051
  },
  {
    "seed": 74093
  },
  {
    "seed": 74103
  },
  {
    "seed": 74110
  },
  {
    "seed": 74113
  },
  {
    "seed": 74169
  },
  {
    "seed": 74218
  },
  {
    "seed": 74231
  },
  {
    "seed": 74261
  },
  {
    "seed": 74262
  },
  {
    "seed": 74302
  },
  {
    "seed": 74311
  },
  {
    "seed": 74359
  },
  {
    "seed": 74384
  },
  {
    "seed": 74385
  },
  {
    "seed": 74400
  },
  {
    "seed": 74461
  },
  {
    "seed": 74517
  },
  {
    "seed": 74536
  },
  {
    "seed": 74557
  },
  {
    "seed": 74559
  },
  {
    "seed": 74571
  },
  {
    "seed": 74602
  },
  {
    "seed": 74608
  },
  {
    "seed": 74699
  },
  {
    "seed": 74761
  },
  {
    "seed": 74817
  },
  {
    "seed": 74823
  },
  {
    "seed": 74834
  },
  {
    "seed": 74835
  },
  {
    "seed": 74845
  },
  {
    "seed": 74866
  },
  {
    "seed": 74868
  },
  {
    "seed": 74927
  },
  {
    "seed": 75000
  },
  {
    "seed": 75003
  },
  {
    "seed": 75006
  },
  {
    "seed": 75038
  },
  {
    "seed": 75063
  },
  {
    "seed": 75083
  },
  {
    "seed": 75092
  },
  {
    "seed": 75122
  },
  {
    "seed": 75156
  },
  {
    "seed": 75191
  },
  {
    "seed": 75218
  },
  {
    "seed": 75233
  },
  {
    "seed": 75237
  },
  {
    "seed": 75262
  },
  {
    "seed": 75263
  },
  {
    "seed": 75279
  },
  {
    "seed": 75310
  },
  {
    "seed": 75321
  },
  {
    "seed": 75351
  },
  {
    "seed": 75386
  },
  {
    "seed": 75388
  },
  {
    "seed": 75394
  },
  {
    "seed": 75423
  },
  {
    "seed": 75432
  },
  {
    "seed": 75458
  },
  {
    "seed": 75468
  },
  {
    "seed": 75476
  },
  {
    "seed": 75504
  },
  {
    "seed": 75507
  },
  {
    "seed": 75560
  },
  {
    "seed": 75589
  },
  {
    "seed": 75628
  },
  {
    "seed": 75630
  },
  {
    "seed": 75631
  },
  {
    "seed": 75712
  },
  {
    "seed": 75728
  },
  {
    "seed": 75729
  },
  {
    "seed": 75772
  },
  {
    "seed": 75789
  },
  {
    "seed": 75832
  },
  {
    "seed": 75901
  },
  {
    "seed": 75916
  },
  {
    "seed": 75918
  },
  {
    "seed": 75946
  },
  {
    "seed": 75978
  },
  {
    "seed": 75985
  },
  {
    "seed": 76019
  },
  {
    "seed": 76086
  },
  {
    "seed": 76092
  },
  {
    "seed": 76117
  },
  {
    "seed": 76159
  },
  {
    "seed": 76212
  },
  {
    "seed": 76249
  },
  {
    "seed": 76265
  },
  {
    "seed": 76312
  },
  {
    "seed": 76329
  },
  {
    "seed": 76344
  },
  {
    "seed": 76376
  },
  {
    "seed": 76387
  },
  {
    "seed": 76396
  },
  {
    "seed": 76420
  },
  {
    "seed": 76431
  },
  {
    "seed": 76441
  },
  {
    "seed": 76446
  },
  {
    "seed": 76461
  },
  {
    "seed": 76484
  },
  {
    "seed": 76486
  },
  {
    "seed": 76528
  },
  {
    "seed": 76592
  },
  {
    "seed": 76658
  },
  {
    "seed": 76663
  },
  {
    "seed": 76678
  },
  {
    "seed": 76702
  },
  {
    "seed": 76773
  },
  {
    "seed": 76840
  },
  {
    "seed": 76940
  },
  {
    "seed": 76957
  },
  {
    "seed": 76971
  },
  {
    "seed": 77012
  },
  {
    "seed": 77022
  },
  {
    "seed": 77036
  },
  {
    "seed": 77041
  },
  {
    "seed": 77062
  },
  {
    "seed": 77082
  },
  {
    "seed": 77085
  },
  {
    "seed": 77089
  },
  {
    "seed": 77139
  },
  {
    "seed": 77166
  },
  {
    "seed": 77237
  },
  {
    "seed": 77319
  },
  {
    "seed": 77331
  },
  {
    "seed": 77333
  },
  {
    "seed": 77415
  },
  {
    "seed": 77482
  },
  {
    "seed": 77497
  },
  {
    "seed": 77521
  },
  {
    "seed": 77548
  },
  {
    "seed": 77560
  },
  {
    "seed": 77584
  },
  {
    "seed": 77606
  },
  {
    "seed": 77623
  },
  {
    "seed": 77655
  },
  {
    "seed": 77667
  },
  {
    "seed": 77673
  },
  {
    "seed": 77697
  },
  {
    "seed": 77714
  },
  {
    "seed": 77741
  },
  {
    "seed": 77757
  },
  {
    "seed": 77770
  },
  {
    "seed": 77815
  },
  {
    "seed": 77817
  },
  {
    "seed": 77823
  },
  {
    "seed": 77826
  },
  {
    "seed": 77827
  },
  {
    "seed": 77843
  },
  {
    "seed": 77871
  },
  {
    "seed": 77888
  },
  {
    "seed": 77948
  },
  {
    "seed": 77987
  },
  {
    "seed": 78006
  },
  {
    "seed": 78033
  },
  {
    "seed": 78038
  },
  {
    "seed": 78046
  },
  {
    "seed": 78083
  },
  {
    "seed": 78091
  },
  {
    "seed": 78132
  },
  {
    "seed": 78188
  },
  {
    "seed": 78192
  },
  {
    "seed": 78212
  },
  {
    "seed": 78249
  },
  {
    "seed": 78284
  },
  {
    "seed": 78298
  },
  {
    "seed": 78322
  },
  {
    "seed": 78324
  },
  {
    "seed": 78327
  },
  {
    "seed": 78329
  },
  {
    "seed": 78333
  },
  {
    "seed": 78349
  },
  {
    "seed": 78365
  },
  {
    "seed": 78385
  },
  {
    "seed": 78389
  },
  {
    "seed": 78399
  },
  {
    "seed": 78400
  },
  {
    "seed": 78457
  },
  {
    "seed": 78483
  },
  {
    "seed": 78543
  },
  {
    "seed": 78553
  },
  {
    "seed": 78589
  },
  {
    "seed": 78631
  },
  {
    "seed": 78666
  },
  {
    "seed": 78717
  },
  {
    "seed": 78753
  },
  {
    "seed": 78758
  },
  {
    "seed": 78768
  },
  {
    "seed": 78800
  },
  {
    "seed": 78882
  },
  {
    "seed": 78893
  },
  {
    "seed": 78899
  },
  {
    "seed": 78925
  },
  {
    "seed": 78934
  },
  {
    "seed": 78944
  },
  {
    "seed": 78956
  },
  {
    "seed": 78963
  },
  {
    "seed": 79061
  },
  {
    "seed": 79063
  },
  {
    "seed": 79083
  },
  {
    "seed": 79143
  },
  {
    "seed": 79145
  },
  {
    "seed": 79191
  },
  {
    "seed": 79258
  },
  {
    "seed": 79285
  },
  {
    "seed": 79439
  },
  {
    "seed": 79471
  },
  {
    "seed": 79503
  },
  {
    "seed": 79507
  },
  {
    "seed": 79510
  },
  {
    "seed": 79520
  },
  {
    "seed": 79529
  },
  {
    "seed": 79544
  },
  {
    "seed": 79546
  },
  {
    "seed": 79550
  },
  {
    "seed": 79567
  },
  {
    "seed": 79628
  },
  {
    "seed": 79653
  },
  {
    "seed": 79668
  },
  {
    "seed": 79675
  },
  {
    "seed": 79682
  },
  {
    "seed": 79696
  },
  {
    "seed": 79714
  },
  {
    "seed": 79715
  },
  {
    "seed": 79745
  },
  {
    "seed": 79753
  },
  {
    "seed": 79834
  },
  {
    "seed": 79905
  },
  {
    "seed": 79926
  },
  {
    "seed": 79934
  },
  {
    "seed": 79985
  },
  {
    "seed": 80067
  },
  {
    "seed": 80084
  },
  {
    "seed": 80099
  },
  {
    "seed": 80124
  },
  {
    "seed": 80208
  },
  {
    "seed": 80271
  },
  {
    "seed": 80298
  },
  {
    "seed": 80307
  },
  {
    "seed": 80342
  },
  {
    "seed": 80356
  },
  {
    "seed": 80359
  },
  {
    "seed": 80364
  },
  {
    "seed": 80413
  },
  {
    "seed": 80415
  },
  {
    "seed": 80441
  },
  {
    "seed": 80446
  },
  {
    "seed": 80494
  },
  {
    "seed": 80519
  },
  {
    "seed": 80548
  },
  {
    "seed": 80549
  },
  {
    "seed": 80572
  },
  {
    "seed": 80596
  },
  {
    "seed": 80618
  },
  {
    "seed": 80649
  },
  {
    "seed": 80650
  },
  {
    "seed": 80707
  },
  {
    "seed": 80749
  },
  {
    "seed": 80768
  },
  {
    "seed": 80803
  },
  {
    "seed": 80830
  },
  {
    "seed": 80855
  },
  {
    "seed": 80879
  },
  {
    "seed": 80902
  },
  {
    "seed": 80903
  },
  {
    "seed": 80947
  },
  {
    "seed": 80986
  },
  {
    "seed": 80995
  },
  {
    "seed": 80997
  },
  {
    "seed": 81057
  },
  {
    "seed": 81066
  },
  {
    "seed": 81086
  },
  {
    "seed": 81127
  },
  {
    "seed": 81128
  },
  {
    "seed": 81135
  },
  {
    "seed": 81154
  },
  {
    "seed": 81156
  },
  {
    "seed": 81266
  },
  {
    "seed": 81272
  },
  {
    "seed": 81281
  },
  {
    "seed": 81311
  },
  {
    "seed": 81317
  },
  {
    "seed": 81377
  },
  {
    "seed": 81384
  },
  {
    "seed": 81388
  },
  {
    "seed": 81400
  },
  {
    "seed": 81451
  },
  {
    "seed": 81453
  },
  {
    "seed": 81463
  },
  {
    "seed": 81637
  },
  {
    "seed": 81661
  },
  {
    "seed": 81675
  },
  {
    "seed": 81692
  },
  {
    "seed": 81750
  },
  {
    "seed": 81753
  },
  {
    "seed": 81847
  },
  {
    "seed": 81849
  },
  {
    "seed": 81859
  },
  {
    "seed": 81895
  },
  {
    "seed": 81931
  },
  {
    "seed": 81965
  },
  {
    "seed": 82031
  },
  {
    "seed": 82033
  },
  {
    "seed": 82052
  },
  {
    "seed": 82074
  },
  {
    "seed": 82115
  },
  {
    "seed": 82140
  },
  {
    "seed": 82159
  },
  {
    "seed": 82201
  },
  {
    "seed": 82224
  },
  {
    "seed": 82291
  },
  {
    "seed": 82364
  },
  {
    "seed": 82369
  },
  {
    "seed": 82371
  },
  {
    "seed": 82395
  },
  {
    "seed": 82529
  },
  {
    "seed": 82549
  },
  {
    "seed": 82552
  },
  {
    "seed": 82561
  },
  {
    "seed": 82604
  },
  {
    "seed": 82619
  },
  {
    "seed": 82628
  },
  {
    "seed": 82662
  },
  {
    "seed": 82665
  },
  {
    "seed": 82706
  },
  {
    "seed": 82737
  },
  {
    "seed": 82743
  },
  {
    "seed": 82824
  },
  {
    "seed": 82881
  },
  {
    "seed": 82887
  },
  {
    "seed": 82892
  },
  {
    "seed": 82918
  },
  {
    "seed": 82958
  },
  {
    "seed": 82980
  },
  {
    "seed": 83059
  },
  {
    "seed": 83068
  },
  {
    "seed": 83103
  },
  {
    "seed": 83111
  },
  {
    "seed": 83132
  },
  {
    "seed": 83135
  },
  {
    "seed": 83239
  },
  {
    "seed": 83274
  },
  {
    "seed": 83294
  },
  {
    "seed": 83303
  },
  {
    "seed": 83342
  },
  {
    "seed": 83346
  },
  {
    "seed": 83349
  },
  {
    "seed": 83373
  },
  {
    "seed": 83396
  },
  {
    "seed": 83402
  },
  {
    "seed": 83447
  },
  {
    "seed": 83462
  },
  {
    "seed": 83503
  },
  {
    "seed": 83509
  },
  {
    "seed": 83534
  },
  {
    "seed": 83541
  },
  {
    "seed": 83544
  },
  {
    "seed": 83547
  },
  {
    "seed": 83577
  },
  {
    "seed": 83596
  },
  {
    "seed": 83671
  },
  {
    "seed": 83747
  },
  {
    "seed": 83751
  },
  {
    "seed": 83787
  },
  {
    "seed": 83847
  },
  {
    "seed": 83870
  },
  {
    "seed": 83891
  },
  {
    "seed": 83925
  },
  {
    "seed": 83962
  },
  {
    "seed": 83982
  },
  {
    "seed": 84016
  },
  {
    "seed": 84072
  },
  {
    "seed": 84104
  },
  {
    "seed": 84140
  },
  {
    "seed": 84151
  },
  {
    "seed": 84165
  },
  {
    "seed": 84197
  },
  {
    "seed": 84234
  },
  {
    "seed": 84256
  },
  {
    "seed": 84277
  },
  {
    "seed": 84308
  },
  {
    "seed": 84319
  },
  {
    "seed": 84357
  },
  {
    "seed": 84373
  },
  {
    "seed": 84394
  },
  {
    "seed": 84437
  },
  {
    "seed": 84460
  },
  {
    "seed": 84461
  },
  {
    "seed": 84464
  },
  {
    "seed": 84469
  },
  {
    "seed": 84502
  },
  {
    "seed": 84601
  },
  {
    "seed": 84649
  },
  {
    "seed": 84655
  },
  {
    "seed": 84664
  },
  {
    "seed": 84687
  },
  {
    "seed": 84697
  },
  {
    "seed": 84706
  },
  {
    "seed": 84707
  },
  {
    "seed": 84711
  },
  {
    "seed": 84724
  },
  {
    "seed": 84777
  },
  {
    "seed": 84780
  },
  {
    "seed": 84786
  },
  {
    "seed": 84831
  },
  {
    "seed": 84839
  },
  {
    "seed": 84872
  },
  {
    "seed": 84903
  },
  {
    "seed": 84957
  },
  {
    "seed": 84989
  },
  {
    "seed": 85027
  },
  {
    "seed": 85051
  },
  {
    "seed": 85084
  },
  {
    "seed": 85102
  },
  {
    "seed": 85126
  },
  {
    "seed": 85186
  },
  {
    "seed": 85200
  },
  {
    "seed": 85208
  },
  {
    "seed": 85224
  },
  {
    "seed": 85314
  },
  {
    "seed": 85332
  },
  {
    "seed": 85373
  },
  {
    "seed": 85376
  },
  {
    "seed": 85400
  },
  {
    "seed": 85412
  },
  {
    "seed": 85494
  },
  {
    "seed": 85524
  },
  {
    "seed": 85525
  },
  {
    "seed": 85561
  },
  {
    "seed": 85562
  },
  {
    "seed": 85569
  },
  {
    "seed": 85573
  },
  {
    "seed": 85589
  },
  {
    "seed": 85597
  },
  {
    "seed": 85602
  },
  {
    "seed": 85604
  },
  {
    "seed": 85681
  },
  {
    "seed": 85745
  },
  {
    "seed": 85762
  },
  {
    "seed": 85772
  },
  {
    "seed": 85786
  },
  {
    "seed": 85796
  },
  {
    "seed": 85813
  },
  {
    "seed": 85819
  },
  {
    "seed": 85824
  },
  {
    "seed": 85827
  },
  {
    "seed": 85834
  },
  {
    "seed": 85854
  },
  {
    "seed": 85860
  },
  {
    "seed": 85882
  },
  {
    "seed": 85886
  },
  {
    "seed": 85889
  },
  {
    "seed": 85902
  },
  {
    "seed": 85922
  },
  {
    "seed": 85986
  },
  {
    "seed": 86004
  },
  {
    "seed": 86012
  },
  {
    "seed": 86013
  },
  {
    "seed": 86032
  },
  {
    "seed": 86038
  },
  {
    "seed": 86053
  },
  {
    "seed": 86061
  },
  {
    "seed": 86094
  },
  {
    "seed": 86139
  },
  {
    "seed": 86146
  },
  {
    "seed": 86165
  },
  {
    "seed": 86202
  },
  {
    "seed": 86235
  },
  {
    "seed": 86243
  },
  {
    "seed": 86253
  },
  {
    "seed": 86285
  },
  {
    "seed": 86357
  },
  {
    "seed": 86379
  },
  {
    "seed": 86410
  },
  {
    "seed": 86414
  },
  {
    "seed": 86417
  },
  {
    "seed": 86424
  },
  {
    "seed": 86448
  },
  {
    "seed": 86450
  },
  {
    "seed": 86452
  },
  {
    "seed": 86518
  },
  {
    "seed": 86548
  },
  {
    "seed": 86596
  },
  {
    "seed": 86610
  },
  {
    "seed": 86629
  },
  {
    "seed": 86643
  },
  {
    "seed": 86653
  },
  {
    "seed": 86710
  },
  {
    "seed": 86747
  },
  {
    "seed": 86807
  },
  {
    "seed": 86834
  },
  {
    "seed": 86881
  },
  {
    "seed": 86891
  },
  {
    "seed": 86893
  },
  {
    "seed": 86949
  },
  {
    "seed": 86954
  },
  {
    "seed": 86973
  },
  {
    "seed": 86982
  },
  {
    "seed": 86992
  },
  {
    "seed": 87008
  },
  {
    "seed": 87035
  },
  {
    "seed": 87041
  },
  {
    "seed": 87099
  },
  {
    "seed": 87120
  },
  {
    "seed": 87155
  },
  {
    "seed": 87199
  },
  {
    "seed": 87230
  },
  {
    "seed": 87236
  },
  {
    "seed": 87252
  },
  {
    "seed": 87261
  },
  {
    "seed": 87291
  },
  {
    "seed": 87309
  },
  {
    "seed": 87365
  },
  {
    "seed": 87381
  },
  {
    "seed": 87405
  },
  {
    "seed": 87429
  },
  {
    "seed": 87447
  },
  {
    "seed": 87472
  },
  {
    "seed": 87518
  },
  {
    "seed": 87546
  },
  {
    "seed": 87550
  },
  {
    "seed": 87573
  },
  {
    "seed": 87588
  },
  {
    "seed": 87594
  },
  {
    "seed": 87613
  },
  {
    "seed": 87640
  },
  {
    "seed": 87731
  },
  {
    "seed": 87758
  },
  {
    "seed": 87770
  },
  {
    "seed": 87836
  },
  {
    "seed": 87863
  },
  {
    "seed": 87865
  },
  {
    "seed": 87881
  },
  {
    "seed": 87889
  },
  {
    "seed": 87900
  },
  {
    "seed": 87918
  },
  {
    "seed": 87928
  },
  {
    "seed": 87929
  },
  {
    "seed": 87983
  },
  {
    "seed": 87992
  },
  {
    "seed": 87997
  },
  {
    "seed": 88022
  },
  {
    "seed": 88115
  },
  {
    "seed": 88143
  },
  {
    "seed": 88151
  },
  {
    "seed": 88177
  },
  {
    "seed": 88192
  },
  {
    "seed": 88202
  },
  {
    "seed": 88258
  },
  {
    "seed": 88262
  },
  {
    "seed": 88331
  },
  {
    "seed": 88357
  },
  {
    "seed": 88373
  },
  {
    "seed": 88389
  },
  {
    "seed": 88409
  },
  {
    "seed": 88412
  },
  {
    "seed": 88417
  },
  {
    "seed": 88423
  },
  {
    "seed": 88477
  },
  {
    "seed": 88481
  },
  {
    "seed": 88491
  },
  {
    "seed": 88522
  },
  {
    "seed": 88536
  },
  {
    "seed": 88553
  },
  {
    "seed": 88565
  },
  {
    "seed": 88605
  },
  {
    "seed": 88606
  },
  {
    "seed": 88616
  },
  {
    "seed": 88620
  },
  {
    "seed": 88647
  },
  {
    "seed": 88688
  },
  {
    "seed": 88705
  },
  {
    "seed": 88797
  },
  {
    "seed": 88842
  },
  {
    "seed": 88897
  },
  {
    "seed": 88927
  },
  {
    "seed": 89046
  },
  {
    "seed": 89136
  },
  {
    "seed": 89166
  },
  {
    "seed": 89186
  },
  {
    "seed": 89190
  },
  {
    "seed": 89191
  },
  {
    "seed": 89220
  },
  {
    "seed": 89223
  },
  {
    "seed": 89264
  },
  {
    "seed": 89280
  },
  {
    "seed": 89284
  },
  {
    "seed": 89298
  },
  {
    "seed": 89308
  },
  {
    "seed": 89320
  },
  {
    "seed": 89391
  },
  {
    "seed": 89408
  },
  {
    "seed": 89498
  },
  {
    "seed": 89530
  },
  {
    "seed": 89537
  },
  {
    "seed": 89562
  },
  {
    "seed": 89584
  },
  {
    "seed": 89607
  },
  {
    "seed": 89664
  },
  {
    "seed": 89701
  },
  {
    "seed": 89703
  },
  {
    "seed": 89763
  },
  {
    "seed": 89766
  },
  {
    "seed": 89862
  },
  {
    "seed": 89902
  },
  {
    "seed": 89915
  },
  {
    "seed": 89939
  },
  {
    "seed": 89946
  },
  {
    "seed": 89961
  },
  {
    "seed": 89973
  },
  {
    "seed": 89982
  },
  {
    "seed": 89999
  },
  {
    "seed": 90021
  },
  {
    "seed": 90030
  },
  {
    "seed": 90088
  },
  {
    "seed": 90097
  },
  {
    "seed": 90132
  },
  {
    "seed": 90146
  },
  {
    "seed": 90185
  },
  {
    "seed": 90192
  },
  {
    "seed": 90206
  },
  {
    "seed": 90236
  },
  {
    "seed": 90250
  },
  {
    "seed": 90264
  },
  {
    "seed": 90284
  },
  {
    "seed": 90287
  },
  {
    "seed": 90303
  },
  {
    "seed": 90316
  },
  {
    "seed": 90329
  },
  {
    "seed": 90336
  },
  {
    "seed": 90356
  },
  {
    "seed": 90407
  },
  {
    "seed": 90413
  },
  {
    "seed": 90446
  },
  {
    "seed": 90474
  },
  {
    "seed": 90478
  },
  {
    "seed": 90484
  },
  {
    "seed": 90493
  },
  {
    "seed": 90560
  },
  {
    "seed": 90587
  },
  {
    "seed": 90622
  },
  {
    "seed": 90655
  },
  {
    "seed": 90665
  },
  {
    "seed": 90683
  },
  {
    "seed": 90743
  },
  {
    "seed": 90746
  },
  {
    "seed": 90792
  },
  {
    "seed": 90815
  },
  {
    "seed": 90821
  },
  {
    "seed": 91084
  },
  {
    "seed": 91098
  },
  {
    "seed": 91104
  },
  {
    "seed": 91114
  },
  {
    "seed": 91169
  },
  {
    "seed": 91212
  },
  {
    "seed": 91216
  },
  {
    "seed": 91226
  },
  {
    "seed": 91315
  },
  {
    "seed": 91326
  },
  {
    "seed": 91413
  },
  {
    "seed": 91481
  },
  {
    "seed": 91490
  },
  {
    "seed": 91545
  },
  {
    "seed": 91557
  },
  {
    "seed": 91578
  },
  {
    "seed": 91579
  },
  {
    "seed": 91611
  },
  {
    "seed": 91624
  },
  {
    "seed": 91625
  },
  {
    "seed": 91632
  },
  {
    "seed": 91659
  },
  {
    "seed": 91705
  },
  {
    "seed": 91727
  },
  {
    "seed": 91740
  },
  {
    "seed": 91747
  },
  {
    "seed": 91796
  },
  {
    "seed": 91818
  },
  {
    "seed": 91900
  },
  {
    "seed": 91901
  },
  {
    "seed": 91903
  },
  {
    "seed": 91977
  },
  {
    "seed": 91999
  },
  {
    "seed": 92005
  },
  {
    "seed": 92009
  },
  {
    "seed": 92016
  },
  {
    "seed": 92050
  },
  {
    "seed": 92053
  },
  {
    "seed": 92066
  },
  {
    "seed": 92072
  },
  {
    "seed": 92169
  },
  {
    "seed": 92331
  },
  {
    "seed": 92351
  },
  {
    "seed": 92357
  },
  {
    "seed": 92382
  },
  {
    "seed": 92439
  },
  {
    "seed": 92468
  },
  {
    "seed": 92480
  },
  {
    "seed": 92486
  },
  {
    "seed": 92499
  },
  {
    "seed": 92508
  },
  {
    "seed": 92513
  },
  {
    "seed": 92534
  },
  {
    "seed": 92539
  },
  {
    "seed": 92562
  },
  {
    "seed": 92607
  },
  {
    "seed": 92608
  },
  {
    "seed": 92627
  },
  {
    "seed": 92632
  },
  {
    "seed": 92698
  },
  {
    "seed": 92710
  },
  {
    "seed": 92727
  },
  {
    "seed": 92751
  },
  {
    "seed": 92756
  },
  {
    "seed": 92771
  },
  {
    "seed": 92773
  },
  {
    "seed": 92799
  },
  {
    "seed": 92842
  },
  {
    "seed": 92870
  },
  {
    "seed": 92880
  },
  {
    "seed": 92913
  },
  {
    "seed": 92947
  },
  {
    "seed": 92982
  },
  {
    "seed": 92993
  },
  {
    "seed": 92997
  },
  {
    "seed": 93052
  },
  {
    "seed": 93060
  },
  {
    "seed": 93091
  },
  {
    "seed": 93104
  },
  {
    "seed": 93155
  },
  {
    "seed": 93209
  },
  {
    "seed": 93212
  },
  {
    "seed": 93303
  },
  {
    "seed": 93343
  },
  {
    "seed": 93371
  },
  {
    "seed": 93384
  },
  {
    "seed": 93412
  },
  {
    "seed": 93420
  },
  {
    "seed": 93434
  },
  {
    "seed": 93450
  },
  {
    "seed": 93453
  },
  {
    "seed": 93473
  },
  {
    "seed": 93487
  },
  {
    "seed": 93562
  },
  {
    "seed": 93566
  },
  {
    "seed": 93576
  },
  {
    "seed": 93599
  },
  {
    "seed": 93639
  },
  {
    "seed": 93660
  },
  {
    "seed": 93667
  },
  {
    "seed": 93759
  },
  {
    "seed": 93828
  },
  {
    "seed": 93851
  },
  {
    "seed": 93862
  },
  {
    "seed": 94036
  },
  {
    "seed": 94040
  },
  {
    "seed": 94048
  },
  {
    "seed": 94107
  },
  {
    "seed": 94113
  },
  {
    "seed": 94179
  },
  {
    "seed": 94223
  },
  {
    "seed": 94226
  },
  {
    "seed": 94239
  },
  {
    "seed": 94242
  },
  {
    "seed": 94279
  },
  {
    "seed": 94326
  },
  {
    "seed": 94386
  },
  {
    "seed": 94409
  },
  {
    "seed": 94427
  },
  {
    "seed": 94457
  },
  {
    "seed": 94511
  },
  {
    "seed": 94601
  },
  {
    "seed": 94617
  },
  {
    "seed": 94640
  },
  {
    "seed": 94676
  },
  {
    "seed": 94695
  },
  {
    "seed": 94721
  },
  {
    "seed": 94725
  },
  {
    "seed": 94737
  },
  {
    "seed": 94839
  },
  {
    "seed": 94866
  },
  {
    "seed": 94910
  },
  {
    "seed": 94926
  },
  {
    "seed": 94931
  },
  {
    "seed": 94976
  },
  {
    "seed": 94978
  },
  {
    "seed": 95029
  },
  {
    "seed": 95042
  },
  {
    "seed": 95100
  },
  {
    "seed": 95123
  },
  {
    "seed": 95136
  },
  {
    "seed": 95171
  },
  {
    "seed": 95196
  },
  {
    "seed": 95199
  },
  {
    "seed": 95218
  },
  {
    "seed": 95228
  },
  {
    "seed": 95246
  },
  {
    "seed": 95251
  },
  {
    "seed": 95282
  },
  {
    "seed": 95332
  },
  {
    "seed": 95341
  },
  {
    "seed": 95395
  },
  {
    "seed": 95426
  },
  {
    "seed": 95450
  },
  {
    "seed": 95451
  },
  {
    "seed": 95536
  },
  {
    "seed": 95546
  },
  {
    "seed": 95550
  },
  {
    "seed": 95605
  },
  {
    "seed": 95608
  },
  {
    "seed": 95661
  },
  {
    "seed": 95672
  },
  {
    "seed": 95705
  },
  {
    "seed": 95734
  },
  {
    "seed": 95773
  },
  {
    "seed": 95774
  },
  {
    "seed": 95798
  },
  {
    "seed": 95830
  },
  {
    "seed": 95861
  },
  {
    "seed": 95951
  },
  {
    "seed": 95990
  },
  {
    "seed": 96041
  },
  {
    "seed": 96056
  },
  {
    "seed": 96075
  },
  {
    "seed": 96099
  },
  {
    "seed": 96125
  },
  {
    "seed": 96137
  },
  {
    "seed": 96171
  },
  {
    "seed": 96274
  },
  {
    "seed": 96294
  },
  {
    "seed": 96301
  },
  {
    "seed": 96302
  },
  {
    "seed": 96313
  },
  {
    "seed": 96327
  },
  {
    "seed": 96341
  },
  {
    "seed": 96379
  },
  {
    "seed": 96425
  },
  {
    "seed": 96460
  },
  {
    "seed": 96506
  },
  {
    "seed": 96610
  },
  {
    "seed": 96615
  },
  {
    "seed": 96650
  },
  {
    "seed": 96692
  },
  {
    "seed": 96732
  },
  {
    "seed": 96763
  },
  {
    "seed": 96781
  },
  {
    "seed": 96801
  },
  {
    "seed": 96875
  },
  {
    "seed": 96888
  },
  {
    "seed": 96890
  },
  {
    "seed": 96910
  },
  {
    "seed": 96918
  },
  {
    "seed": 96950
  },
  {
    "seed": 96994
  },
  {
    "seed": 97013
  },
  {
    "seed": 97048
  },
  {
    "seed": 97059
  },
  {
    "seed": 97141
  },
  {
    "seed": 97143
  },
  {
    "seed": 97213
  },
  {
    "seed": 97228
  },
  {
    "seed": 97257
  },
  {
    "seed": 97273
  },
  {
    "seed": 97274
  },
  {
    "seed": 97290
  },
  {
    "seed": 97305
  },
  {
    "seed": 97333
  },
  {
    "seed": 97343
  },
  {
    "seed": 97379
  },
  {
    "seed": 97411
  },
  {
    "seed": 97416
  },
  {
    "seed": 97434
  },
  {
    "seed": 97505
  },
  {
    "seed": 97546
  },
  {
    "seed": 97580
  },
  {
    "seed": 97585
  },
  {
    "seed": 97606
  },
  {
    "seed": 97607
  },
  {
    "seed": 97614
  },
  {
    "seed": 97627
  },
  {
    "seed": 97644
  },
  {
    "seed": 97657
  },
  {
    "seed": 97677
  },
  {
    "seed": 97717
  },
  {
    "seed": 97725
  },
  {
    "seed": 97777
  },
  {
    "seed": 97795
  },
  {
    "seed": 97832
  },
  {
    "seed": 97840
  },
  {
    "seed": 97896
  },
  {
    "seed": 97904
  },
  {
    "seed": 97910
  },
  {
    "seed": 97928
  },
  {
    "seed": 97942
  },
  {
    "seed": 97946
  },
  {
    "seed": 97973
  },
  {
    "seed": 97985
  },
  {
    "seed": 98006
  },
  {
    "seed": 98019
  },
  {
    "seed": 98049
  },
  {
    "seed": 98092
  },
  {
    "seed": 98099
  },
  {
    "seed": 98127
  },
  {
    "seed": 98137
  },
  {
    "seed": 98139
  },
  {
    "seed": 98148
  },
  {
    "seed": 98186
  },
  {
    "seed": 98191
  },
  {
    "seed": 98196
  },
  {
    "seed": 98240
  },
  {
    "seed": 98298
  },
  {
    "seed": 98324
  },
  {
    "seed": 98417
  },
  {
    "seed": 98423
  },
  {
    "seed": 98437
  },
  {
    "seed": 98481
  },
  {
    "seed": 98531
  },
  {
    "seed": 98574
  },
  {
    "seed": 98624
  },
  {
    "seed": 98631
  },
  {
    "seed": 98640
  },
  {
    "seed": 98698
  },
  {
    "seed": 98719
  },
  {
    "seed": 98751
  },
  {
    "seed": 98754
  },
  {
    "seed": 98759
  },
  {
    "seed": 98761
  },
  {
    "seed": 98803
  },
  {
    "seed": 98837
  },
  {
    "seed": 98883
  },
  {
    "seed": 98895
  },
  {
    "seed": 98907
  },
  {
    "seed": 98926
  },
  {
    "seed": 98955
  },
  {
    "seed": 98976
  },
  {
    "seed": 98994
  },
  {
    "seed": 99013
  },
  {
    "seed": 99015
  },
  {
    "seed": 99028
  },
  {
    "seed": 99047
  },
  {
    "seed": 99112
  },
  {
    "seed": 99119
  },
  {
    "seed": 99155
  },
  {
    "seed": 99215
  },
  {
    "seed": 99234
  },
  {
    "seed": 99237
  },
  {
    "seed": 99258
  },
  {
    "seed": 99286
  },
  {
    "seed": 99298
  },
  {
    "seed": 99314
  },
  {
    "seed": 99347
  },
  {
    "seed": 99358
  },
  {
    "seed": 99367
  },
  {
    "seed": 99381
  },
  {
    "seed": 99419
  },
  {
    "seed": 99436
  },
  {
    "seed": 99479
  },
  {
    "seed": 99485
  },
  {
    "seed": 99495
  },
  {
    "seed": 99519
  },
  {
    "seed": 99529
  },
  {
    "seed": 99532
  },
  {
    "seed": 99533
  },
  {
    "seed": 99546
  },
  {
    "seed": 99575
  },
  {
    "seed": 99624
  },
  {
    "seed": 99639
  },
  {
    "seed": 99676
  },
  {
    "seed": 99716
  },
  {
    "seed": 99732
  },
  {
    "seed": 99759
  },
  {
    "seed": 99800
  },
  {
    "seed": 99801
  },
  {
    "seed": 99820
  },
  {
    "seed": 99826
  },
  {
    "seed": 99863
  },
  {
    "seed": 99926
  },
  {
    "seed": 99976
  }
]