[
  {
    "seed": 129
  },
  {
    "seed": 194
  },
  {
    "seed": 416
  },
  {
    "seed": 587
  },
  {
    "seed": 1078
  },
  {
    "seed": 1858
  },
  {
    "seed": 2611
  },
  {
    "seed": 3952
  },
  {
    "seed": 5143
  },
  {
    "seed": 5459
  },
  {
    "seed": 5861
  },
  {
    "seed": 5865
  },
  {
    "seed": 5981
  },
  {
    "seed": 6276
  },
  {
    "seed": 6666
  },
  {
    "seed": 6941
  },
  {
    "seed": 7186
  },
  {
    "seed": 7664
  },
  {
    "seed": 7824
  },
  {
    "seed": 8072
  },
  {
    "seed": 8319
  },
  {
    "seed": 9471
  },
  {
    "seed": 9819
  },
  {
    "seed": 10369
  },
  {
    "seed": 10512
  },
  {
    "seed": 11254
  },
  {
    "seed": 11387
  },
  {
    "seed": 11643
  },
  {
    "seed": 11674
  },
  {
    "seed": 11719
  },
  {
    "seed": 11762
  },
  {
    "seed": 13550
  },
  {
    "seed": 14112
  },
  {
    "seed": 14397
  },
  {
    "seed": 15441
  },
  {
    "seed": 15640
  },
  {
    "seed": 15747
  },
  {
    "seed": 15919
  },
  {
    "seed": 16520
  },
  {
    "seed": 17585
  },
  {
    "seed": 19138
  },
  {
    "seed": 19326
  },
  {
    "seed": 19399
  },
  {
    "seed": 19414
  },
  {
    "seed": 19587
  },
  {
    "seed": 19876
  },
  {
    "seed": 20021
  },
  {
    "seed": 21401
  },
  {
    "seed": 22562
  },
  {
    "seed": 23478
  },
  {
    "seed": 24373
  },
  {
    "seed": 24620
  },
  {
    "seed": 24783
  },
  {
    "seed": 24838
  },
  {
    "seed": 27979
  },
  {
    "seed": 28108
  },
  {
    "seed": 28262
  },
  {
    "seed": 29963
  },
  {
    "seed": 30409
  },
  {
    "seed": 30499
  },
  {
    "seed": 30573
  },
  {
    "seed": 30658
  },
  {
    "seed": 30850
  },
  {
    "seed": 30957
  },
  {
    "seed": 31183
  },
  {
    "seed": 31966
  },
  {
    "seed": 32453
  },
  {
    "seed": 34181
  },
  {
    "seed": 34413
  },
  {
    "seed": 34996
  },
  {
    "seed": 35134
  },
  {
    "seed": 36040
  },
  {
    "seed": 36071
  },
  {
    "seed": 36959
  },
  {
    "seed": 37193
  },
  {
    "seed": 37820
  },
  {
    "seed": 38130
  },
  {
    "seed": 38444
  },
  {
    "seed": 38485
  },
  {
    "seed": 38537
  },
  {
    "seed": 38621
  },
  {
    "seed": 38866
  },
  {
    "seed": 38991
  },
  {
    "seed": 40154
  },
  {
    "seed": 40269
  },
  {
    "seed": 40582
  },
  {
    "seed": 41001
  },
  {
    "seed": 41198
  },
  {
    "seed": 41212
  },
  {
    "seed": 41537
  },
  {
    "seed": 41832
  },
  {
    "seed": 42365
  },
  {
    "seed": 42939
  },
  {
    "seed": 43143
  },
  {
    "seed": 43883
  },
  {
    "seed": 44169
  },
  {
    "seed": 44406
  },
  {
    "seed": 44825
  },
  {
    "seed": 44955
  },
  {
    "seed": 45425
  },
  {
    "seed": 45577
  },
  {
    "seed": 46582
  },
  {
    "seed": 46705
  },
  {
    "seed": 47116
  },
  {
    "seed": 47390
  },
  {
    "seed": 48680
  },
  {
    "seed": 48762
  },
  {
    "seed": 49493
  },
  {
    "seed": 49995
  },
  {
    "seed": 50163
  },
  {
    "seed": 50230
  },
  {
    "seed": 50562
  },
  {
    "seed": 51383
  },
  {
    "seed": 52101
  },
  {
    "seed": 52162
  },
  {
    "seed": 52472
  },
  {
    "seed": 53418
  },
  {
    "seed": 54844
  },
  {
    "seed": 55257
  },
  {
    "seed": 55394
  },
  {
    "seed": 55521
  },
  {
    "seed": 56100
  },
  {
    "seed": 56753
  },
  {
    "seed": 57272
  },
  {
    "seed": 57529
  },
  {
    "seed": 57615
  },
  {
    "seed": 58154
  },
  {
    "seed": 58226
  },
  {
    "seed": 58656
  },
  {
    "seed": 58909
  },
  {
    "seed": 59613
  },
  {
    "seed": 59619
  },
  {
    "seed": 59895
  },
  {
    "seed": 60344
  },
  {
    "seed": 61310
  },
  {
    "seed": 61409
  },
  {
    "seed": 61466
  },
  {
    "seed": 61954
  },
  {
    "seed": 62500
  },
  {
    "seed": 62509
  },
  {
    "seed": 65056
  },
  {
    "seed": 66248
  },
  {
    "seed": 66497
  },
  {
    "seed": 66560
  },
  {
    "seed": 66718
  },
  {
    "seed": 66921
  },
  {
    "seed": 67555
  },
  {
    "seed": 67816
  },
  {
    "seed": 68157
  },
  {
    "seed": 68563
  },
  {
    "seed": 69430
  },
  {
    "seed": 69755
  },
  {
    "seed": 70778
  },
  {
    "seed": 70958
  },
  {
    "seed": 71005
  },
  {
    "seed": 72237
  },
  {
    "seed": 72286
  },
  {
    "seed": 72344
  },
  {
    "seed": 73275
  },
  {
    "seed": 73467
  },
  {
    "seed": 73554
  },
  {
    "seed": 73562
  },
  {
    "seed": 73945
  },
  {
    "seed": 74109
  },
  {
    "seed": 75587
  },
  {
    "seed": 76262
  },
  {
    "seed": 76454
  },
  {
    "seed": 76499
  },
  {
    "seed": 76796
  },
  {
    "seed": 77146
  },
  {
    "seed": 78500
  },
  {
    "seed": 79944
  },
  {
    "seed": 80154
  },
  {
    "seed": 80473
  },
  {
    "seed": 80501
  },
  {
    "seed": 80560
  },
  {
    "seed": 80666
  },
  {
    "seed": 81780
  },
  {
    "seed": 83515
  },
  {
    "seed": 84130
  },
  {
    "seed": 84621
  },
  {
    "seed": 85204
  },
  {
    "seed": 85984
  },
  {
    "seed": 87625
  },
  {
    "seed": 87968
  },
  {
    "seed": 88488
  },
  {
    "seed": 89200
  },
  {
    "seed": 89316
  },
  {
    "seed": 89934
  },
  {
    "seed": 90703
  },
  {
    "seed": 90947
  },
  {
    "seed": 91126
  },
  {
    "seed": 91581
  },
  {
    "seed": 91641
  },
  {
    "seed": 91821
  },
  {
    "seed": 92925
  },
  {
    "seed": 92937
  },
  {
    "seed": 94488
  },
  {
    "seed": 94990
  },
  {
    "seed": 95031
  },
  {
    "seed": 95179
  },
  {
    "seed": 95195
  },
  {
    "seed": 95684
  },
  {
    "seed": 95771
  },
  {
    "seed": 95794
  },
  {
    "seed": 96070
  },
  {
    "seed": 96072
  },
  {
    "seed": 96315
  },
  {
    "seed": 97694
  },
  {
    "seed": 97980
  },
  {
    "seed": 98513
  },
  {
    "seed": 98898
  },
  {
    "seed": 99966
  }
]