[
  {
    "seed": 47
  },
  {
    "seed": 52
  },
  {
    "seed": 317
  },
  {
    "seed": 935
  },
  {
    "seed": 1291
  },
  {
    "seed": 2931
  },
  {
    "seed": 3151
  },
  {
    "seed": 3407
  },
  {
    "seed": 3539
  },
  {
    "seed": 3640
  },
  {
    "seed": 3834
  },
  {
    "seed": 3862
  },
  {
    "seed": 3971
  },
  {
    "seed": 4062
  },
  {
    "seed": 4108
  },
  {
    "seed": 4203
  },
  {
    "seed": 4301
  },
  {
    "seed": 4672
  },
  {
    "seed": 4693
  },
  {
    "seed": 4696
  },
  {
    "seed": 4852
  },
  {
    "seed": 5088
  },
  {
    "seed": 5093
  },
  {
    "seed": 5395
  },
  {
    "seed": 5531
  },
  {
    "seed": 5623
  },
  {
    "seed": 5727
  },
  {
    "seed": 6133
  },
  {
    "seed": 6212
  },
  {
    "seed": 6331
  },
  {
    "seed": 6807
  },
  {
    "seed": 7637
  },
  {
    "seed": 7788
  },
  {
    "seed": 8044
  },
  {
    "seed": 8854
  },
  {
    "seed": 8895
  },
  {
    "seed": 9099
  },
  {
    "seed": 9335
  },
  {
    "seed": 9657
  },
  {
    "seed": 9700
  },
  {
    "seed": 10148
  },
  {
    "seed": 10800
  },
  {
    "seed": 11033
  },
  {
    "seed": 11135
  },
  {
    "seed": 11484
  },
  {
    "seed": 11700
  },
  {
    "seed": 11754
  },
  {
    "seed": 11977
  },
  {
    "seed": 12060
  },
  {
    "seed": 12096
  },
  {
    "seed": 12171
  },
  {
    "seed": 12307
  },
  {
    "seed": 12384
  },
  {
    "seed": 12659
  },
  {
    "seed": 12687
  },
  {
    "seed": 12904
  },
  {
    "seed": 13192
  },
  {
    "seed": 13642
  },
  {
    "seed": 13872
  },
  {
    "seed": 14057
  },
  {
    "seed": 14321
  },
  {
    "seed": 14519
  },
  {
    "seed": 14619
  },
  {
    "seed": 14692
  },
  {
    "seed": 14844
  },
  {
    "seed": 15066
  },
  {
    "seed": 15440
  },
  {
    "seed": 15543
  },
  {
    "seed": 16059
  },
  {
    "seed": 16680
  },
  {
    "seed": 16946
  },
  {
    "seed": 17371
  },
  {
    "seed": 17430
  },
  {
    "seed": 17477
  },
  {
    "seed": 17651
  },
  {
    "seed": 17726
  },
  {
    "seed": 17914
  },
  {
    "seed": 18361
  },
  {
    "seed": 18384
  },
  {
    "seed": 18421
  },
  {
    "seed": 18749
  },
  {
    "seed": 18899
  },
  {
    "seed": 19103
  },
  {
    "seed": 19107
  },
  {
    "seed": 19463
  },
  {
    "seed": 19998
  },
  {
    "seed": 20247
  },
  {
    "seed": 20312
  },
  {
    "seed": 20374
  },
  {
    "seed": 20514
  },
  {
    "seed": 20537
  },
  {
    "seed": 20831
  },
  {
    "seed": 21116
  },
  {
    "seed": 21176
  },
  {
    "seed": 21191
  },
  {
    "seed": 21325
  },
  {
    "seed": 21839
  },
  {
    "seed": 22272
  },
  {
    "seed": 22411
  },
  {
    "seed": 22723
  },
  {
    "seed": 23558
  },
  {
    "seed": 23724
  },
  {
    "seed": 23923
  },
  {
    "seed": 24362
  },
  {
    "seed": 24417
  },
  {
    "seed": 24552
  },
  {
    "seed": 24791
  },
  {
    "seed": 25307
  },
  {
    "seed": 25528
  },
  {
    "seed": 25532
  },
  {
    "seed": 25863
  },
  {
    "seed": 25981
  },
  {
    "seed": 26147
  },
  {
    "seed": 26176
  },
  {
    "seed": 26184
  },
  {
    "seed": 26919
  },
  {
    "seed": 27255
  },
  {
    "seed": 27475
  },
  {
    "seed": 27919
  },
  {
    "seed": 27959
  },
  {
    "seed": 28046
  },
  {
    "seed": 28275
  },
  {
    "seed": 28370
  },
  {
    "seed": 28753
  },
  {
    "seed": 28778
  },
  {
    "seed": 28999
  },
  {
    "seed": 29058
  },
  {
    "seed": 29245
  },
  {
    "seed": 29572
  },
  {
    "seed": 29661
  },
  {
    "seed": 30124
  },
  {
    "seed": 30249
  },
  {
    "seed": 30322
  },
  {
    "seed": 30505
  },
  {
    "seed": 31044
  },
  {
    "seed": 31953
  },
  {
    "seed": 32746
  },
  {
    "seed": 32793
  },
  {
    "seed": 32846
  },
  {
    "seed": 33632
  },
  {
    "seed": 33941
  },
  {
    "seed": 34008
  },
  {
    "seed": 34142
  },
  {
    "seed": 34479
  },
  {
    "seed": 34553
  },
  {
    "seed": 34947
  },
  {
    "seed": 34969
  },
  {
    "seed": 35726
  },
  {
    "seed": 35910
  },
  {
    "seed": 35970
  },
  {
    "seed": 36052
  },
  {
    "seed": 36189
  },
  {
    "seed": 36230
  },
  {
    "seed": 36270
  },
  {
    "seed": 36349
  },
  {
    "seed": 36389
  },
  {
    "seed": 36525
  },
  {
    "seed": 37181
  },
  {
    "seed": 37262
  },
  {
    "seed": 37730
  },
  {
    "seed": 37836
  },
  {
    "seed": 38412
  },
  {
    "seed": 39297
  },
  {
    "seed": 39703
  },
  {
    "seed": 39917
  },
  {
    "seed": 40256
  },
  {
    "seed": 40630
  },
  {
    "seed": 40787
  },
  {
    "seed": 40887
  },
  {
    "seed": 40902
  },
  {
    "seed": 41129
  },
  {
    "seed": 42494
  },
  {
    "seed": 42548
  },
  {
    "seed": 43204
  },
  {
    "seed": 43462
  },
  {
    "seed": 43910
  },
  {
    "seed": 43942
  },
  {
    "seed": 44184
  },
  {
    "seed": 44291
  },
  {
    "seed": 44604
  },
  {
    "seed": 44711
  },
  {
    "seed": 45068
  },
  {
    "seed": 45210
  },
  {
    "seed": 45461
  },
  {
    "seed": 45887
  },
  {
    "seed": 46279
  },
  {
    "seed": 46436
  },
  {
    "seed": 46685
  },
  {
    "seed": 47598
  },
  {
    "seed": 47730
  },
  {
    "seed": 47815
  },
  {
    "seed": 48003
  },
  {
    "seed": 48509
  },
  {
    "seed": 48577
  },
  {
    "seed": 48638
  },
  {
    "seed": 48655
  },
  {
    "seed": 48774
  },
  {
    "seed": 49698
  },
  {
    "seed": 49875
  },
  {
    "seed": 50644
  },
  {
    "seed": 50674
  },
  {
    "seed": 51137
  },
  {
    "seed": 51304
  },
  {
    "seed": 51665
  },
  {
    "seed": 51883
  },
  {
    "seed": 52256
  },
  {
    "seed": 52867
  },
  {
    "seed": 54343
  },
  {
    "seed": 54730
  },
  {
    "seed": 55351
  },
  {
    "seed": 55501
  },
  {
    "seed": 55560
  },
  {
    "seed": 55900
  },
  {
    "seed": 56090
  },
  {
    "seed": 56237
  },
  {
    "seed": 56245
  },
  {
    "seed": 56362
  },
  {
    "seed": 56770
  },
  {
    "seed": 57205
  },
  {
    "seed": 57218
  },
  {
    "seed": 57385
  },
  {
    "seed": 57408
  },
  {
    "seed": 57554
  },
  {
    "seed": 57891
  },
  {
    "seed": 58600
  },
  {
    "seed": 58655
  },
  {
    "seed": 59201
  },
  {
    "seed": 59577
  },
  {
    "seed": 59824
  },
  {
    "seed": 59835
  },
  {
    "seed": 60788
  },
  {
    "seed": 60978
  },
  {
    "seed": 61380
  },
  {
    "seed": 61402
  },
  {
    "seed": 61416
  },
  {
    "seed": 61478
  },
  {
    "seed": 61913
  },
  {
    "seed": 61938
  },
  {
    "seed": 61943
  },
  {
    "seed": 62164
  },
  {
    "seed": 62836
  },
  {
    "seed": 64077
  },
  {
    "seed": 64237
  },
  {
    "seed": 64256
  },
  {
    "seed": 64572
  },
  {
    "seed": 64582
  },
  {
    "seed": 64603
  },
  {
    "seed": 64713
  },
  {
    "seed": 64757
  },
  {
    "seed": 64865
  },
  {
    "seed": 65434
  },
  {
    "seed": 65546
  },
  {
    "seed": 65853
  },
  {
    "seed": 66117
  },
  {
    "seed": 66173
  },
  {
    "seed": 66433
  },
  {
    "seed": 66583
  },
  {
    "seed": 66591
  },
  {
    "seed": 66607
  },
  {
    "seed": 66711
  },
  {
    "seed": 67095
  },
  {
    "seed": 67225
  },
  {
    "seed": 67869
  },
  {
    "seed": 67912
  },
  {
    "seed": 67988
  },
  {
    "seed": 68120
  },
  {
    "seed": 68344
  },
  {
    "seed": 69232
  },
  {
    "seed": 69256
  },
  {
    "seed": 69285
  },
  {
    "seed": 69598
  },
  {
    "seed": 69965
  },
  {
    "seed": 70580
  },
  {
    "seed": 71224
  },
  {
    "seed": 71508
  },
  {
    "seed": 71947
  },
  {
    "seed": 72339
  },
  {
    "seed": 72486
  },
  {
    "seed": 73019
  },
  {
    "seed": 73214
  },
  {
    "seed": 73222
  },
  {
    "seed": 75591
  },
  {
    "seed": 76519
  },
  {
    "seed": 76686
  },
  {
    "seed": 76724
  },
  {
    "seed": 76830
  },
  {
    "seed": 76964
  },
  {
    "seed": 77231
  },
  {
    "seed": 77400
  },
  {
    "seed": 78397
  },
  {
    "seed": 78564
  },
  {
    "seed": 79452
  },
  {
    "seed": 79754
  },
  {
    "seed": 80213
  },
  {
    "seed": 80573
  },
  {
    "seed": 80816
  },
  {
    "seed": 80922
  },
  {
    "seed": 80943
  },
  {
    "seed": 80949
  },
  {
    "seed": 80971
  },
  {
    "seed": 80984
  },
  {
    "seed": 81287
  },
  {
    "seed": 82011
  },
  {
    "seed": 82382
  },
  {
    "seed": 82635
  },
  {
    "seed": 83858
  },
  {
    "seed": 83974
  },
  {
    "seed": 84611
  },
  {
    "seed": 85154
  },
  {
    "seed": 85424
  },
  {
    "seed": 85502
  },
  {
    "seed": 85728
  },
  {
    "seed": 85773
  },
  {
    "seed": 85822
  },
  {
    "seed": 85987
  },
  {
    "seed": 85989
  },
  {
    "seed": 87122
  },
  {
    "seed": 87907
  },
  {
    "seed": 89231
  },
  {
    "seed": 89409
  },
  {
    "seed": 89545
  },
  {
    "seed": 89852
  },
  {
    "seed": 89874
  },
  {
    "seed": 90203
  },
  {
    "seed": 90234
  },
  {
    "seed": 90482
  },
  {
    "seed": 91247
  },
  {
    "seed": 91435
  },
  {
    "seed": 91686
  },
  {
    "seed": 93093
  },
  {
    "seed": 93488
  },
  {
    "seed": 93540
  },
  {
    "seed": 93594
  },
  {
    "seed": 93625
  },
  {
    "seed": 93637
  },
  {
    "seed": 93823
  },
  {
    "seed": 93899
  },
  {
    "seed": 94071
  },
  {
    "seed": 94339
  },
  {
    "seed": 94566
  },
  {
    "seed": 94961
  },
  {
    "seed": 95076
  },
  {
    "seed": 95321
  },
  {
    "seed": 95412
  },
  {
    "seed": 95603
  },
  {
    "seed": 96265
  },
  {
    "seed": 96286
  },
  {
    "seed": 96867
  },
  {
    "seed": 98068
  },
  {
    "seed": 98512
  },
  {
    "seed": 98712
  },
  {
    "seed": 98765
  },
  {
    "seed": 99231
  },
  {
    "seed": 99385
  },
  {
    "seed": 99679
  }
]