[
  {
    "seed": 38
  },
  {
    "seed": 196
  },
  {
    "seed": 223
  },
  {
    "seed": 351
  },
  {
    "seed": 527
  },
  {
    "seed": 571
  },
  {
    "seed": 716
  },
  {
    "seed": 1194
  },
  {
    "seed": 1337
  },
  {
    "seed": 1396
  },
  {
    "seed": 1679
  },
  {
    "seed": 1946
  },
  {
    "seed": 2014
  },
  {
    "seed": 2146
  },
  {
    "seed": 2179
  },
  {
    "seed": 2292
  },
  {
    "seed": 2417
  },
  {
    "seed": 2509
  },
  {
    "seed": 2551
  },
  {
    "seed": 2597
  },
  {
    "seed": 2770
  },
  {
    "seed": 2825
  },
  {
    "seed": 2969
  },
  {
    "seed": 3356
  },
  {
    "seed": 3878
  },
  {
    "seed": 3891
  },
  {
    "seed": 4076
  },
  {
    "seed": 4123
  },
  {
    "seed": 4142
  },
  {
    "seed": 4496
  },
  {
    "seed": 4504
  },
  {
    "seed": 4639
  },
  {
    "seed": 4723
  },
  {
    "seed": 5126
  },
  {
    "seed": 5484
  },
  {
    "seed": 5503
  },
  {
    "seed": 5698
  },
  {
    "seed": 5815
  },
  {
    "seed": 5837
  },
  {
    "seed": 5999
  },
  {
    "seed": 6172
  },
  {
    "seed": 6287
  },
  {
    "seed": 6311
  },
  {
    "seed": 6500
  },
  {
    "seed": 6570
  },
  {
    "seed": 6638
  },
  {
    "seed": 6794
  },
  {
    "seed": 7127
  },
  {
    "seed": 7279
  },
  {
    "seed": 7282
  },
  {
    "seed": 7305
  },
  {
    "seed": 7563
  },
  {
    "seed": 7781
  },
  {
    "seed": 7833
  },
  {
    "seed": 7837
  },
  {
    "seed": 7885
  },
  {
    "seed": 7951
  },
  {
    "seed": 8094
  },
  {
    "seed": 8280
  },
  {
    "seed": 8287
  },
  {
    "seed": 8604
  },
  {
    "seed": 8663
  },
  {
    "seed": 8678
  },
  {
    "seed": 8763
  },
  {
    "seed": 8867
  },
  {
    "seed": 8872
  },
  {
    "seed": 8873
  },
  {
    "seed": 9006
  },
  {
    "seed": 9089
  },
  {
    "seed": 9172
  },
  {
    "seed": 9477
  },
  {
    "seed": 9573
  },
  {
    "seed": 10093
  },
  {
    "seed": 10222
  },
  {
    "seed": 10469
  },
  {
    "seed": 10548
  },
  {
    "seed": 10916
  },
  {
    "seed": 10986
  },
  {
    "seed": 11229
  },
  {
    "seed": 11462
  },
  {
    "seed": 11966
  },
  {
    "seed": 12160
  },
  {
    "seed": 12203
  },
  {
    "seed": 12693
  },
  {
    "seed": 12710
  },
  {
    "seed": 13325
  },
  {
    "seed": 13478
  },
  {
    "seed": 13566
  },
  {
    "seed": 13613
  },
  {
    "seed": 13660
  },
  {
    "seed": 13697
  },
  {
    "seed": 13816
  },
  {
    "seed": 14014
  },
  {
    "seed": 14291
  },
  {
    "seed": 14486
  },
  {
    "seed": 14645
  },
  {
    "seed": 14652
  },
  {
    "seed": 14793
  },
  {
    "seed": 15279
  },
  {
    "seed": 15714
  },
  {
    "seed": 15720
  },
  {
    "seed": 15757
  },
  {
    "seed": 15772
  },
  {
    "seed": 15991
  },
  {
    "seed": 16162
  },
  {
    "seed": 16348
  },
  {
    "seed": 16819
  },
  {
    "seed": 16838
  },
  {
    "seed": 17206
  },
  {
    "seed": 17253
  },
  {
    "seed": 17420
  },
  {
    "seed": 17435
  },
  {
    "seed": 17687
  },
  {
    "seed": 18310
  },
  {
    "seed": 18336
  },
  {
    "seed": 18414
  },
  {
    "seed": 18440
  },
  {
    "seed": 18474
  },
  {
    "seed": 18483
  },
  {
    "seed": 18501
  },
  {
    "seed": 18579
  },
  {
    "seed": 18605
  },
  {
    "seed": 18686
  },
  {
    "seed": 18703
  },
  {
    "seed": 19099
  },
  {
    "seed": 19286
  },
  {
    "seed": 19367
  },
  {
    "seed": 19411
  },
  {
    "seed": 19491
  },
  {
    "seed": 19506
  },
  {
    "seed": 19704
  },
  {
    "seed": 19753
  },
  {
    "seed": 19971
  },
  {
    "seed": 20040
  },
  {
    "seed": 20155
  },
  {
    "seed": 20262
  },
  {
    "seed": 20289
  },
  {
    "seed": 20516
  },
  {
    "seed": 20546
  },
  {
    "seed": 20554
  },
  {
    "seed": 20705
  },
  {
    "seed": 20847
  },
  {
    "seed": 21149
  },
  {
    "seed": 21353
  },
  {
    "seed": 21395
  },
  {
    "seed": 21663
  },
  {
    "seed": 22080
  },
  {
    "seed": 22262
  },
  {
    "seed": 22460
  },
  {
    "seed": 22913
  },
  {
    "seed": 23154
  },
  {
    "seed": 23507
  },
  {
    "seed": 23841
  },
  {
    "seed": 23896
  },
  {
    "seed": 23917
  },
  {
    "seed": 24036
  },
  {
    "seed": 24065
  },
  {
    "seed": 24093
  },
  {
    "seed": 24392
  },
  {
    "seed": 24502
  },
  {
    "seed": 24505
  },
  {
    "seed": 24587
  },
  {
    "seed": 24664
  },
  {
    "seed": 24726
  },
  {
    "seed": 24924
  },
  {
    "seed": 25006
  },
  {
    "seed": 25111
  },
  {
    "seed": 25157
  },
  {
    "seed": 25183
  },
  {
    "seed": 25187
  },
  {
    "seed": 25377
  },
  {
    "seed": 25414
  },
  {
    "seed": 25456
  },
  {
    "seed": 25635
  },
  {
    "seed": 25638
  },
  {
    "seed": 25847
  },
  {
    "seed": 25926
  },
  {
    "seed": 25972
  },
  {
    "seed": 26038
  },
  {
    "seed": 26185
  },
  {
    "seed": 26253
  },
  {
    "seed": 26289
  },
  {
    "seed": 26368
  },
  {
    "seed": 26433
  },
  {
    "seed": 26440
  },
  {
    "seed": 26675
  },
  {
    "seed": 26760
  },
  {
    "seed": 26856
  },
  {
    "seed": 26888
  },
  {
    "seed": 27046
  },
  {
    "seed": 27314
  },
  {
    "seed": 27393
  },
  {
    "seed": 27532
  },
  {
    "seed": 27955
  },
  {
    "seed": 28145
  },
  {
    "seed": 28334
  },
  {
    "seed": 28521
  },
  {
    "seed": 28893
  },
  {
    "seed": 28955
  },
  {
    "seed": 29025
  },
  {
    "seed": 29127
  },
  {
    "seed": 29204
  },
  {
    "seed": 29206
  },
  {
    "seed": 29268
  },
  {
    "seed": 29356
  },
  {
    "seed": 29381
  },
  {
    "seed": 29418
  },
  {
    "seed": 29445
  },
  {
    "seed": 29459
  },
  {
    "seed": 29488
  },
  {
    "seed": 29771
  },
  {
    "seed": 29899
  },
  {
    "seed": 29910
  },
  {
    "seed": 29928
  },
  {
    "seed": 29988
  },
  {
    "seed": 30400
  },
  {
    "seed": 30456
  },
  {
    "seed": 30546
  },
  {
    "seed": 30781
  },
  {
    "seed": 30865
  },
  {
    "seed": 31426
  },
  {
    "seed": 31432
  },
  {
    "seed": 31498
  },
  {
    "seed": 31611
  },
  {
    "seed": 31639
  },
  {
    "seed": 31871
  },
  {
    "seed": 32006
  },
  {
    "seed": 32236
  },
  {
    "seed": 32265
  },
  {
    "seed": 32490
  },
  {
    "seed": 32607
  },
  {
    "seed": 32729
  },
  {
    "seed": 32754
  },
  {
    "seed": 33329
  },
  {
    "seed": 33533
  },
  {
    "seed": 33598
  },
  {
    "seed": 33661
  },
  {
    "seed": 33752
  },
  {
    "seed": 33775
  },
  {
    "seed": 33871
  },
  {
    "seed": 33932
  },
  {
    "seed": 33946
  },
  {
    "seed": 33967
  },
  {
    "seed": 34001
  },
  {
    "seed": 34030
  },
  {
    "seed": 34330
  },
  {
    "seed": 34503
  },
  {
    "seed": 34692
  },
  {
    "seed": 34973
  },
  {
    "seed": 35002
  },
  {
    "seed": 35059
  },
  {
    "seed": 35373
  },
  {
    "seed": 35763
  },
  {
    "seed": 35927
  },
  {
    "seed": 36006
  },
  {
    "seed": 36177
  },
  {
    "seed": 36247
  },
  {
    "seed": 36257
  },
  {
    "seed": 36310
  },
  {
    "seed": 36474
  },
  {
    "seed": 36476
  },
  {
    "seed": 36507
  },
  {
    "seed": 36543
  },
  {
    "seed": 37169
  },
  {
    "seed": 37213
  },
  {
    "seed": 37514
  },
  {
    "seed": 37636
  },
  {
    "seed": 37721
  },
  {
    "seed": 37873
  },
  {
    "seed": 37890
  },
  {
    "seed": 37914
  },
  {
    "seed": 37922
  },
  {
    "seed": 38032
  },
  {
    "seed": 38171
  },
  {
    "seed": 38463
  },
  {
    "seed": 38538
  },
  {
    "seed": 38767
  },
  {
    "seed": 39062
  },
  {
    "seed": 39083
  },
  {
    "seed": 39174
  },
  {
    "seed": 39495
  },
  {
    "seed": 39612
  },
  {
    "seed": 39926
  },
  {
    "seed": 40044
  },
  {
    "seed": 40052
  },
  {
    "seed": 40125
  },
  {
    "seed": 40184
  },
  {
    "seed": 40465
  },
  {
    "seed": 40516
  },
  {
    "seed": 40563
  },
  {
    "seed": 40604
  },
  {
    "seed": 40828
  },
  {
    "seed": 40839
  },
  {
    "seed": 40942
  },
  {
    "seed": 40956
  },
  {
    "seed": 40995
  },
  {
    "seed": 41127
  },
  {
    "seed": 41253
  },
  {
    "seed": 41338
  },
  {
    "seed": 41434
  },
  {
    "seed": 41478
  },
  {
    "seed": 41507
  },
  {
    "seed": 41818
  },
  {
    "seed": 41941
  },
  {
    "seed": 42248
  },
  {
    "seed": 42294
  },
  {
    "seed": 42544
  },
  {
    "seed": 42811
  },
  {
    "seed": 42899
  },
  {
    "seed": 43007
  },
  {
    "seed": 43100
  },
  {
    "seed": 43138
  },
  {
    "seed": 43714
  },
  {
    "seed": 43732
  },
  {
    "seed": 43897
  },
  {
    "seed": 44042
  },
  {
    "seed": 44043
  },
  {
    "seed": 44068
  },
  {
    "seed": 44145
  },
  {
    "seed": 44153
  },
  {
    "seed": 44157
  },
  {
    "seed": 44440
  },
  {
    "seed": 44590
  },
  {
    "seed": 44707
  },
  {
    "seed": 44725
  },
  {
    "seed": 44756
  },
  {
    "seed": 45008
  },
  {
    "seed": 45116
  },
  {
    "seed": 45336
  },
  {
    "seed": 45739
  },
  {
    "seed": 45811
  },
  {
    "seed": 46346
  },
  {
    "seed": 46672
  },
  {
    "seed": 46720
  },
  {
    "seed": 46829
  },
  {
    "seed": 46890
  },
  {
    "seed": 46947
  },
  {
    "seed": 47067
  },
  {
    "seed": 47235
  },
  {
    "seed": 47347
  },
  {
    "seed": 47619
  },
  {
    "seed": 47652
  },
  {
    "seed": 47667
  },
  {
    "seed": 47676
  },
  {
    "seed": 48172
  },
  {
    "seed": 48241
  },
  {
    "seed": 48242
  },
  {
    "seed": 48813
  },
  {
    "seed": 48824
  },
  {
    "seed": 48880
  },
  {
    "seed": 49185
  },
  {
    "seed": 49252
  },
  {
    "seed": 49354
  },
  {
    "seed": 49603
  },
  {
    "seed": 49679
  },
  {
    "seed": 49694
  },
  {
    "seed": 49856
  },
  {
    "seed": 50070
  },
  {
    "seed": 50080
  },
  {
    "seed": 50398
  },
  {
    "seed": 50438
  },
  {
    "seed": 50487
  },
  {
    "seed": 50596
  },
  {
    "seed": 50671
  },
  {
    "seed": 50784
  },
  {
    "seed": 50795
  },
  {
    "seed": 50993
  },
  {
    "seed": 51084
  },
  {
    "seed": 51251
  },
  {
    "seed": 51309
  },
  {
    "seed": 51393
  },
  {
    "seed": 51636
  },
  {
    "seed": 51714
  },
  {
    "seed": 51903
  },
  {
    "seed": 52299
  },
  {
    "seed": 52435
  },
  {
    "seed": 52501
  },
  {
    "seed": 52544
  },
  {
    "seed": 52728
  },
  {
    "seed": 52769
  },
  {
    "seed": 52812
  },
  {
    "seed": 52878
  },
  {
    "seed": 52950
  },
  {
    "seed": 52955
  },
  {
    "seed": 53097
  },
  {
    "seed": 53178
  },
  {
    "seed": 53686
  },
  {
    "seed": 54054
  },
  {
    "seed": 54056
  },
  {
    "seed": 54088
  },
  {
    "seed": 54122
  },
  {
    "seed": 54456
  },
  {
    "seed": 54532
  },
  {
    "seed": 54708
  },
  {
    "seed": 54972
  },
  {
    "seed": 55084
  },
  {
    "seed": 55129
  },
  {
    "seed": 55216
  },
  {
    "seed": 55648
  },
  {
    "seed": 55696
  },
  {
    "seed": 55890
  },
  {
    "seed": 55921
  },
  {
    "seed": 56231
  },
  {
    "seed": 56333
  },
  {
    "seed": 56356
  },
  {
    "seed": 56407
  },
  {
    "seed": 56487
  },
  {
    "seed": 56528
  },
  {
    "seed": 56591
  },
  {
    "seed": 56694
  },
  {
    "seed": 56762
  },
  {
    "seed": 56933
  },
  {
    "seed": 56965
  },
  {
    "seed": 57158
  },
  {
    "seed": 57188
  },
  {
    "seed": 57300
  },
  {
    "seed": 57414
  },
  {
    "seed": 57415
  },
  {
    "seed": 57925
  },
  {
    "seed": 58129
  },
  {
    "seed": 58278
  },
  {
    "seed": 58302
  },
  {
    "seed": 58462
  },
  {
    "seed": 58639
  },
  {
    "seed": 58847
  },
  {
    "seed": 59027
  },
  {
    "seed": 59154
  },
  {
    "seed": 59160
  },
  {
    "seed": 59489
  },
  {
    "seed": 60198
  },
  {
    "seed": 60240
  },
  {
    "seed": 60376
  },
  {
    "seed": 60505
  },
  {
    "seed": 60651
  },
  {
    "seed": 60656
  },
  {
    "seed": 60678
  },
  {
    "seed": 60726
  },
  {
    "seed": 61013
  },
  {
    "seed": 61247
  },
  {
    "seed": 61276
  },
  {
    "seed": 61297
  },
  {
    "seed": 61395
  },
  {
    "seed": 61578
  },
  {
    "seed": 61627
  },
  {
    "seed": 61700
  },
  {
    "seed": 61840
  },
  {
    "seed": 61876
  },
  {
    "seed": 61921
  },
  {
    "seed": 61948
  },
  {
    "seed": 62003
  },
  {
    "seed": 62067
  },
  {
    "seed": 62911
  },
  {
    "seed": 62968
  },
  {
    "seed": 63021
  },
  {
    "seed": 63311
  },
  {
    "seed": 63497
  },
  {
    "seed": 63808
  },
  {
    "seed": 63850
  },
  {
    "seed": 63862
  },
  {
    "seed": 64081
  },
  {
    "seed": 64138
  },
  {
    "seed": 64350
  },
  {
    "seed": 64591
  },
  {
    "seed": 64649
  },
  {
    "seed": 64828
  },
  {
    "seed": 65205
  },
  {
    "seed": 65430
  },
  {
    "seed": 65464
  },
  {
    "seed": 65493
  },
  {
    "seed": 65508
  },
  {
    "seed": 65628
  },
  {
    "seed": 65765
  },
  {
    "seed": 66022
  },
  {
    "seed": 66220
  },
  {
    "seed": 66314
  },
  {
    "seed": 66402
  },
  {
    "seed": 66444
  },
  {
    "seed": 66489
  },
  {
    "seed": 66748
  },
  {
    "seed": 66859
  },
  {
    "seed": 67091
  },
  {
    "seed": 67130
  },
  {
    "seed": 67231
  },
  {
    "seed": 67238
  },
  {
    "seed": 67318
  },
  {
    "seed": 67701
  },
  {
    "seed": 67835
  },
  {
    "seed": 68180
  },
  {
    "seed": 68301
  },
  {
    "seed": 68435
  },
  {
    "seed": 68632
  },
  {
    "seed": 68902
  },
  {
    "seed": 69035
  },
  {
    "seed": 69201
  },
  {
    "seed": 69208
  },
  {
    "seed": 69284
  },
  {
    "seed": 69322
  },
  {
    "seed": 69379
  },
  {
    "seed": 69390
  },
  {
    "seed": 69549
  },
  {
    "seed": 69648
  },
  {
    "seed": 69743
  },
  {
    "seed": 69845
  },
  {
    "seed": 69877
  },
  {
    "seed": 70282
  },
  {
    "seed": 70324
  },
  {
    "seed": 70327
  },
  {
    "seed": 70391
  },
  {
    "seed": 70444
  },
  {
    "seed": 70666
  },
  {
    "seed": 70684
  },
  {
    "seed": 70725
  },
  {
    "seed": 70759
  },
  {
    "seed": 70855
  },
  {
    "seed": 70889
  },
  {
    "seed": 70912
  },
  {
    "seed": 70966
  },
  {
    "seed": 71258
  },
  {
    "seed": 71790
  },
  {
    "seed": 71800
  },
  {
    "seed": 71825
  },
  {
    "seed": 71846
  },
  {
    "seed": 71953
  },
  {
    "seed": 72187
  },
  {
    "seed": 72340
  },
  {
    "seed": 72360
  },
  {
    "seed": 72418
  },
  {
    "seed": 72665
  },
  {
    "seed": 72785
  },
  {
    "seed": 72878
  },
  {
    "seed": 72945
  },
  {
    "seed": 73036
  },
  {
    "seed": 73057
  },
  {
    "seed": 73112
  },
  {
    "seed": 73298
  },
  {
    "seed": 73307
  },
  {
    "seed": 73604
  },
  {
    "seed": 73820
  },
  {
    "seed": 74422
  },
  {
    "seed": 74811
  },
  {
    "seed": 74908
  },
  {
    "seed": 75170
  },
  {
    "seed": 75298
  },
  {
    "seed": 76030
  },
  {
    "seed": 76332
  },
  {
    "seed": 76613
  },
  {
    "seed": 76642
  },
  {
    "seed": 76661
  },
  {
    "seed": 76668
  },
  {
    "seed": 76698
  },
  {
    "seed": 76752
  },
  {
    "seed": 76963
  },
  {
    "seed": 77109
  },
  {
    "seed": 77307
  },
  {
    "seed": 77575
  },
  {
    "seed": 78372
  },
  {
    "seed": 78595
  },
  {
    "seed": 78842
  },
  {
    "seed": 78915
  },
  {
    "seed": 78924
  },
  {
    "seed": 78945
  },
  {
    "seed": 78986
  },
  {
    "seed": 79174
  },
  {
    "seed": 79244
  },
  {
    "seed": 79261
  },
  {
    "seed": 79383
  },
  {
    "seed": 79463
  },
  {
    "seed": 79641
  },
  {
    "seed": 79818
  },
  {
    "seed": 79971
  },
  {
    "seed": 80054
  },
  {
    "seed": 80205
  },
  {
    "seed": 80557
  },
  {
    "seed": 80688
  },
  {
    "seed": 80799
  },
  {
    "seed": 80861
  },
  {
    "seed": 81126
  },
  {
    "seed": 81217
  },
  {
    "seed": 81246
  },
  {
    "seed": 81285
  },
  {
    "seed": 81540
  },
  {
    "seed": 81701
  },
  {
    "seed": 81962
  },
  {
    "seed": 81997
  },
  {
    "seed": 81999
  },
  {
    "seed": 82040
  },
  {
    "seed": 82083
  },
  {
    "seed": 82253
  },
  {
    "seed": 82276
  },
  {
    "seed": 82473
  },
  {
    "seed": 82615
  },
  {
    "seed": 82687
  },
  {
    "seed": 82848
  },
  {
    "seed": 82968
  },
  {
    "seed": 83185
  },
  {
    "seed": 83289
  },
  {
    "seed": 83491
  },
  {
    "seed": 83694
  },
  {
    "seed": 83704
  },
  {
    "seed": 83733
  },
  {
    "seed": 83748
  },
  {
    "seed": 83935
  },
  {
    "seed": 84001
  },
  {
    "seed": 84307
  },
  {
    "seed": 84310
  },
  {
    "seed": 84605
  },
  {
    "seed": 84708
  },
  {
    "seed": 84876
  },
  {
    "seed": 84981
  },
  {
    "seed": 85025
  },
  {
    "seed": 85060
  },
  {
    "seed": 85288
  },
  {
    "seed": 85307
  },
  {
    "seed": 85333
  },
  {
    "seed": 85447
  },
  {
    "seed": 85521
  },
  {
    "seed": 85619
  },
  {
    "seed": 85648
  },
  {
    "seed": 85800
  },
  {
    "seed": 85929
  },
  {
    "seed": 86193
  },
  {
    "seed": 86498
  },
  {
    "seed": 86524
  },
  {
    "seed": 86829
  },
  {
    "seed": 86998
  },
  {
    "seed": 87006
  },
  {
    "seed": 87105
  },
  {
    "seed": 87227
  },
  {
    "seed": 87245
  },
  {
    "seed": 87255
  },
  {
    "seed": 87483
  },
  {
    "seed": 87628
  },
  {
    "seed": 87726
  },
  {
    "seed": 87850
  },
  {
    "seed": 87935
  },
  {
    "seed": 88163
  },
  {
    "seed": 88315
  },
  {
    "seed": 88385
  },
  {
    "seed": 88635
  },
  {
    "seed": 88800
  },
  {
    "seed": 88851
  },
  {
    "seed": 88936
  },
  {
    "seed": 89087
  },
  {
    "seed": 89301
  },
  {
    "seed": 89418
  },
  {
    "seed": 89486
  },
  {
    "seed": 89632
  },
  {
    "seed": 89764
  },
  {
    "seed": 90125
  },
  {
    "seed": 90409
  },
  {
    "seed": 90418
  },
  {
    "seed": 90863
  },
  {
    "seed": 90942
  },
  {
    "seed": 91141
  },
  {
    "seed": 91151
  },
  {
    "seed": 91264
  },
  {
    "seed": 91287
  },
  {
    "seed": 91308
  },
  {
    "seed": 91375
  },
  {
    "seed": 91603
  },
  {
    "seed": 92069
  },
  {
    "seed": 92307
  },
  {
    "seed": 92415
  },
  {
    "seed": 92497
  },
  {
    "seed": 92707
  },
  {
    "seed": 92812
  },
  {
    "seed": 93143
  },
  {
    "seed": 93250
  },
  {
    "seed": 93398
  },
  {
    "seed": 93658
  },
  {
    "seed": 93758
  },
  {
    "seed": 93949
  },
  {
    "seed": 94007
  },
  {
    "seed": 94186
  },
  {
    "seed": 94252
  },
  {
    "seed": 94304
  },
  {
    "seed": 94345
  },
  {
    "seed": 94383
  },
  {
    "seed": 94678
  },
  {
    "seed": 94732
  },
  {
    "seed": 94750
  },
  {
    "seed": 94798
  },
  {
    "seed": 94875
  },
  {
    "seed": 95021
  },
  {
    "seed": 95027
  },
  {
    "seed": 95172
  },
  {
    "seed": 95433
  },
  {
    "seed": 95460
  },
  {
    "seed": 95512
  },
  {
    "seed": 95611
  },
  {
    "seed": 95646
  },
  {
    "seed": 95715
  },
  {
    "seed": 95818
  },
  {
    "seed": 95841
  },
  {
    "seed": 95849
  },
  {
    "seed": 96104
  },
  {
    "seed": 96180
  },
  {
    "seed": 96210
  },
  {
    "seed": 96424
  },
  {
    "seed": 96451
  },
  {
    "seed": 96459
  },
  {
    "seed": 96474
  },
  {
    "seed": 96509
  },
  {
    "seed": 96832
  },
  {
    "seed": 96865
  },
  {
    "seed": 96981
  },
  {
    "seed": 97400
  },
  {
    "seed": 97570
  },
  {
    "seed": 97617
  },
  {
    "seed": 97679
  },
  {
    "seed": 97698
  },
  {
    "seed": 97767
  },
  {
    "seed": 97821
  },
  {
    "seed": 98030
  },
  {
    "seed": 98057
  },
  {
    "seed": 98064
  },
  {
    "seed": 98502
  },
  {
    "seed": 98556
  },
  {
    "seed": 98737
  },
  {
    "seed": 98740
  },
  {
    "seed": 98775
  },
  {
    "seed": 98929
  },
  {
    "seed": 98941
  },
  {
    "seed": 98949
  },
  {
    "seed": 99412
  },
  {
    "seed": 99480
  },
  {
    "seed": 99664
  },
  {
    "seed": 99727
  },
  {
    "seed": 99785
  },
  {
    "seed": 99948
  },
  {
    "seed": 99977
  }
]