[
  {
    "seed": 161
  },
  {
    "seed": 165
  },
  {
    "seed": 190
  },
  {
    "seed": 191
  },
  {
    "seed": 241
  },
  {
    "seed": 260
  },
  {
    "seed": 279
  },
  {
    "seed": 332
  },
  {
    "seed": 387
  },
  {
    "seed": 393
  },
  {
    "seed": 461
  },
  {
    "seed": 463
  },
  {
    "seed": 467
  },
  {
    "seed": 499
  },
  {
    "seed": 520
  },
  {
    "seed": 600
  },
  {
    "seed": 607
  },
  {
    "seed": 667
  },
  {
    "seed": 780
  },
  {
    "seed": 786
  },
  {
    "seed": 789
  },
  {
    "seed": 853
  },
  {
    "seed": 887
  },
  {
    "seed": 1085
  },
  {
    "seed": 1106
  },
  {
    "seed": 1124
  },
  {
    "seed": 1149
  },
  {
    "seed": 1163
  },
  {
    "seed": 1229
  },
  {
    "seed": 1266
  },
  {
    "seed": 1293
  },
  {
    "seed": 1303
  },
  {
    "seed": 1340
  },
  {
    "seed": 1385
  },
  {
    "seed": 1417
  },
  {
    "seed": 1666
  },
  {
    "seed": 1669
  },
  {
    "seed": 1700
  },
  {
    "seed": 1801
  },
  {
    "seed": 1803
  },
  {
    "seed": 1845
  },
  {
    "seed": 1878
  },
  {
    "seed": 2032
  },
  {
    "seed": 2065
  },
  {
    "seed": 2072
  },
  {
    "seed": 2120
  },
  {
    "seed": 2130
  },
  {
    "seed": 2142
  },
  {
    "seed": 2235
  },
  {
    "seed": 2260
  },
  {
    "seed": 2326
  },
  {
    "seed": 2328
  },
  {
    "seed": 2354
  },
  {
    "seed": 2382
  },
  {
    "seed": 2403
  },
  {
    "seed": 2409
  },
  {
    "seed": 2454
  },
  {
    "seed": 2491
  },
  {
    "seed": 2566
  },
  {
    "seed": 2679
  },
  {
    "seed": 2777
  },
  {
    "seed": 2783
  },
  {
    "seed": 2793
  },
  {
    "seed": 2840
  },
  {
    "seed": 2855
  },
  {
    "seed": 2943
  },
  {
    "seed": 2950
  },
  {
    "seed": 3070
  },
  {
    "seed": 3074
  },
  {
    "seed": 3103
  },
  {
    "seed": 3131
  },
  {
    "seed": 3240
  },
  {
    "seed": 3254
  },
  {
    "seed": 3348
  },
  {
    "seed": 3396
  },
  {
    "seed": 3452
  },
  {
    "seed": 3471
  },
  {
    "seed": 3504
  },
  {
    "seed": 3521
  },
  {
    "seed": 3549
  },
  {
    "seed": 3553
  },
  {
    "seed": 3588
  },
  {
    "seed": 3627
  },
  {
    "seed": 3649
  },
  {
    "seed": 3666
  },
  {
    "seed": 3766
  },
  {
    "seed": 3808
  },
  {
    "seed": 3853
  },
  {
    "seed": 3873
  },
  {
    "seed": 3885
  },
  {
    "seed": 3900
  },
  {
    "seed": 3911
  },
  {
    "seed": 3935
  },
  {
    "seed": 3981
  },
  {
    "seed": 3987
  },
  {
    "seed": 4061
  },
  {
    "seed": 4080
  },
  {
    "seed": 4124
  },
  {
    "seed": 4154
  },
  {
    "seed": 4162
  },
  {
    "seed": 4311
  },
  {
    "seed": 4364
  },
  {
    "seed": 4424
  },
  {
    "seed": 4429
  },
  {
    "seed": 4432
  },
  {
    "seed": 4555
  },
  {
    "seed": 4606
  },
  {
    "seed": 4701
  },
  {
    "seed": 4708
  },
  {
    "seed": 4746
  },
  {
    "seed": 4810
  },
  {
    "seed": 4816
  },
  {
    "seed": 4955
  },
  {
    "seed": 4979
  },
  {
    "seed": 4984
  },
  {
    "seed": 5097
  },
  {
    "seed": 5122
  },
  {
    "seed": 5138
  },
  {
    "seed": 5163
  },
  {
    "seed": 5189
  },
  {
    "seed": 5280
  },
  {
    "seed": 5306
  },
  {
    "seed": 5327
  },
  {
    "seed": 5351
  },
  {
    "seed": 5372
  },
  {
    "seed": 5471
  },
  {
    "seed": 5508
  },
  {
    "seed": 5562
  },
  {
    "seed": 5580
  },
  {
    "seed": 5637
  },
  {
    "seed": 5713
  },
  {
    "seed": 5813
  },
  {
    "seed": 5826
  },
  {
    "seed": 5853
  },
  {
    "seed": 5863
  },
  {
    "seed": 5866
  },
  {
    "seed": 5876
  },
  {
    "seed": 5889
  },
  {
    "seed": 5900
  },
  {
    "seed": 5916
  },
  {
    "seed": 5933
  },
  {
    "seed": 5937
  },
  {
    "seed": 5979
  },
  {
    "seed": 6064
  },
  {
    "seed": 6083
  },
  {
    "seed": 6163
  },
  {
    "seed": 6167
  },
  {
    "seed": 6213
  },
  {
    "seed": 6218
  },
  {
    "seed": 6253
  },
  {
    "seed": 6332
  },
  {
    "seed": 6362
  },
  {
    "seed": 6443
  },
  {
    "seed": 6461
  },
  {
    "seed": 6495
  },
  {
    "seed": 6540
  },
  {
    "seed": 6668
  },
  {
    "seed": 6726
  },
  {
    "seed": 6798
  },
  {
    "seed": 6805
  },
  {
    "seed": 6886
  },
  {
    "seed": 6970
  },
  {
    "seed": 6976
  },
  {
    "seed": 7013
  },
  {
    "seed": 7022
  },
  {
    "seed": 7051
  },
  {
    "seed": 7075
  },
  {
    "seed": 7089
  },
  {
    "seed": 7128
  },
  {
    "seed": 7351
  },
  {
    "seed": 7411
  },
  {
    "seed": 7463
  },
  {
    "seed": 7506
  },
  {
    "seed": 7532
  },
  {
    "seed": 7570
  },
  {
    "seed": 7734
  },
  {
    "seed": 7742
  },
  {
    "seed": 7745
  },
  {
    "seed": 7774
  },
  {
    "seed": 7796
  },
  {
    "seed": 7828
  },
  {
    "seed": 7842
  },
  {
    "seed": 8069
  },
  {
    "seed": 8107
  },
  {
    "seed": 8119
  },
  {
    "seed": 8133
  },
  {
    "seed": 8349
  },
  {
    "seed": 8392
  },
  {
    "seed": 8454
  },
  {
    "seed": 8575
  },
  {
    "seed": 8592
  },
  {
    "seed": 8653
  },
  {
    "seed": 8741
  },
  {
    "seed": 8785
  },
  {
    "seed": 8812
  },
  {
    "seed": 8817
  },
  {
    "seed": 8821
  },
  {
    "seed": 8844
  },
  {
    "seed": 8907
  },
  {
    "seed": 8916
  },
  {
    "seed": 8923
  },
  {
    "seed": 8970
  },
  {
    "seed": 8974
  },
  {
    "seed": 9109
  },
  {
    "seed": 9118
  },
  {
    "seed": 9125
  },
  {
    "seed": 9127
  },
  {
    "seed": 9136
  },
  {
    "seed": 9344
  },
  {
    "seed": 9347
  },
  {
    "seed": 9355
  },
  {
    "seed": 9399
  },
  {
    "seed": 9487
  },
  {
    "seed": 9762
  },
  {
    "seed": 9810
  },
  {
    "seed": 9975
  },
  {
    "seed": 10015
  },
  {
    "seed": 10139
  },
  {
    "seed": 10143
  },
  {
    "seed": 10187
  },
  {
    "seed": 10256
  },
  {
    "seed": 10261
  },
  {
    "seed": 10355
  },
  {
    "seed": 10385
  },
  {
    "seed": 10393
  },
  {
    "seed": 10424
  },
  {
    "seed": 10427
  },
  {
    "seed": 10478
  },
  {
    "seed": 10539
  },
  {
    "seed": 10549
  },
  {
    "seed": 10551
  },
  {
    "seed": 10556
  },
  {
    "seed": 10563
  },
  {
    "seed": 10600
  },
  {
    "seed": 10605
  },
  {
    "seed": 10679
  },
  {
    "seed": 10686
  },
  {
    "seed": 10747
  },
  {
    "seed": 10854
  },
  {
    "seed": 10974
  },
  {
    "seed": 11002
  },
  {
    "seed": 11082
  },
  {
    "seed": 11235
  },
  {
    "seed": 11301
  },
  {
    "seed": 11310
  },
  {
    "seed": 11382
  },
  {
    "seed": 11388
  },
  {
    "seed": 11405
  },
  {
    "seed": 11508
  },
  {
    "seed": 11530
  },
  {
    "seed": 11548
  },
  {
    "seed": 11664
  },
  {
    "seed": 11694
  },
  {
    "seed": 11857
  },
  {
    "seed": 11876
  },
  {
    "seed": 11970
  },
  {
    "seed": 12056
  },
  {
    "seed": 12064
  },
  {
    "seed": 12121
  },
  {
    "seed": 12145
  },
  {
    "seed": 12233
  },
  {
    "seed": 12247
  },
  {
    "seed": 12359
  },
  {
    "seed": 12385
  },
  {
    "seed": 12446
  },
  {
    "seed": 12532
  },
  {
    "seed": 12618
  },
  {
    "seed": 12635
  },
  {
    "seed": 12650
  },
  {
    "seed": 12723
  },
  {
    "seed": 12733
  },
  {
    "seed": 12777
  },
  {
    "seed": 12782
  },
  {
    "seed": 12785
  },
  {
    "seed": 12842
  },
  {
    "seed": 12871
  },
  {
    "seed": 12879
  },
  {
    "seed": 12901
  },
  {
    "seed": 12943
  },
  {
    "seed": 12952
  },
  {
    "seed": 13001
  },
  {
    "seed": 13063
  },
  {
    "seed": 13126
  },
  {
    "seed": 13130
  },
  {
    "seed": 13198
  },
  {
    "seed": 13292
  },
  {
    "seed": 13392
  },
  {
    "seed": 13521
  },
  {
    "seed": 13575
  },
  {
    "seed": 13577
  },
  {
    "seed": 13612
  },
  {
    "seed": 13703
  },
  {
    "seed": 13719
  },
  {
    "seed": 13752
  },
  {
    "seed": 13829
  },
  {
    "seed": 13900
  },
  {
    "seed": 13912
  },
  {
    "seed": 13918
  },
  {
    "seed": 13983
  },
  {
    "seed": 13984
  },
  {
    "seed": 14023
  },
  {
    "seed": 14052
  },
  {
    "seed": 14060
  },
  {
    "seed": 14113
  },
  {
    "seed": 14195
  },
  {
    "seed": 14231
  },
  {
    "seed": 14302
  },
  {
    "seed": 14379
  },
  {
    "seed": 14385
  },
  {
    "seed": 14425
  },
  {
    "seed": 14452
  },
  {
    "seed": 14538
  },
  {
    "seed": 14569
  },
  {
    "seed": 14638
  },
  {
    "seed": 14714
  },
  {
    "seed": 14751
  },
  {
    "seed": 14802
  },
  {
    "seed": 14820
  },
  {
    "seed": 14856
  },
  {
    "seed": 14864
  },
  {
    "seed": 14887
  },
  {
    "seed": 14902
  },
  {
    "seed": 14984
  },
  {
    "seed": 14994
  },
  {
    "seed": 15004
  },
  {
    "seed": 15086
  },
  {
    "seed": 15094
  },
  {
    "seed": 15098
  },
  {
    "seed": 15111
  },
  {
    "seed": 15144
  },
  {
    "seed": 15238
  },
  {
    "seed": 15274
  },
  {
    "seed": 15320
  },
  {
    "seed": 15355
  },
  {
    "seed": 15420
  },
  {
    "seed": 15428
  },
  {
    "seed": 15451
  },
  {
    "seed": 15496
  },
  {
    "seed": 15576
  },
  {
    "seed": 15624
  },
  {
    "seed": 15677
  },
  {
    "seed": 15830
  },
  {
    "seed": 15832
  },
  {
    "seed": 15869
  },
  {
    "seed": 15924
  },
  {
    "seed": 15938
  },
  {
    "seed": 15952
  },
  {
    "seed": 15968
  },
  {
    "seed": 16020
  },
  {
    "seed": 16023
  },
  {
    "seed": 16026
  },
  {
    "seed": 16042
  },
  {
    "seed": 16068
  },
  {
    "seed": 16081
  },
  {
    "seed": 16147
  },
  {
    "seed": 16201
  },
  {
    "seed": 16330
  },
  {
    "seed": 16354
  },
  {
    "seed": 16359
  },
  {
    "seed": 16390
  },
  {
    "seed": 16394
  },
  {
    "seed": 16425
  },
  {
    "seed": 16444
  },
  {
    "seed": 16472
  },
  {
    "seed": 16503
  },
  {
    "seed": 16507
  },
  {
    "seed": 16579
  },
  {
    "seed": 16608
  },
  {
    "seed": 16681
  },
  {
    "seed": 16713
  },
  {
    "seed": 16741
  },
  {
    "seed": 16760
  },
  {
    "seed": 17024
  },
  {
    "seed": 17025
  },
  {
    "seed": 17128
  },
  {
    "seed": 17130
  },
  {
    "seed": 17181
  },
  {
    "seed": 17188
  },
  {
    "seed": 17226
  },
  {
    "seed": 17259
  },
  {
    "seed": 17386
  },
  {
    "seed": 17412
  },
  {
    "seed": 17415
  },
  {
    "seed": 17457
  },
  {
    "seed": 17465
  },
  {
    "seed": 17513
  },
  {
    "seed": 17526
  },
  {
    "seed": 17541
  },
  {
    "seed": 17781
  },
  {
    "seed": 17824
  },
  {
    "seed": 17847
  },
  {
    "seed": 17877
  },
  {
    "seed": 18297
  },
  {
    "seed": 18359
  },
  {
    "seed": 18365
  },
  {
    "seed": 18377
  },
  {
    "seed": 18433
  },
  {
    "seed": 18491
  },
  {
    "seed": 18494
  },
  {
    "seed": 18516
  },
  {
    "seed": 18570
  },
  {
    "seed": 18573
  },
  {
    "seed": 18575
  },
  {
    "seed": 18603
  },
  {
    "seed": 18615
  },
  {
    "seed": 18632
  },
  {
    "seed": 18645
  },
  {
    "seed": 18649
  },
  {
    "seed": 18671
  },
  {
    "seed": 18733
  },
  {
    "seed": 18816
  },
  {
    "seed": 18820
  },
  {
    "seed": 18845
  },
  {
    "seed": 18866
  },
  {
    "seed": 18925
  },
  {
    "seed": 19007
  },
  {
    "seed": 19015
  },
  {
    "seed": 19067
  },
  {
    "seed": 19176
  },
  {
    "seed": 19293
  },
  {
    "seed": 19319
  },
  {
    "seed": 19382
  },
  {
    "seed": 19426
  },
  {
    "seed": 19480
  },
  {
    "seed": 19507
  },
  {
    "seed": 19557
  },
  {
    "seed": 19575
  },
  {
    "seed": 19648
  },
  {
    "seed": 19679
  },
  {
    "seed": 19698
  },
  {
    "seed": 19757
  },
  {
    "seed": 19791
  },
  {
    "seed": 19827
  },
  {
    "seed": 19856
  },
  {
    "seed": 19929
  },
  {
    "seed": 20039
  },
  {
    "seed": 20044
  },
  {
    "seed": 20301
  },
  {
    "seed": 20316
  },
  {
    "seed": 20341
  },
  {
    "seed": 20355
  },
  {
    "seed": 20359
  },
  {
    "seed": 20394
  },
  {
    "seed": 20422
  },
  {
    "seed": 20430
  },
  {
    "seed": 20497
  },
  {
    "seed": 20633
  },
  {
    "seed": 20672
  },
  {
    "seed": 20697
  },
  {
    "seed": 20726
  },
  {
    "seed": 20791
  },
  {
    "seed": 20799
  },
  {
    "seed": 20837
  },
  {
    "seed": 20876
  },
  {
    "seed": 20911
  },
  {
    "seed": 20931
  },
  {
    "seed": 20956
  },
  {
    "seed": 20985
  },
  {
    "seed": 21020
  },
  {
    "seed": 21064
  },
  {
    "seed": 21075
  },
  {
    "seed": 21081
  },
  {
    "seed": 21107
  },
  {
    "seed": 21197
  },
  {
    "seed": 21203
  },
  {
    "seed": 21223
  },
  {
    "seed": 21254
  },
  {
    "seed": 21290
  },
  {
    "seed": 21354
  },
  {
    "seed": 21430
  },
  {
    "seed": 21458
  },
  {
    "seed": 21513
  },
  {
    "seed": 21531
  },
  {
    "seed": 21555
  },
  {
    "seed": 21614
  },
  {
    "seed": 21673
  },
  {
    "seed": 22066
  },
  {
    "seed": 22097
  },
  {
    "seed": 22103
  },
  {
    "seed": 22142
  },
  {
    "seed": 22155
  },
  {
    "seed": 22177
  },
  {
    "seed": 22180
  },
  {
    "seed": 22186
  },
  {
    "seed": 22238
  },
  {
    "seed": 22270
  },
  {
    "seed": 22278
  },
  {
    "seed": 22293
  },
  {
    "seed": 22325
  },
  {
    "seed": 22410
  },
  {
    "seed": 22424
  },
  {
    "seed": 22456
  },
  {
    "seed": 22523
  },
  {
    "seed": 22709
  },
  {
    "seed": 22782
  },
  {
    "seed": 22802
  },
  {
    "seed": 22818
  },
  {
    "seed": 22826
  },
  {
    "seed": 22964
  },
  {
    "seed": 22971
  },
  {
    "seed": 23016
  },
  {
    "seed": 23037
  },
  {
    "seed": 23173
  },
  {
    "seed": 23207
  },
  {
    "seed": 23421
  },
  {
    "seed": 23423
  },
  {
    "seed": 23453
  },
  {
    "seed": 23495
  },
  {
    "seed": 23527
  },
  {
    "seed": 23555
  },
  {
    "seed": 23608
  },
  {
    "seed": 23617
  },
  {
    "seed": 23722
  },
  {
    "seed": 23756
  },
  {
    "seed": 23759
  },
  {
    "seed": 23767
  },
  {
    "seed": 23853
  },
  {
    "seed": 23879
  },
  {
    "seed": 23898
  },
  {
    "seed": 23945
  },
  {
    "seed": 23988
  },
  {
    "seed": 23991
  },
  {
    "seed": 24013
  },
  {
    "seed": 24075
  },
  {
    "seed": 24081
  },
  {
    "seed": 24091
  },
  {
    "seed": 24108
  },
  {
    "seed": 24126
  },
  {
    "seed": 24210
  },
  {
    "seed": 24217
  },
  {
    "seed": 24261
  },
  {
    "seed": 24319
  },
  {
    "seed": 24371
  },
  {
    "seed": 24396
  },
  {
    "seed": 24418
  },
  {
    "seed": 24425
  },
  {
    "seed": 24426
  },
  {
    "seed": 24433
  },
  {
    "seed": 24461
  },
  {
    "seed": 24487
  },
  {
    "seed": 24518
  },
  {
    "seed": 24608
  },
  {
    "seed": 24777
  },
  {
    "seed": 24897
  },
  {
    "seed": 24971
  },
  {
    "seed": 25039
  },
  {
    "seed": 25110
  },
  {
    "seed": 25211
  },
  {
    "seed": 25254
  },
  {
    "seed": 25261
  },
  {
    "seed": 25265
  },
  {
    "seed": 25332
  },
  {
    "seed": 25408
  },
  {
    "seed": 25416
  },
  {
    "seed": 25436
  },
  {
    "seed": 25462
  },
  {
    "seed": 25503
  },
  {
    "seed": 25538
  },
  {
    "seed": 25591
  },
  {
    "seed": 25687
  },
  {
    "seed": 25728
  },
  {
    "seed": 25749
  },
  {
    "seed": 25834
  },
  {
    "seed": 25891
  },
  {
    "seed": 25969
  },
  {
    "seed": 25992
  },
  {
    "seed": 26037
  },
  {
    "seed": 26045
  },
  {
    "seed": 26049
  },
  {
    "seed": 26063
  },
  {
    "seed": 26081
  },
  {
    "seed": 26114
  },
  {
    "seed": 26180
  },
  {
    "seed": 26244
  },
  {
    "seed": 26290
  },
  {
    "seed": 26300
  },
  {
    "seed": 26373
  },
  {
    "seed": 26374
  },
  {
    "seed": 26450
  },
  {
    "seed": 26454
  },
  {
    "seed": 26466
  },
  {
    "seed": 26592
  },
  {
    "seed": 26593
  },
  {
    "seed": 26617
  },
  {
    "seed": 26654
  },
  {
    "seed": 26683
  },
  {
    "seed": 26719
  },
  {
    "seed": 26750
  },
  {
    "seed": 26800
  },
  {
    "seed": 26829
  },
  {
    "seed": 26900
  },
  {
    "seed": 26941
  },
  {
    "seed": 26972
  },
  {
    "seed": 27075
  },
  {
    "seed": 27091
  },
  {
    "seed": 27124
  },
  {
    "seed": 27135
  },
  {
    "seed": 27169
  },
  {
    "seed": 27179
  },
  {
    "seed": 27239
  },
  {
    "seed": 27305
  },
  {
    "seed": 27313
  },
  {
    "seed": 27328
  },
  {
    "seed": 27362
  },
  {
    "seed": 27390
  },
  {
    "seed": 27397
  },
  {
    "seed": 27530
  },
  {
    "seed": 27539
  },
  {
    "seed": 27584
  },
  {
    "seed": 27624
  },
  {
    "seed": 27852
  },
  {
    "seed": 27887
  },
  {
    "seed": 27978
  },
  {
    "seed": 28101
  },
  {
    "seed": 28220
  },
  {
    "seed": 28247
  },
  {
    "seed": 28335
  },
  {
    "seed": 28364
  },
  {
    "seed": 28378
  },
  {
    "seed": 28476
  },
  {
    "seed": 28526
  },
  {
    "seed": 28534
  },
  {
    "seed": 28585
  },
  {
    "seed": 28626
  },
  {
    "seed": 28688
  },
  {
    "seed": 28713
  },
  {
    "seed": 28882
  },
  {
    "seed": 28907
  },
  {
    "seed": 28920
  },
  {
    "seed": 28961
  },
  {
    "seed": 28981
  },
  {
    "seed": 28992
  },
  {
    "seed": 29006
  },
  {
    "seed": 29078
  },
  {
    "seed": 29095
  },
  {
    "seed": 29180
  },
  {
    "seed": 29214
  },
  {
    "seed": 29216
  },
  {
    "seed": 29241
  },
  {
    "seed": 29253
  },
  {
    "seed": 29270
  },
  {
    "seed": 29315
  },
  {
    "seed": 29341
  },
  {
    "seed": 29346
  },
  {
    "seed": 29371
  },
  {
    "seed": 29397
  },
  {
    "seed": 29461
  },
  {
    "seed": 29462
  },
  {
    "seed": 29523
  },
  {
    "seed": 29531
  },
  {
    "seed": 29539
  },
  {
    "seed": 29556
  },
  {
    "seed": 29564
  },
  {
    "seed": 29599
  },
  {
    "seed": 29610
  },
  {
    "seed": 29657
  },
  {
    "seed": 29883
  },
  {
    "seed": 29921
  },
  {
    "seed": 29980
  },
  {
    "seed": 29997
  },
  {
    "seed": 30009
  },
  {
    "seed": 30126
  },
  {
    "seed": 30240
  },
  {
    "seed": 30245
  },
  {
    "seed": 30292
  },
  {
    "seed": 30325
  },
  {
    "seed": 30326
  },
  {
    "seed": 30332
  },
  {
    "seed": 30604
  },
  {
    "seed": 30660
  },
  {
    "seed": 30719
  },
  {
    "seed": 30751
  },
  {
    "seed": 30760
  },
  {
    "seed": 30763
  },
  {
    "seed": 30830
  },
  {
    "seed": 30869
  },
  {
    "seed": 30958
  },
  {
    "seed": 30962
  },
  {
    "seed": 31084
  },
  {
    "seed": 31099
  },
  {
    "seed": 31142
  },
  {
    "seed": 31172
  },
  {
    "seed": 31174
  },
  {
    "seed": 31201
  },
  {
    "seed": 31244
  },
  {
    "seed": 31257
  },
  {
    "seed": 31320
  },
  {
    "seed": 31332
  },
  {
    "seed": 31350
  },
  {
    "seed": 31516
  },
  {
    "seed": 31584
  },
  {
    "seed": 31606
  },
  {
    "seed": 31700
  },
  {
    "seed": 31702
  },
  {
    "seed": 31767
  },
  {
    "seed": 31781
  },
  {
    "seed": 31795
  },
  {
    "seed": 31903
  },
  {
    "seed": 31927
  },
  {
    "seed": 31960
  },
  {
    "seed": 31961
  },
  {
    "seed": 32018
  },
  {
    "seed": 32034
  },
  {
    "seed": 32046
  },
  {
    "seed": 32060
  },
  {
    "seed": 32073
  },
  {
    "seed": 32138
  },
  {
    "seed": 32176
  },
  {
    "seed": 32184
  },
  {
    "seed": 32187
  },
  {
    "seed": 32198
  },
  {
    "seed": 32280
  },
  {
    "seed": 32303
  },
  {
    "seed": 32385
  },
  {
    "seed": 32561
  },
  {
    "seed": 32562
  },
  {
    "seed": 32585
  },
  {
    "seed": 32629
  },
  {
    "seed": 32692
  },
  {
    "seed": 32699
  },
  {
    "seed": 32705
  },
  {
    "seed": 32782
  },
  {
    "seed": 32819
  },
  {
    "seed": 32907
  },
  {
    "seed": 33043
  },
  {
    "seed": 33046
  },
  {
    "seed": 33075
  },
  {
    "seed": 33240
  },
  {
    "seed": 33316
  },
  {
    "seed": 33363
  },
  {
    "seed": 33390
  },
  {
    "seed": 33425
  },
  {
    "seed": 33492
  },
  {
    "seed": 33587
  },
  {
    "seed": 33600
  },
  {
    "seed": 33660
  },
  {
    "seed": 33673
  },
  {
    "seed": 33772
  },
  {
    "seed": 33836
  },
  {
    "seed": 33858
  },
  {
    "seed": 33900
  },
  {
    "seed": 33966
  },
  {
    "seed": 33976
  },
  {
    "seed": 34002
  },
  {
    "seed": 34022
  },
  {
    "seed": 34025
  },
  {
    "seed": 34076
  },
  {
    "seed": 34128
  },
  {
    "seed": 34188
  },
  {
    "seed": 34210
  },
  {
    "seed": 34231
  },
  {
    "seed": 34245
  },
  {
    "seed": 34290
  },
  {
    "seed": 34295
  },
  {
    "seed": 34302
  },
  {
    "seed": 34377
  },
  {
    "seed": 34390
  },
  {
    "seed": 34529
  },
  {
    "seed": 34531
  },
  {
    "seed": 34679
  },
  {
    "seed": 34734
  },
  {
    "seed": 34830
  },
  {
    "seed": 34836
  },
  {
    "seed": 34867
  },
  {
    "seed": 34949
  },
  {
    "seed": 35021
  },
  {
    "seed": 35042
  },
  {
    "seed": 35198
  },
  {
    "seed": 35199
  },
  {
    "seed": 35210
  },
  {
    "seed": 35212
  },
  {
    "seed": 35257
  },
  {
    "seed": 35264
  },
  {
    "seed": 35329
  },
  {
    "seed": 35394
  },
  {
    "seed": 35447
  },
  {
    "seed": 35504
  },
  {
    "seed": 35692
  },
  {
    "seed": 35770
  },
  {
    "seed": 35773
  },
  {
    "seed": 35843
  },
  {
    "seed": 35851
  },
  {
    "seed": 35947
  },
  {
    "seed": 35961
  },
  {
    "seed": 35979
  },
  {
    "seed": 36050
  },
  {
    "seed": 36065
  },
  {
    "seed": 36129
  },
  {
    "seed": 36200
  },
  {
    "seed": 36211
  },
  {
    "seed": 36222
  },
  {
    "seed": 36238
  },
  {
    "seed": 36243
  },
  {
    "seed": 36480
  },
  {
    "seed": 36483
  },
  {
    "seed": 36580
  },
  {
    "seed": 36641
  },
  {
    "seed": 36657
  },
  {
    "seed": 36753
  },
  {
    "seed": 36847
  },
  {
    "seed": 36878
  },
  {
    "seed": 36888
  },
  {
    "seed": 36889
  },
  {
    "seed": 36900
  },
  {
    "seed": 37052
  },
  {
    "seed": 37137
  },
  {
    "seed": 37171
  },
  {
    "seed": 37196
  },
  {
    "seed": 37206
  },
  {
    "seed": 37214
  },
  {
    "seed": 37300
  },
  {
    "seed": 37399
  },
  {
    "seed": 37405
  },
  {
    "seed": 37448
  },
  {
    "seed": 37461
  },
  {
    "seed": 37495
  },
  {
    "seed": 37571
  },
  {
    "seed": 37598
  },
  {
    "seed": 37603
  },
  {
    "seed": 37664
  },
  {
    "seed": 37673
  },
  {
    "seed": 37727
  },
  {
    "seed": 37781
  },
  {
    "seed": 37786
  },
  {
    "seed": 37859
  },
  {
    "seed": 37867
  },
  {
    "seed": 37882
  },
  {
    "seed": 37899
  },
  {
    "seed": 37952
  },
  {
    "seed": 37971
  },
  {
    "seed": 37979
  },
  {
    "seed": 38038
  },
  {
    "seed": 38043
  },
  {
    "seed": 38151
  },
  {
    "seed": 38173
  },
  {
    "seed": 38265
  },
  {
    "seed": 38465
  },
  {
    "seed": 38495
  },
  {
    "seed": 38503
  },
  {
    "seed": 38541
  },
  {
    "seed": 38608
  },
  {
    "seed": 38619
  },
  {
    "seed": 38626
  },
  {
    "seed": 38648
  },
  {
    "seed": 38674
  },
  {
    "seed": 38682
  },
  {
    "seed": 38731
  },
  {
    "seed": 38798
  },
  {
    "seed": 38855
  },
  {
    "seed": 38921
  },
  {
    "seed": 38922
  },
  {
    "seed": 39065
  },
  {
    "seed": 39086
  },
  {
    "seed": 39130
  },
  {
    "seed": 39152
  },
  {
    "seed": 39289
  },
  {
    "seed": 39323
  },
  {
    "seed": 39328
  },
  {
    "seed": 39346
  },
  {
    "seed": 39354
  },
  {
    "seed": 39369
  },
  {
    "seed": 39417
  },
  {
    "seed": 39489
  },
  {
    "seed": 39540
  },
  {
    "seed": 39541
  },
  {
    "seed": 39613
  },
  {
    "seed": 39626
  },
  {
    "seed": 39667
  },
  {
    "seed": 39671
  },
  {
    "seed": 39717
  },
  {
    "seed": 39774
  },
  {
    "seed": 39929
  },
  {
    "seed": 39938
  },
  {
    "seed": 39979
  },
  {
    "seed": 40029
  },
  {
    "seed": 40033
  },
  {
    "seed": 40121
  },
  {
    "seed": 40143
  },
  {
    "seed": 40189
  },
  {
    "seed": 40330
  },
  {
    "seed": 40391
  },
  {
    "seed": 40406
  },
  {
    "seed": 40443
  },
  {
    "seed": 40468
  },
  {
    "seed": 40498
  },
  {
    "seed": 40572
  },
  {
    "seed": 40580
  },
  {
    "seed": 40660
  },
  {
    "seed": 40668
  },
  {
    "seed": 40691
  },
  {
    "seed": 40746
  },
  {
    "seed": 40857
  },
  {
    "seed": 40879
  },
  {
    "seed": 40929
  },
  {
    "seed": 40946
  },
  {
    "seed": 40965
  },
  {
    "seed": 40987
  },
  {
    "seed": 41082
  },
  {
    "seed": 41089
  },
  {
    "seed": 41135
  },
  {
    "seed": 41140
  },
  {
    "seed": 41180
  },
  {
    "seed": 41197
  },
  {
    "seed": 41255
  },
  {
    "seed": 41286
  },
  {
    "seed": 41354
  },
  {
    "seed": 41382
  },
  {
    "seed": 41416
  },
  {
    "seed": 41473
  },
  {
    "seed": 41492
  },
  {
    "seed": 41516
  },
  {
    "seed": 41543
  },
  {
    "seed": 41632
  },
  {
    "seed": 41728
  },
  {
    "seed": 41837
  },
  {
    "seed": 41866
  },
  {
    "seed": 41874
  },
  {
    "seed": 42049
  },
  {
    "seed": 42082
  },
  {
    "seed": 42116
  },
  {
    "seed": 42152
  },
  {
    "seed": 42160
  },
  {
    "seed": 42207
  },
  {
    "seed": 42217
  },
  {
    "seed": 42261
  },
  {
    "seed": 42264
  },
  {
    "seed": 42273
  },
  {
    "seed": 42326
  },
  {
    "seed": 42392
  },
  {
    "seed": 42455
  },
  {
    "seed": 42473
  },
  {
    "seed": 42485
  },
  {
    "seed": 42521
  },
  {
    "seed": 42580
  },
  {
    "seed": 42593
  },
  {
    "seed": 42630
  },
  {
    "seed": 42645
  },
  {
    "seed": 42670
  },
  {
    "seed": 42687
  },
  {
    "seed": 42701
  },
  {
    "seed": 42768
  },
  {
    "seed": 42772
  },
  {
    "seed": 42819
  },
  {
    "seed": 42928
  },
  {
    "seed": 42936
  },
  {
    "seed": 42982
  },
  {
    "seed": 43039
  },
  {
    "seed": 43060
  },
  {
    "seed": 43081
  },
  {
    "seed": 43126
  },
  {
    "seed": 43185
  },
  {
    "seed": 43227
  },
  {
    "seed": 43293
  },
  {
    "seed": 43304
  },
  {
    "seed": 43327
  },
  {
    "seed": 43346
  },
  {
    "seed": 43400
  },
  {
    "seed": 43422
  },
  {
    "seed": 43448
  },
  {
    "seed": 43491
  },
  {
    "seed": 43523
  },
  {
    "seed": 43558
  },
  {
    "seed": 43569
  },
  {
    "seed": 43614
  },
  {
    "seed": 43701
  },
  {
    "seed": 43747
  },
  {
    "seed": 43779
  },
  {
    "seed": 43822
  },
  {
    "seed": 44002
  },
  {
    "seed": 44066
  },
  {
    "seed": 44123
  },
  {
    "seed": 44140
  },
  {
    "seed": 44213
  },
  {
    "seed": 44296
  },
  {
    "seed": 44305
  },
  {
    "seed": 44398
  },
  {
    "seed": 44399
  },
  {
    "seed": 44427
  },
  {
    "seed": 44512
  },
  {
    "seed": 44592
  },
  {
    "seed": 44599
  },
  {
    "seed": 44650
  },
  {
    "seed": 44670
  },
  {
    "seed": 44678
  },
  {
    "seed": 44754
  },
  {
    "seed": 44759
  },
  {
    "seed": 44792
  },
  {
    "seed": 44919
  },
  {
    "seed": 44954
  },
  {
    "seed": 44972
  },
  {
    "seed": 44977
  },
  {
    "seed": 44997
  },
  {
    "seed": 45063
  },
  {
    "seed": 45089
  },
  {
    "seed": 45106
  },
  {
    "seed": 45127
  },
  {
    "seed": 45141
  },
  {
    "seed": 45204
  },
  {
    "seed": 45220
  },
  {
    "seed": 45413
  },
  {
    "seed": 45452
  },
  {
    "seed": 45511
  },
  {
    "seed": 45547
  },
  {
    "seed": 45561
  },
  {
    "seed": 45589
  },
  {
    "seed": 45605
  },
  {
    "seed": 45623
  },
  {
    "seed": 45660
  },
  {
    "seed": 45663
  },
  {
    "seed": 45748
  },
  {
    "seed": 45801
  },
  {
    "seed": 45803
  },
  {
    "seed": 45868
  },
  {
    "seed": 45960
  },
  {
    "seed": 46039
  },
  {
    "seed": 46253
  },
  {
    "seed": 46266
  },
  {
    "seed": 46299
  },
  {
    "seed": 46395
  },
  {
    "seed": 46405
  },
  {
    "seed": 46435
  },
  {
    "seed": 46439
  },
  {
    "seed": 46449
  },
  {
    "seed": 46462
  },
  {
    "seed": 46502
  },
  {
    "seed": 46548
  },
  {
    "seed": 46690
  },
  {
    "seed": 46743
  },
  {
    "seed": 46773
  },
  {
    "seed": 46819
  },
  {
    "seed": 46836
  },
  {
    "seed": 46853
  },
  {
    "seed": 46878
  },
  {
    "seed": 46977
  },
  {
    "seed": 47040
  },
  {
    "seed": 47069
  },
  {
    "seed": 47092
  },
  {
    "seed": 47105
  },
  {
    "seed": 47186
  },
  {
    "seed": 47247
  },
  {
    "seed": 47264
  },
  {
    "seed": 47274
  },
  {
    "seed": 47318
  },
  {
    "seed": 47335
  },
  {
    "seed": 47348
  },
  {
    "seed": 47360
  },
  {
    "seed": 47611
  },
  {
    "seed": 47693
  },
  {
    "seed": 47711
  },
  {
    "seed": 47782
  },
  {
    "seed": 47911
  },
  {
    "seed": 47920
  },
  {
    "seed": 47963
  },
  {
    "seed": 47993
  },
  {
    "seed": 48061
  },
  {
    "seed": 48170
  },
  {
    "seed": 48267
  },
  {
    "seed": 48287
  },
  {
    "seed": 48290
  },
  {
    "seed": 48302
  },
  {
    "seed": 48314
  },
  {
    "seed": 48364
  },
  {
    "seed": 48369
  },
  {
    "seed": 48415
  },
  {
    "seed": 48435
  },
  {
    "seed": 48448
  },
  {
    "seed": 48510
  },
  {
    "seed": 48653
  },
  {
    "seed": 48664
  },
  {
    "seed": 48740
  },
  {
    "seed": 48828
  },
  {
    "seed": 48879
  },
  {
    "seed": 48918
  },
  {
    "seed": 48947
  },
  {
    "seed": 49048
  },
  {
    "seed": 49051
  },
  {
    "seed": 49089
  },
  {
    "seed": 49126
  },
  {
    "seed": 49260
  },
  {
    "seed": 49276
  },
  {
    "seed": 49357
  },
  {
    "seed": 49366
  },
  {
    "seed": 49413
  },
  {
    "seed": 49457
  },
  {
    "seed": 49463
  },
  {
    "seed": 49468
  },
  {
    "seed": 49537
  },
  {
    "seed": 49548
  },
  {
    "seed": 49566
  },
  {
    "seed": 49607
  },
  {
    "seed": 49671
  },
  {
    "seed": 49729
  },
  {
    "seed": 49730
  },
  {
    "seed": 49746
  },
  {
    "seed": 49802
  },
  {
    "seed": 49917
  },
  {
    "seed": 49928
  },
  {
    "seed": 49958
  },
  {
    "seed": 49969
  },
  {
    "seed": 49994
  },
  {
    "seed": 49998
  },
  {
    "seed": 50007
  },
  {
    "seed": 50024
  },
  {
    "seed": 50074
  },
  {
    "seed": 50101
  },
  {
    "seed": 50124
  },
  {
    "seed": 50158
  },
  {
    "seed": 50160
  },
  {
    "seed": 50380
  },
  {
    "seed": 50404
  },
  {
    "seed": 50406
  },
  {
    "seed": 50465
  },
  {
    "seed": 50472
  },
  {
    "seed": 50518
  },
  {
    "seed": 50582
  },
  {
    "seed": 50599
  },
  {
    "seed": 50634
  },
  {
    "seed": 50636
  },
  {
    "seed": 50664
  },
  {
    "seed": 50704
  },
  {
    "seed": 50737
  },
  {
    "seed": 50743
  },
  {
    "seed": 50765
  },
  {
    "seed": 50774
  },
  {
    "seed": 50820
  },
  {
    "seed": 50909
  },
  {
    "seed": 50963
  },
  {
    "seed": 51002
  },
  {
    "seed": 51064
  },
  {
    "seed": 51126
  },
  {
    "seed": 51129
  },
  {
    "seed": 51131
  },
  {
    "seed": 51178
  },
  {
    "seed": 51191
  },
  {
    "seed": 51217
  },
  {
    "seed": 51277
  },
  {
    "seed": 51370
  },
  {
    "seed": 51505
  },
  {
    "seed": 51517
  },
  {
    "seed": 51650
  },
  {
    "seed": 51688
  },
  {
    "seed": 51750
  },
  {
    "seed": 51782
  },
  {
    "seed": 51824
  },
  {
    "seed": 51851
  },
  {
    "seed": 51915
  },
  {
    "seed": 51921
  },
  {
    "seed": 51961
  },
  {
    "seed": 51992
  },
  {
    "seed": 52000
  },
  {
    "seed": 52014
  },
  {
    "seed": 52038
  },
  {
    "seed": 52051
  },
  {
    "seed": 52059
  },
  {
    "seed": 52136
  },
  {
    "seed": 52138
  },
  {
    "seed": 52157
  },
  {
    "seed": 52328
  },
  {
    "seed": 52461
  },
  {
    "seed": 52514
  },
  {
    "seed": 52602
  },
  {
    "seed": 52611
  },
  {
    "seed": 52620
  },
  {
    "seed": 52709
  },
  {
    "seed": 52889
  },
  {
    "seed": 52914
  },
  {
    "seed": 52920
  },
  {
    "seed": 52948
  },
  {
    "seed": 52951
  },
  {
    "seed": 52968
  },
  {
    "seed": 52984
  },
  {
    "seed": 52999
  },
  {
    "seed": 53055
  },
  {
    "seed": 53124
  },
  {
    "seed": 53133
  },
  {
    "seed": 53164
  },
  {
    "seed": 53184
  },
  {
    "seed": 53197
  },
  {
    "seed": 53244
  },
  {
    "seed": 53303
  },
  {
    "seed": 53306
  },
  {
    "seed": 53329
  },
  {
    "seed": 53367
  },
  {
    "seed": 53377
  },
  {
    "seed": 53423
  },
  {
    "seed": 53443
  },
  {
    "seed": 53482
  },
  {
    "seed": 53507
  },
  {
    "seed": 53563
  },
  {
    "seed": 53572
  },
  {
    "seed": 53623
  },
  {
    "seed": 53688
  },
  {
    "seed": 53707
  },
  {
    "seed": 53709
  },
  {
    "seed": 53713
  },
  {
    "seed": 53757
  },
  {
    "seed": 53759
  },
  {
    "seed": 53822
  },
  {
    "seed": 53862
  },
  {
    "seed": 53898
  },
  {
    "seed": 53920
  },
  {
    "seed": 54094
  },
  {
    "seed": 54115
  },
  {
    "seed": 54136
  },
  {
    "seed": 54157
  },
  {
    "seed": 54173
  },
  {
    "seed": 54243
  },
  {
    "seed": 54274
  },
  {
    "seed": 54308
  },
  {
    "seed": 54334
  },
  {
    "seed": 54412
  },
  {
    "seed": 54430
  },
  {
    "seed": 54453
  },
  {
    "seed": 54472
  },
  {
    "seed": 54491
  },
  {
    "seed": 54493
  },
  {
    "seed": 54514
  },
  {
    "seed": 54587
  },
  {
    "seed": 54596
  },
  {
    "seed": 54632
  },
  {
    "seed": 54660
  },
  {
    "seed": 54693
  },
  {
    "seed": 54726
  },
  {
    "seed": 54757
  },
  {
    "seed": 54823
  },
  {
    "seed": 54855
  },
  {
    "seed": 54936
  },
  {
    "seed": 54948
  },
  {
    "seed": 55091
  },
  {
    "seed": 55113
  },
  {
    "seed": 55204
  },
  {
    "seed": 55273
  },
  {
    "seed": 55293
  },
  {
    "seed": 55361
  },
  {
    "seed": 55409
  },
  {
    "seed": 55414
  },
  {
    "seed": 55424
  },
  {
    "seed": 55544
  },
  {
    "seed": 55573
  },
  {
    "seed": 55604
  },
  {
    "seed": 55631
  },
  {
    "seed": 55654
  },
  {
    "seed": 55807
  },
  {
    "seed": 55861
  },
  {
    "seed": 55867
  },
  {
    "seed": 55892
  },
  {
    "seed": 55913
  },
  {
    "seed": 55922
  },
  {
    "seed": 55954
  },
  {
    "seed": 55960
  },
  {
    "seed": 55985
  },
  {
    "seed": 56186
  },
  {
    "seed": 56203
  },
  {
    "seed": 56249
  },
  {
    "seed": 56294
  },
  {
    "seed": 56306
  },
  {
    "seed": 56346
  },
  {
    "seed": 56374
  },
  {
    "seed": 56424
  },
  {
    "seed": 56436
  },
  {
    "seed": 56444
  },
  {
    "seed": 56622
  },
  {
    "seed": 56714
  },
  {
    "seed": 56833
  },
  {
    "seed": 56882
  },
  {
    "seed": 56884
  },
  {
    "seed": 56909
  },
  {
    "seed": 56916
  },
  {
    "seed": 57049
  },
  {
    "seed": 57121
  },
  {
    "seed": 57149
  },
  {
    "seed": 57274
  },
  {
    "seed": 57454
  },
  {
    "seed": 57455
  },
  {
    "seed": 57469
  },
  {
    "seed": 57503
  },
  {
    "seed": 57556
  },
  {
    "seed": 57595
  },
  {
    "seed": 57630
  },
  {
    "seed": 57631
  },
  {
    "seed": 57651
  },
  {
    "seed": 57687
  },
  {
    "seed": 57697
  },
  {
    "seed": 57728
  },
  {
    "seed": 57818
  },
  {
    "seed": 57829
  },
  {
    "seed": 57835
  },
  {
    "seed": 57865
  },
  {
    "seed": 57987
  },
  {
    "seed": 57990
  },
  {
    "seed": 58042
  },
  {
    "seed": 58045
  },
  {
    "seed": 58067
  },
  {
    "seed": 58095
  },
  {
    "seed": 58160
  },
  {
    "seed": 58178
  },
  {
    "seed": 58363
  },
  {
    "seed": 58368
  },
  {
    "seed": 58412
  },
  {
    "seed": 58425
  },
  {
    "seed": 58507
  },
  {
    "seed": 58522
  },
  {
    "seed": 58577
  },
  {
    "seed": 58579
  },
  {
    "seed": 58700
  },
  {
    "seed": 58748
  },
  {
    "seed": 58850
  },
  {
    "seed": 58887
  },
  {
    "seed": 58893
  },
  {
    "seed": 58968
  },
  {
    "seed": 58988
  },
  {
    "seed": 59045
  },
  {
    "seed": 59066
  },
  {
    "seed": 59181
  },
  {
    "seed": 59464
  },
  {
    "seed": 59515
  },
  {
    "seed": 59542
  },
  {
    "seed": 59646
  },
  {
    "seed": 59650
  },
  {
    "seed": 59679
  },
  {
    "seed": 59686
  },
  {
    "seed": 59751
  },
  {
    "seed": 59818
  },
  {
    "seed": 59978
  },
  {
    "seed": 59984
  },
  {
    "seed": 60047
  },
  {
    "seed": 60106
  },
  {
    "seed": 60117
  },
  {
    "seed": 60228
  },
  {
    "seed": 60419
  },
  {
    "seed": 60431
  },
  {
    "seed": 60459
  },
  {
    "seed": 60502
  },
  {
    "seed": 60529
  },
  {
    "seed": 60536
  },
  {
    "seed": 60617
  },
  {
    "seed": 60650
  },
  {
    "seed": 60659
  },
  {
    "seed": 60690
  },
  {
    "seed": 60783
  },
  {
    "seed": 60799
  },
  {
    "seed": 60820
  },
  {
    "seed": 60845
  },
  {
    "seed": 60917
  },
  {
    "seed": 60952
  },
  {
    "seed": 60965
  },
  {
    "seed": 61019
  },
  {
    "seed": 61026
  },
  {
    "seed": 61054
  },
  {
    "seed": 61111
  },
  {
    "seed": 61160
  },
  {
    "seed": 61271
  },
  {
    "seed": 61382
  },
  {
    "seed": 61430
  },
  {
    "seed": 61549
  },
  {
    "seed": 61630
  },
  {
    "seed": 61634
  },
  {
    "seed": 61668
  },
  {
    "seed": 61698
  },
  {
    "seed": 61732
  },
  {
    "seed": 61767
  },
  {
    "seed": 61778
  },
  {
    "seed": 61808
  },
  {
    "seed": 61816
  },
  {
    "seed": 61846
  },
  {
    "seed": 61900
  },
  {
    "seed": 61912
  },
  {
    "seed": 61923
  },
  {
    "seed": 61953
  },
  {
    "seed": 62237
  },
  {
    "seed": 62267
  },
  {
    "seed": 62315
  },
  {
    "seed": 62321
  },
  {
    "seed": 62389
  },
  {
    "seed": 62448
  },
  {
    "seed": 62693
  },
  {
    "seed": 62895
  },
  {
    "seed": 62908
  },
  {
    "seed": 62921
  },
  {
    "seed": 62992
  },
  {
    "seed": 63077
  },
  {
    "seed": 63118
  },
  {
    "seed": 63134
  },
  {
    "seed": 63154
  },
  {
    "seed": 63171
  },
  {
    "seed": 63197
  },
  {
    "seed": 63232
  },
  {
    "seed": 63234
  },
  {
    "seed": 63320
  },
  {
    "seed": 63340
  },
  {
    "seed": 63359
  },
  {
    "seed": 63425
  },
  {
    "seed": 63446
  },
  {
    "seed": 63478
  },
  {
    "seed": 63559
  },
  {
    "seed": 63569
  },
  {
    "seed": 63598
  },
  {
    "seed": 63618
  },
  {
    "seed": 63740
  },
  {
    "seed": 63748
  },
  {
    "seed": 63754
  },
  {
    "seed": 63758
  },
  {
    "seed": 63777
  },
  {
    "seed": 63874
  },
  {
    "seed": 63875
  },
  {
    "seed": 63915
  },
  {
    "seed": 63969
  },
  {
    "seed": 64006
  },
  {
    "seed": 64032
  },
  {
    "seed": 64142
  },
  {
    "seed": 64245
  },
  {
    "seed": 64267
  },
  {
    "seed": 64335
  },
  {
    "seed": 64364
  },
  {
    "seed": 64423
  },
  {
    "seed": 64491
  },
  {
    "seed": 64520
  },
  {
    "seed": 64568
  },
  {
    "seed": 64721
  },
  {
    "seed": 64795
  },
  {
    "seed": 64832
  },
  {
    "seed": 64861
  },
  {
    "seed": 64882
  },
  {
    "seed": 64884
  },
  {
    "seed": 64924
  },
  {
    "seed": 64930
  },
  {
    "seed": 64951
  },
  {
    "seed": 64983
  },
  {
    "seed": 65049
  },
  {
    "seed": 65051
  },
  {
    "seed": 65055
  },
  {
    "seed": 65142
  },
  {
    "seed": 65159
  },
  {
    "seed": 65197
  },
  {
    "seed": 65238
  },
  {
    "seed": 65261
  },
  {
    "seed": 65280
  },
  {
    "seed": 65373
  },
  {
    "seed": 65513
  },
  {
    "seed": 65515
  },
  {
    "seed": 65581
  },
  {
    "seed": 65651
  },
  {
    "seed": 65686
  },
  {
    "seed": 65829
  },
  {
    "seed": 65843
  },
  {
    "seed": 65846
  },
  {
    "seed": 65848
  },
  {
    "seed": 65911
  },
  {
    "seed": 65928
  },
  {
    "seed": 65988
  },
  {
    "seed": 66055
  },
  {
    "seed": 66090
  },
  {
    "seed": 66109
  },
  {
    "seed": 66149
  },
  {
    "seed": 66204
  },
  {
    "seed": 66227
  },
  {
    "seed": 66240
  },
  {
    "seed": 66459
  },
  {
    "seed": 66504
  },
  {
    "seed": 66511
  },
  {
    "seed": 66641
  },
  {
    "seed": 66673
  },
  {
    "seed": 66831
  },
  {
    "seed": 66969
  },
  {
    "seed": 66977
  },
  {
    "seed": 66994
  },
  {
    "seed": 67009
  },
  {
    "seed": 67051
  },
  {
    "seed": 67059
  },
  {
    "seed": 67100
  },
  {
    "seed": 67213
  },
  {
    "seed": 67234
  },
  {
    "seed": 67241
  },
  {
    "seed": 67368
  },
  {
    "seed": 67412
  },
  {
    "seed": 67595
  },
  {
    "seed": 67611
  },
  {
    "seed": 67673
  },
  {
    "seed": 67719
  },
  {
    "seed": 67744
  },
  {
    "seed": 67754
  },
  {
    "seed": 67762
  },
  {
    "seed": 67779
  },
  {
    "seed": 67923
  },
  {
    "seed": 67935
  },
  {
    "seed": 68003
  },
  {
    "seed": 68104
  },
  {
    "seed": 68116
  },
  {
    "seed": 68155
  },
  {
    "seed": 68255
  },
  {
    "seed": 68296
  },
  {
    "seed": 68419
  },
  {
    "seed": 68473
  },
  {
    "seed": 68481
  },
  {
    "seed": 68491
  },
  {
    "seed": 68583
  },
  {
    "seed": 68648
  },
  {
    "seed": 68682
  },
  {
    "seed": 68756
  },
  {
    "seed": 68768
  },
  {
    "seed": 68803
  },
  {
    "seed": 68952
  },
  {
    "seed": 68997
  },
  {
    "seed": 69026
  },
  {
    "seed": 69087
  },
  {
    "seed": 69168
  },
  {
    "seed": 69227
  },
  {
    "seed": 69229
  },
  {
    "seed": 69288
  },
  {
    "seed": 69307
  },
  {
    "seed": 69319
  },
  {
    "seed": 69334
  },
  {
    "seed": 69387
  },
  {
    "seed": 69462
  },
  {
    "seed": 69466
  },
  {
    "seed": 69521
  },
  {
    "seed": 69578
  },
  {
    "seed": 69605
  },
  {
    "seed": 69614
  },
  {
    "seed": 69616
  },
  {
    "seed": 69621
  },
  {
    "seed": 69626
  },
  {
    "seed": 69710
  },
  {
    "seed": 69749
  },
  {
    "seed": 69769
  },
  {
    "seed": 69770
  },
  {
    "seed": 69790
  },
  {
    "seed": 69873
  },
  {
    "seed": 69953
  },
  {
    "seed": 69977
  },
  {
    "seed": 70006
  },
  {
    "seed": 70034
  },
  {
    "seed": 70049
  },
  {
    "seed": 70090
  },
  {
    "seed": 70115
  },
  {
    "seed": 70144
  },
  {
    "seed": 70226
  },
  {
    "seed": 70259
  },
  {
    "seed": 70332
  },
  {
    "seed": 70397
  },
  {
    "seed": 70418
  },
  {
    "seed": 70421
  },
  {
    "seed": 70425
  },
  {
    "seed": 70455
  },
  {
    "seed": 70560
  },
  {
    "seed": 70597
  },
  {
    "seed": 70606
  },
  {
    "seed": 70645
  },
  {
    "seed": 70857
  },
  {
    "seed": 70914
  },
  {
    "seed": 70959
  },
  {
    "seed": 71204
  },
  {
    "seed": 71298
  },
  {
    "seed": 71440
  },
  {
    "seed": 71544
  },
  {
    "seed": 71549
  },
  {
    "seed": 71551
  },
  {
    "seed": 71601
  },
  {
    "seed": 71635
  },
  {
    "seed": 71761
  },
  {
    "seed": 71767
  },
  {
    "seed": 71881
  },
  {
    "seed": 71942
  },
  {
    "seed": 71957
  },
  {
    "seed": 71975
  },
  {
    "seed": 72030
  },
  {
    "seed": 72041
  },
  {
    "seed": 72072
  },
  {
    "seed": 72090
  },
  {
    "seed": 72137
  },
  {
    "seed": 72148
  },
  {
    "seed": 72155
  },
  {
    "seed": 72200
  },
  {
    "seed": 72306
  },
  {
    "seed": 72323
  },
  {
    "seed": 72354
  },
  {
    "seed": 72414
  },
  {
    "seed": 72498
  },
  {
    "seed": 72540
  },
  {
    "seed": 72572
  },
  {
    "seed": 72624
  },
  {
    "seed": 72694
  },
  {
    "seed": 72706
  },
  {
    "seed": 72786
  },
  {
    "seed": 72804
  },
  {
    "seed": 72814
  },
  {
    "seed": 73114
  },
  {
    "seed": 73125
  },
  {
    "seed": 73175
  },
  {
    "seed": 73228
  },
  {
    "seed": 73333
  },
  {
    "seed": 73365
  },
  {
    "seed": 73490
  },
  {
    "seed": 73525
  },
  {
    "seed": 73752
  },
  {
    "seed": 73855
  },
  {
    "seed": 73879
  },
  {
    "seed": 73894
  },
  {
    "seed": 73912
  },
  {
    "seed": 74025
  },
  {
    "seed": 74063
  },
  {
    "seed": 74067
  },
  {
    "seed": 74075
  },
  {
    "seed": 74121
  },
  {
    "seed": 74142
  },
  {
    "seed": 74208
  },
  {
    "seed": 74297
  },
  {
    "seed": 74317
  },
  {
    "seed": 74409
  },
  {
    "seed": 74435
  },
  {
    "seed": 74558
  },
  {
    "seed": 74573
  },
  {
    "seed": 74601
  },
  {
    "seed": 74690
  },
  {
    "seed": 74774
  },
  {
    "seed": 74888
  },
  {
    "seed": 74942
  },
  {
    "seed": 74945
  },
  {
    "seed": 75013
  },
  {
    "seed": 75027
  },
  {
    "seed": 75103
  },
  {
    "seed": 75132
  },
  {
    "seed": 75236
  },
  {
    "seed": 75322
  },
  {
    "seed": 75325
  },
  {
    "seed": 75327
  },
  {
    "seed": 75346
  },
  {
    "seed": 75387
  },
  {
    "seed": 75443
  },
  {
    "seed": 75511
  },
  {
    "seed": 75537
  },
  {
    "seed": 75542
  },
  {
    "seed": 75627
  },
  {
    "seed": 75638
  },
  {
    "seed": 75657
  },
  {
    "seed": 75681
  },
  {
    "seed": 75753
  },
  {
    "seed": 75934
  },
  {
    "seed": 75954
  },
  {
    "seed": 75974
  },
  {
    "seed": 76034
  },
  {
    "seed": 76145
  },
  {
    "seed": 76167
  },
  {
    "seed": 76176
  },
  {
    "seed": 76210
  },
  {
    "seed": 76297
  },
  {
    "seed": 76373
  },
  {
    "seed": 76429
  },
  {
    "seed": 76517
  },
  {
    "seed": 76518
  },
  {
    "seed": 76545
  },
  {
    "seed": 76551
  },
  {
    "seed": 76562
  },
  {
    "seed": 76566
  },
  {
    "seed": 76643
  },
  {
    "seed": 76650
  },
  {
    "seed": 76760
  },
  {
    "seed": 76776
  },
  {
    "seed": 76799
  },
  {
    "seed": 76876
  },
  {
    "seed": 76886
  },
  {
    "seed": 76916
  },
  {
    "seed": 76921
  },
  {
    "seed": 76944
  },
  {
    "seed": 76962
  },
  {
    "seed": 77011
  },
  {
    "seed": 77021
  },
  {
    "seed": 77070
  },
  {
    "seed": 77114
  },
  {
    "seed": 77162
  },
  {
    "seed": 77168
  },
  {
    "seed": 77169
  },
  {
    "seed": 77170
  },
  {
    "seed": 77191
  },
  {
    "seed": 77289
  },
  {
    "seed": 77293
  },
  {
    "seed": 77327
  },
  {
    "seed": 77360
  },
  {
    "seed": 77416
  },
  {
    "seed": 77465
  },
  {
    "seed": 77479
  },
  {
    "seed": 77481
  },
  {
    "seed": 77565
  },
  {
    "seed": 77581
  },
  {
    "seed": 77625
  },
  {
    "seed": 77636
  },
  {
    "seed": 77768
  },
  {
    "seed": 77849
  },
  {
    "seed": 77894
  },
  {
    "seed": 77896
  },
  {
    "seed": 77950
  },
  {
    "seed": 77956
  },
  {
    "seed": 78037
  },
  {
    "seed": 78151
  },
  {
    "seed": 78165
  },
  {
    "seed": 78210
  },
  {
    "seed": 78275
  },
  {
    "seed": 78403
  },
  {
    "seed": 78480
  },
  {
    "seed": 78496
  },
  {
    "seed": 78511
  },
  {
    "seed": 78634
  },
  {
    "seed": 78648
  },
  {
    "seed": 78649
  },
  {
    "seed": 78650
  },
  {
    "seed": 78750
  },
  {
    "seed": 78754
  },
  {
    "seed": 78762
  },
  {
    "seed": 78783
  },
  {
    "seed": 78797
  },
  {
    "seed": 78798
  },
  {
    "seed": 78812
  },
  {
    "seed": 78816
  },
  {
    "seed": 78817
  },
  {
    "seed": 78920
  },
  {
    "seed": 78935
  },
  {
    "seed": 78957
  },
  {
    "seed": 79024
  },
  {
    "seed": 79040
  },
  {
    "seed": 79101
  },
  {
    "seed": 79305
  },
  {
    "seed": 79333
  },
  {
    "seed": 79394
  },
  {
    "seed": 79396
  },
  {
    "seed": 79413
  },
  {
    "seed": 79629
  },
  {
    "seed": 79704
  },
  {
    "seed": 79712
  },
  {
    "seed": 79859
  },
  {
    "seed": 79880
  },
  {
    "seed": 79885
  },
  {
    "seed": 79899
  },
  {
    "seed": 79952
  },
  {
    "seed": 79960
  },
  {
    "seed": 79965
  },
  {
    "seed": 79994
  },
  {
    "seed": 80140
  },
  {
    "seed": 80149
  },
  {
    "seed": 80167
  },
  {
    "seed": 80231
  },
  {
    "seed": 80282
  },
  {
    "seed": 80396
  },
  {
    "seed": 80495
  },
  {
    "seed": 80525
  },
  {
    "seed": 80582
  },
  {
    "seed": 80674
  },
  {
    "seed": 80779
  },
  {
    "seed": 80881
  },
  {
    "seed": 80952
  },
  {
    "seed": 80993
  },
  {
    "seed": 81021
  },
  {
    "seed": 81052
  },
  {
    "seed": 81098
  },
  {
    "seed": 81142
  },
  {
    "seed": 81185
  },
  {
    "seed": 81187
  },
  {
    "seed": 81206
  },
  {
    "seed": 81278
  },
  {
    "seed": 81282
  },
  {
    "seed": 81351
  },
  {
    "seed": 81357
  },
  {
    "seed": 81431
  },
  {
    "seed": 81443
  },
  {
    "seed": 81553
  },
  {
    "seed": 81595
  },
  {
    "seed": 81663
  },
  {
    "seed": 81681
  },
  {
    "seed": 81709
  },
  {
    "seed": 81828
  },
  {
    "seed": 81873
  },
  {
    "seed": 81905
  },
  {
    "seed": 81929
  },
  {
    "seed": 82002
  },
  {
    "seed": 82014
  },
  {
    "seed": 82079
  },
  {
    "seed": 82089
  },
  {
    "seed": 82090
  },
  {
    "seed": 82094
  },
  {
    "seed": 82148
  },
  {
    "seed": 82190
  },
  {
    "seed": 82208
  },
  {
    "seed": 82329
  },
  {
    "seed": 82337
  },
  {
    "seed": 82509
  },
  {
    "seed": 82544
  },
  {
    "seed": 82708
  },
  {
    "seed": 82714
  },
  {
    "seed": 82717
  },
  {
    "seed": 82810
  },
  {
    "seed": 82845
  },
  {
    "seed": 82948
  },
  {
    "seed": 82961
  },
  {
    "seed": 83013
  },
  {
    "seed": 83020
  },
  {
    "seed": 83022
  },
  {
    "seed": 83151
  },
  {
    "seed": 83252
  },
  {
    "seed": 83285
  },
  {
    "seed": 83344
  },
  {
    "seed": 83432
  },
  {
    "seed": 83543
  },
  {
    "seed": 83576
  },
  {
    "seed": 83724
  },
  {
    "seed": 83812
  },
  {
    "seed": 83919
  },
  {
    "seed": 83931
  },
  {
    "seed": 84021
  },
  {
    "seed": 84036
  },
  {
    "seed": 84056
  },
  {
    "seed": 84063
  },
  {
    "seed": 84077
  },
  {
    "seed": 84084
  },
  {
    "seed": 84091
  },
  {
    "seed": 84092
  },
  {
    "seed": 84158
  },
  {
    "seed": 84213
  },
  {
    "seed": 84231
  },
  {
    "seed": 84271
  },
  {
    "seed": 84297
  },
  {
    "seed": 84338
  },
  {
    "seed": 84388
  },
  {
    "seed": 84463
  },
  {
    "seed": 84476
  },
  {
    "seed": 84526
  },
  {
    "seed": 84542
  },
  {
    "seed": 84547
  },
  {
    "seed": 84602
  },
  {
    "seed": 84658
  },
  {
    "seed": 84674
  },
  {
    "seed": 84866
  },
  {
    "seed": 84882
  },
  {
    "seed": 84888
  },
  {
    "seed": 84897
  },
  {
    "seed": 84907
  },
  {
    "seed": 84949
  },
  {
    "seed": 84950
  },
  {
    "seed": 84964
  },
  {
    "seed": 85064
  },
  {
    "seed": 85094
  },
  {
    "seed": 85231
  },
  {
    "seed": 85313
  },
  {
    "seed": 85461
  },
  {
    "seed": 85476
  },
  {
    "seed": 85488
  },
  {
    "seed": 85549
  },
  {
    "seed": 85582
  },
  {
    "seed": 85669
  },
  {
    "seed": 85675
  },
  {
    "seed": 85696
  },
  {
    "seed": 85698
  },
  {
    "seed": 85748
  },
  {
    "seed": 85885
  },
  {
    "seed": 85901
  },
  {
    "seed": 85949
  },
  {
    "seed": 85959
  },
  {
    "seed": 85961
  },
  {
    "seed": 85964
  },
  {
    "seed": 86001
  },
  {
    "seed": 86029
  },
  {
    "seed": 86125
  },
  {
    "seed": 86200
  },
  {
    "seed": 86301
  },
  {
    "seed": 86303
  },
  {
    "seed": 86327
  },
  {
    "seed": 86531
  },
  {
    "seed": 86535
  },
  {
    "seed": 86603
  },
  {
    "seed": 86776
  },
  {
    "seed": 86818
  },
  {
    "seed": 86826
  },
  {
    "seed": 86869
  },
  {
    "seed": 86895
  },
  {
    "seed": 86945
  },
  {
    "seed": 87137
  },
  {
    "seed": 87156
  },
  {
    "seed": 87250
  },
  {
    "seed": 87334
  },
  {
    "seed": 87383
  },
  {
    "seed": 87527
  },
  {
    "seed": 87549
  },
  {
    "seed": 87567
  },
  {
    "seed": 87648
  },
  {
    "seed": 87669
  },
  {
    "seed": 87677
  },
  {
    "seed": 87678
  },
  {
    "seed": 87683
  },
  {
    "seed": 87750
  },
  {
    "seed": 87794
  },
  {
    "seed": 87796
  },
  {
    "seed": 87804
  },
  {
    "seed": 87854
  },
  {
    "seed": 87962
  },
  {
    "seed": 88013
  },
  {
    "seed": 88049
  },
  {
    "seed": 88272
  },
  {
    "seed": 88301
  },
  {
    "seed": 88303
  },
  {
    "seed": 88348
  },
  {
    "seed": 88349
  },
  {
    "seed": 88352
  },
  {
    "seed": 88360
  },
  {
    "seed": 88410
  },
  {
    "seed": 88457
  },
  {
    "seed": 88500
  },
  {
    "seed": 88504
  },
  {
    "seed": 88528
  },
  {
    "seed": 88582
  },
  {
    "seed": 88600
  },
  {
    "seed": 88667
  },
  {
    "seed": 88670
  },
  {
    "seed": 88709
  },
  {
    "seed": 88751
  },
  {
    "seed": 88789
  },
  {
    "seed": 88811
  },
  {
    "seed": 88814
  },
  {
    "seed": 88830
  },
  {
    "seed": 88855
  },
  {
    "seed": 88963
  },
  {
    "seed": 88979
  },
  {
    "seed": 89067
  },
  {
    "seed": 89073
  },
  {
    "seed": 89085
  },
  {
    "seed": 89202
  },
  {
    "seed": 89218
  },
  {
    "seed": 89246
  },
  {
    "seed": 89303
  },
  {
    "seed": 89346
  },
  {
    "seed": 89390
  },
  {
    "seed": 89440
  },
  {
    "seed": 89585
  },
  {
    "seed": 89650
  },
  {
    "seed": 89675
  },
  {
    "seed": 89699
  },
  {
    "seed": 89831
  },
  {
    "seed": 89917
  },
  {
    "seed": 89978
  },
  {
    "seed": 90000
  },
  {
    "seed": 90115
  },
  {
    "seed": 90162
  },
  {
    "seed": 90164
  },
  {
    "seed": 90169
  },
  {
    "seed": 90283
  },
  {
    "seed": 90335
  },
  {
    "seed": 90345
  },
  {
    "seed": 90374
  },
  {
    "seed": 90383
  },
  {
    "seed": 90398
  },
  {
    "seed": 90401
  },
  {
    "seed": 90444
  },
  {
    "seed": 90472
  },
  {
    "seed": 90550
  },
  {
    "seed": 90590
  },
  {
    "seed": 90600
  },
  {
    "seed": 90688
  },
  {
    "seed": 90877
  },
  {
    "seed": 90888
  },
  {
    "seed": 90889
  },
  {
    "seed": 90896
  },
  {
    "seed": 90949
  },
  {
    "seed": 90969
  },
  {
    "seed": 91036
  },
  {
    "seed": 91049
  },
  {
    "seed": 91083
  },
  {
    "seed": 91127
  },
  {
    "seed": 91170
  },
  {
    "seed": 91220
  },
  {
    "seed": 91242
  },
  {
    "seed": 91248
  },
  {
    "seed": 91284
  },
  {
    "seed": 91305
  },
  {
    "seed": 91395
  },
  {
    "seed": 91403
  },
  {
    "seed": 91415
  },
  {
    "seed": 91497
  },
  {
    "seed": 91547
  },
  {
    "seed": 91589
  },
  {
    "seed": 91638
  },
  {
    "seed": 91711
  },
  {
    "seed": 91772
  },
  {
    "seed": 91776
  },
  {
    "seed": 91787
  },
  {
    "seed": 91820
  },
  {
    "seed": 91836
  },
  {
    "seed": 91899
  },
  {
    "seed": 91909
  },
  {
    "seed": 91911
  },
  {
    "seed": 91913
  },
  {
    "seed": 91922
  },
  {
    "seed": 92027
  },
  {
    "seed": 92057
  },
  {
    "seed": 92094
  },
  {
    "seed": 92122
  },
  {
    "seed": 92132
  },
  {
    "seed": 92152
  },
  {
    "seed": 92178
  },
  {
    "seed": 92234
  },
  {
    "seed": 92243
  },
  {
    "seed": 92248
  },
  {
    "seed": 92260
  },
  {
    "seed": 92266
  },
  {
    "seed": 92279
  },
  {
    "seed": 92297
  },
  {
    "seed": 92303
  },
  {
    "seed": 92327
  },
  {
    "seed": 92345
  },
  {
    "seed": 92362
  },
  {
    "seed": 92389
  },
  {
    "seed": 92423
  },
  {
    "seed": 92623
  },
  {
    "seed": 92625
  },
  {
    "seed": 92719
  },
  {
    "seed": 92754
  },
  {
    "seed": 92774
  },
  {
    "seed": 92775
  },
  {
    "seed": 92787
  },
  {
    "seed": 92811
  },
  {
    "seed": 92845
  },
  {
    "seed": 92924
  },
  {
    "seed": 92951
  },
  {
    "seed": 92971
  },
  {
    "seed": 93173
  },
  {
    "seed": 93176
  },
  {
    "seed": 93247
  },
  {
    "seed": 93310
  },
  {
    "seed": 93311
  },
  {
    "seed": 93318
  },
  {
    "seed": 93324
  },
  {
    "seed": 93334
  },
  {
    "seed": 93353
  },
  {
    "seed": 93383
  },
  {
    "seed": 93507
  },
  {
    "seed": 93527
  },
  {
    "seed": 93528
  },
  {
    "seed": 93675
  },
  {
    "seed": 93691
  },
  {
    "seed": 93855
  },
  {
    "seed": 93889
  },
  {
    "seed": 93894
  },
  {
    "seed": 93977
  },
  {
    "seed": 94019
  },
  {
    "seed": 94023
  },
  {
    "seed": 94325
  },
  {
    "seed": 94331
  },
  {
    "seed": 94396
  },
  {
    "seed": 94434
  },
  {
    "seed": 94447
  },
  {
    "seed": 94527
  },
  {
    "seed": 94578
  },
  {
    "seed": 94672
  },
  {
    "seed": 94742
  },
  {
    "seed": 94751
  },
  {
    "seed": 94823
  },
  {
    "seed": 94826
  },
  {
    "seed": 94993
  },
  {
    "seed": 95099
  },
  {
    "seed": 95103
  },
  {
    "seed": 95105
  },
  {
    "seed": 95111
  },
  {
    "seed": 95190
  },
  {
    "seed": 95261
  },
  {
    "seed": 95313
  },
  {
    "seed": 95335
  },
  {
    "seed": 95403
  },
  {
    "seed": 95453
  },
  {
    "seed": 95519
  },
  {
    "seed": 95530
  },
  {
    "seed": 95576
  },
  {
    "seed": 95629
  },
  {
    "seed": 95639
  },
  {
    "seed": 95666
  },
  {
    "seed": 95676
  },
  {
    "seed": 95711
  },
  {
    "seed": 95713
  },
  {
    "seed": 95748
  },
  {
    "seed": 95833
  },
  {
    "seed": 95877
  },
  {
    "seed": 96078
  },
  {
    "seed": 96091
  },
  {
    "seed": 96096
  },
  {
    "seed": 96130
  },
  {
    "seed": 96133
  },
  {
    "seed": 96165
  },
  {
    "seed": 96191
  },
  {
    "seed": 96200
  },
  {
    "seed": 96263
  },
  {
    "seed": 96290
  },
  {
    "seed": 96331
  },
  {
    "seed": 96404
  },
  {
    "seed": 96493
  },
  {
    "seed": 96504
  },
  {
    "seed": 96520
  },
  {
    "seed": 96662
  },
  {
    "seed": 96673
  },
  {
    "seed": 96726
  },
  {
    "seed": 96884
  },
  {
    "seed": 96931
  },
  {
    "seed": 96956
  },
  {
    "seed": 96965
  },
  {
    "seed": 96984
  },
  {
    "seed": 97046
  },
  {
    "seed": 97128
  },
  {
    "seed": 97152
  },
  {
    "seed": 97196
  },
  {
    "seed": 97248
  },
  {
    "seed": 97364
  },
  {
    "seed": 97387
  },
  {
    "seed": 97403
  },
  {
    "seed": 97413
  },
  {
    "seed": 97464
  },
  {
    "seed": 97501
  },
  {
    "seed": 97524
  },
  {
    "seed": 97574
  },
  {
    "seed": 97579
  },
  {
    "seed": 97635
  },
  {
    "seed": 97652
  },
  {
    "seed": 97797
  },
  {
    "seed": 97873
  },
  {
    "seed": 97987
  },
  {
    "seed": 98201
  },
  {
    "seed": 98261
  },
  {
    "seed": 98275
  },
  {
    "seed": 98354
  },
  {
    "seed": 98422
  },
  {
    "seed": 98518
  },
  {
    "seed": 98525
  },
  {
    "seed": 98526
  },
  {
    "seed": 98530
  },
  {
    "seed": 98549
  },
  {
    "seed": 98555
  },
  {
    "seed": 98566
  },
  {
    "seed": 98579
  },
  {
    "seed": 98584
  },
  {
    "seed": 98605
  },
  {
    "seed": 98623
  },
  {
    "seed": 98635
  },
  {
    "seed": 98689
  },
  {
    "seed": 98757
  },
  {
    "seed": 98793
  },
  {
    "seed": 98822
  },
  {
    "seed": 98894
  },
  {
    "seed": 98908
  },
  {
    "seed": 98930
  },
  {
    "seed": 98944
  },
  {
    "seed": 99004
  },
  {
    "seed": 99052
  },
  {
    "seed": 99091
  },
  {
    "seed": 99101
  },
  {
    "seed": 99194
  },
  {
    "seed": 99221
  },
  {
    "seed": 99275
  },
  {
    "seed": 99422
  },
  {
    "seed": 99462
  },
  {
    "seed": 99603
  },
  {
    "seed": 99685
  },
  {
    "seed": 99686
  },
  {
    "seed": 99690
  },
  {
    "seed": 99706
  },
  {
    "seed": 99738
  },
  {
    "seed": 99749
  },
  {
    "seed": 99853
  },
  {
    "seed": 99867
  },
  {
    "seed": 99901
  },
  {
    "seed": 99925
  },
  {
    "seed": 99927
  },
  {
    "seed": 99942
  },
  {
    "seed": 99968
  },
  {
    "seed": 99995
  }
]