[
  {
    "seed": 274
  },
  {
    "seed": 1227
  },
  {
    "seed": 1747
  },
  {
    "seed": 2270
  },
  {
    "seed": 2367
  },
  {
    "seed": 2440
  },
  {
    "seed": 2532
  },
  {
    "seed": 4012
  },
  {
    "seed": 4276
  },
  {
    "seed": 4724
  },
  {
    "seed": 5058
  },
  {
    "seed": 5239
  },
  {
    "seed": 5607
  },
  {
    "seed": 5696
  },
  {
    "seed": 5845
  },
  {
    "seed": 6704
  },
  {
    "seed": 6752
  },
  {
    "seed": 6992
  },
  {
    "seed": 7401
  },
  {
    "seed": 7559
  },
  {
    "seed": 9076
  },
  {
    "seed": 9325
  },
  {
    "seed": 9365
  },
  {
    "seed": 9419
  },
  {
    "seed": 9532
  },
  {
    "seed": 10432
  },
  {
    "seed": 11404
  },
  {
    "seed": 12002
  },
  {
    "seed": 12574
  },
  {
    "seed": 12652
  },
  {
    "seed": 12654
  },
  {
    "seed": 12850
  },
  {
    "seed": 14429
  },
  {
    "seed": 15319
  },
  {
    "seed": 16421
  },
  {
    "seed": 16742
  },
  {
    "seed": 17225
  },
  {
    "seed": 17614
  },
  {
    "seed": 17926
  },
  {
    "seed": 17963
  },
  {
    "seed": 18205
  },
  {
    "seed": 18562
  },
  {
    "seed": 19207
  },
  {
    "seed": 20710
  },
  {
    "seed": 23063
  },
  {
    "seed": 23599
  },
  {
    "seed": 23740
  },
  {
    "seed": 23873
  },
  {
    "seed": 24462
  },
  {
    "seed": 25394
  },
  {
    "seed": 26275
  },
  {
    "seed": 26467
  },
  {
    "seed": 26824
  },
  {
    "seed": 26917
  },
  {
    "seed": 28104
  },
  {
    "seed": 28479
  },
  {
    "seed": 29185
  },
  {
    "seed": 29308
  },
  {
    "seed": 32161
  },
  {
    "seed": 33234
  },
  {
    "seed": 34469
  },
  {
    "seed": 36531
  },
  {
    "seed": 37657
  },
  {
    "seed": 37687
  },
  {
    "seed": 38019
  },
  {
    "seed": 38168
  },
  {
    "seed": 38883
  },
  {
    "seed": 39376
  },
  {
    "seed": 40426
  },
  {
    "seed": 42343
  },
  {
    "seed": 42862
  },
  {
    "seed": 43183
  },
  {
    "seed": 43321
  },
  {
    "seed": 44044
  },
  {
    "seed": 44337
  },
  {
    "seed": 45219
  },
  {
    "seed": 45324
  },
  {
    "seed": 45483
  },
  {
    "seed": 45725
  },
  {
    "seed": 45889
  },
  {
    "seed": 47317
  },
  {
    "seed": 47621
  },
  {
    "seed": 49825
  },
  {
    "seed": 50038
  },
  {
    "seed": 51076
  },
  {
    "seed": 51865
  },
  {
    "seed": 52874
  },
  {
    "seed": 53374
  },
  {
    "seed": 53448
  },
  {
    "seed": 53985
  },
  {
    "seed": 54031
  },
  {
    "seed": 54277
  },
  {
    "seed": 54395
  },
  {
    "seed": 54768
  },
  {
    "seed": 55382
  },
  {
    "seed": 55397
  },
  {
    "seed": 55438
  },
  {
    "seed": 56019
  },
  {
    "seed": 56075
  },
  {
    "seed": 56078
  },
  {
    "seed": 57407
  },
  {
    "seed": 57677
  },
  {
    "seed": 58841
  },
  {
    "seed": 59556
  },
  {
    "seed": 60769
  },
  {
    "seed": 61064
  },
  {
    "seed": 61387
  },
  {
    "seed": 62277
  },
  {
    "seed": 63421
  },
  {
    "seed": 64436
  },
  {
    "seed": 64622
  },
  {
    "seed": 64759
  },
  {
    "seed": 65862
  },
  {
    "seed": 66445
  },
  {
    "seed": 69082
  },
  {
    "seed": 71775
  },
  {
    "seed": 72144
  },
  {
    "seed": 72160
  },
  {
    "seed": 73456
  },
  {
    "seed": 73646
  },
  {
    "seed": 74560
  },
  {
    "seed": 74574
  },
  {
    "seed": 75255
  },
  {
    "seed": 76271
  },
  {
    "seed": 76537
  },
  {
    "seed": 76694
  },
  {
    "seed": 76789
  },
  {
    "seed": 77149
  },
  {
    "seed": 77326
  },
  {
    "seed": 79736
  },
  {
    "seed": 79940
  },
  {
    "seed": 80275
  },
  {
    "seed": 80550
  },
  {
    "seed": 80587
  },
  {
    "seed": 80706
  },
  {
    "seed": 81758
  },
  {
    "seed": 81934
  },
  {
    "seed": 82411
  },
  {
    "seed": 82487
  },
  {
    "seed": 82663
  },
  {
    "seed": 83620
  },
  {
    "seed": 84198
  },
  {
    "seed": 84657
  },
  {
    "seed": 85124
  },
  {
    "seed": 85565
  },
  {
    "seed": 86628
  },
  {
    "seed": 87225
  },
  {
    "seed": 88994
  },
  {
    "seed": 89570
  },
  {
    "seed": 89652
  },
  {
    "seed": 91261
  },
  {
    "seed": 92056
  },
  {
    "seed": 92716
  },
  {
    "seed": 93689
  },
  {
    "seed": 94141
  },
  {
    "seed": 94151
  },
  {
    "seed": 94277
  },
  {
    "seed": 95295
  },
  {
    "seed": 95340
  },
  {
    "seed": 95463
  },
  {
    "seed": 96617
  },
  {
    "seed": 96661
  },
  {
    "seed": 97515
  },
  {
    "seed": 97878
  },
  {
    "seed": 98735
  },
  {
    "seed": 99707
  }
]